nohup: ignoring input
[[1;34mINFO[m] Scanning for projects...
[[1;34mINFO[m] 
[[1;34mINFO[m] [1m-----------------------< [0;36mcom.example:Rent_room[0;1m >------------------------[m
[[1;34mINFO[m] [1mBuilding Rent_room 0.0.1-SNAPSHOT[m
[[1;34mINFO[m] [1m--------------------------------[ jar ]---------------------------------[m
[[1;34mINFO[m] 
[[1;34mINFO[m] [1m>>> [0;32mspring-boot-maven-plugin:3.5.6:run[m [1m(default-cli)[0;1m > [0;1mtest-compile[m @ [36mRent_room[0;1m >>>[m
[[1;34mINFO[m] 
[[1;34mINFO[m] [1m--- [0;32mmaven-resources-plugin:3.3.1:resources[m [1m(default-resources)[m @ [36mRent_room[0;1m ---[m
[[1;34mINFO[m] Copying 2 resources from src/main/resources to target/classes
[[1;34mINFO[m] Copying 23 resources from src/main/resources to target/classes
[[1;34mINFO[m] 
[[1;34mINFO[m] [1m--- [0;32mmaven-compiler-plugin:3.14.0:compile[m [1m(default-compile)[m @ [36mRent_room[0;1m ---[m
[[1;34mINFO[m] Recompiling the module because of [1mchanged source code[m.
[[1;34mINFO[m] Compiling 51 source files with javac [debug parameters release 17] to target/classes
[[1;34mINFO[m] 
[[1;34mINFO[m] [1m--- [0;32mmaven-resources-plugin:3.3.1:testResources[m [1m(default-testResources)[m @ [36mRent_room[0;1m ---[m
[[1;34mINFO[m] Copying 1 resource from src/test/resources to target/test-classes
[[1;34mINFO[m] 
[[1;34mINFO[m] [1m--- [0;32mmaven-compiler-plugin:3.14.0:testCompile[m [1m(default-testCompile)[m @ [36mRent_room[0;1m ---[m
[[1;34mINFO[m] Recompiling the module because of [1mchanged dependency[m.
[[1;34mINFO[m] Compiling 1 source file with javac [debug parameters release 17] to target/test-classes
[[1;34mINFO[m] 
[[1;34mINFO[m] [1m<<< [0;32mspring-boot-maven-plugin:3.5.6:run[m [1m(default-cli)[0;1m < [0;1mtest-compile[m @ [36mRent_room[0;1m <<<[m
[[1;34mINFO[m] 
[[1;34mINFO[m] 
[[1;34mINFO[m] [1m--- [0;32mspring-boot-maven-plugin:3.5.6:run[m [1m(default-cli)[m @ [36mRent_room[0;1m ---[m
[[1;34mINFO[m] Attaching agents: []

  .   ____          _            __ _ _
 /\\ / ___'_ __ _ _(_)_ __  __ _ \ \ \ \
( ( )\___ | '_ | '_| | '_ \/ _` | \ \ \ \
 \\/  ___)| |_)| | | | | || (_| |  ) ) ) )
  '  |____| .__|_| |_|_| |_\__, | / / / /
 =========|_|==============|___/=/_/_/_/

 :: Spring Boot ::                (v3.5.6)

2025-11-17T01:04:14.846+07:00  INFO 70288 --- [Rent_room] [           main] c.example.Rent_room.RentRoomApplication  : Starting RentRoomApplication using Java 17.0.16 with PID 70288 (/home/duy/Documents/Java/ProjectJava/Rent_room/target/classes started by duy in /home/duy/Documents/Java/ProjectJava/Rent_room)
2025-11-17T01:04:14.850+07:00  INFO 70288 --- [Rent_room] [           main] c.example.Rent_room.RentRoomApplication  : No active profile set, falling back to 1 default profile: "default"
2025-11-17T01:04:15.888+07:00  INFO 70288 --- [Rent_room] [           main] .s.d.r.c.RepositoryConfigurationDelegate : Bootstrapping Spring Data JPA repositories in DEFAULT mode.
2025-11-17T01:04:15.957+07:00  INFO 70288 --- [Rent_room] [           main] .s.d.r.c.RepositoryConfigurationDelegate : Finished Spring Data repository scanning in 59 ms. Found 7 JPA repository interfaces.
2025-11-17T01:04:16.771+07:00  INFO 70288 --- [Rent_room] [           main] o.s.b.w.embedded.tomcat.TomcatWebServer  : Tomcat initialized with port 8080 (http)
2025-11-17T01:04:16.783+07:00  INFO 70288 --- [Rent_room] [           main] o.apache.catalina.core.StandardService   : Starting service [Tomcat]
2025-11-17T01:04:16.784+07:00  INFO 70288 --- [Rent_room] [           main] o.apache.catalina.core.StandardEngine    : Starting Servlet engine: [Apache Tomcat/10.1.46]
2025-11-17T01:04:16.826+07:00  INFO 70288 --- [Rent_room] [           main] o.a.c.c.C.[Tomcat].[localhost].[/]       : Initializing Spring embedded WebApplicationContext
2025-11-17T01:04:16.827+07:00  INFO 70288 --- [Rent_room] [           main] w.s.c.ServletWebServerApplicationContext : Root WebApplicationContext: initialization completed in 1917 ms
2025-11-17T01:04:16.971+07:00  INFO 70288 --- [Rent_room] [           main] o.hibernate.jpa.internal.util.LogHelper  : HHH000204: Processing PersistenceUnitInfo [name: default]
2025-11-17T01:04:17.024+07:00  INFO 70288 --- [Rent_room] [           main] org.hibernate.Version                    : HHH000412: Hibernate ORM core version 6.6.29.Final
2025-11-17T01:04:17.060+07:00  INFO 70288 --- [Rent_room] [           main] o.h.c.internal.RegionFactoryInitiator    : HHH000026: Second-level cache disabled
2025-11-17T01:04:17.415+07:00  INFO 70288 --- [Rent_room] [           main] o.s.o.j.p.SpringPersistenceUnitInfo      : No LoadTimeWeaver setup: ignoring JPA class transformer
2025-11-17T01:04:17.450+07:00  INFO 70288 --- [Rent_room] [           main] com.zaxxer.hikari.HikariDataSource       : HikariPool-1 - Starting...
2025-11-17T01:04:17.664+07:00  INFO 70288 --- [Rent_room] [           main] com.zaxxer.hikari.pool.HikariPool        : HikariPool-1 - Added connection com.mysql.cj.jdbc.ConnectionImpl@13234ac9
2025-11-17T01:04:17.668+07:00  INFO 70288 --- [Rent_room] [           main] com.zaxxer.hikari.HikariDataSource       : HikariPool-1 - Start completed.
2025-11-17T01:04:17.737+07:00  WARN 70288 --- [Rent_room] [           main] org.hibernate.orm.deprecation            : HHH90000025: MySQLDialect does not need to be specified explicitly using 'hibernate.dialect' (remove the property setting and it will be selected by default)
2025-11-17T01:04:17.761+07:00  INFO 70288 --- [Rent_room] [           main] org.hibernate.orm.connections.pooling    : HHH10001005: Database info:
	Database JDBC URL [Connecting through datasource 'HikariDataSource (HikariPool-1)']
	Database driver: undefined/unknown
	Database version: 8.0.43
	Autocommit mode: undefined/unknown
	Isolation level: undefined/unknown
	Minimum pool size: undefined/unknown
	Maximum pool size: undefined/unknown
2025-11-17T01:04:18.917+07:00  INFO 70288 --- [Rent_room] [           main] o.h.e.t.j.p.i.JtaPlatformInitiator       : HHH000489: No JTA platform available (set 'hibernate.transaction.jta.platform' to enable JTA platform integration)
2025-11-17T01:04:19.018+07:00  INFO 70288 --- [Rent_room] [           main] j.LocalContainerEntityManagerFactoryBean : Initialized JPA EntityManagerFactory for persistence unit 'default'
2025-11-17T01:04:19.600+07:00  INFO 70288 --- [Rent_room] [           main] o.s.d.j.r.query.QueryEnhancerFactory     : Hibernate is in classpath; If applicable, HQL parser will be used.
2025-11-17T01:04:21.248+07:00  WARN 70288 --- [Rent_room] [           main] JpaBaseConfiguration$JpaWebConfiguration : spring.jpa.open-in-view is enabled by default. Therefore, database queries may be performed during view rendering. Explicitly configure spring.jpa.open-in-view to disable this warning
2025-11-17T01:04:21.469+07:00  INFO 70288 --- [Rent_room] [           main] o.s.b.a.w.s.WelcomePageHandlerMapping    : Adding welcome page: class path resource [static/index.html]
2025-11-17T01:04:23.877+07:00  INFO 70288 --- [Rent_room] [           main] o.s.b.w.embedded.tomcat.TomcatWebServer  : Tomcat started on port 8080 (http) with context path '/'
2025-11-17T01:04:23.888+07:00  INFO 70288 --- [Rent_room] [           main] c.example.Rent_room.RentRoomApplication  : Started RentRoomApplication in 9.632 seconds (process running for 10.051)
2025-11-17T01:04:24.490+07:00  INFO 70288 --- [Rent_room] [nio-8080-exec-1] o.a.c.c.C.[Tomcat].[localhost].[/]       : Initializing Spring DispatcherServlet 'dispatcherServlet'
2025-11-17T01:04:24.491+07:00  INFO 70288 --- [Rent_room] [nio-8080-exec-1] o.s.web.servlet.DispatcherServlet        : Initializing Servlet 'dispatcherServlet'
2025-11-17T01:04:24.495+07:00  INFO 70288 --- [Rent_room] [nio-8080-exec-1] o.s.web.servlet.DispatcherServlet        : Completed initialization in 3 ms
Hibernate: select u1_0.id,u1_0.avatar,u1_0.email,u1_0.fullname,u1_0.hash_password,u1_0.ngay_cap_nhat,u1_0.ngay_tao,u1_0.role,u1_0.so_dien_thoai from user u1_0 where u1_0.email=?
Hibernate: select bdct1_0.id,bdct1_0.dia_chi_day_du,bdct1_0.dien_tich_m2,bdct1_0.gia_thang,bdct1_0.kinh_do,bdct1_0.mo_ta,bdct1_0.ngay_cap_nhat,bdct1_0.ngay_co_the_vao_o,bdct1_0.ngay_dang,bdct1_0.id_nguoi_dang,bdct1_0.phuong_xa,bdct1_0.tieu_de,bdct1_0.tinh_thanhpho,bdct1_0.trang_thai,bdct1_0.vi_do from bai_dang_cho_thue bdct1_0 where (? is null or bdct1_0.tinh_thanhpho like ? escape '') and (? is null or bdct1_0.phuong_xa like ? escape '') and (? is null or bdct1_0.gia_thang>=?) and (? is null or bdct1_0.gia_thang<=?) and (? is null or bdct1_0.dien_tich_m2>=?) and (? is null or bdct1_0.dien_tich_m2<=?) and (? is null or bdct1_0.trang_thai=?) order by bdct1_0.ngay_dang desc
Hibernate: select count(bdct1_0.id) from bai_dang_cho_thue bdct1_0 where (? is null or bdct1_0.tinh_thanhpho like ? escape '') and (? is null or bdct1_0.phuong_xa like ? escape '') and (? is null or bdct1_0.gia_thang>=?) and (? is null or bdct1_0.gia_thang<=?) and (? is null or bdct1_0.dien_tich_m2>=?) and (? is null or bdct1_0.dien_tich_m2<=?) and (? is null or bdct1_0.trang_thai=?)
Hibernate: select u1_0.id,u1_0.avatar,u1_0.email,u1_0.fullname,u1_0.hash_password,u1_0.ngay_cap_nhat,u1_0.ngay_tao,u1_0.role,u1_0.so_dien_thoai from user u1_0 where u1_0.email=?
Hibernate: select bdct1_0.id,bdct1_0.dia_chi_day_du,bdct1_0.dien_tich_m2,bdct1_0.gia_thang,bdct1_0.kinh_do,bdct1_0.mo_ta,bdct1_0.ngay_cap_nhat,bdct1_0.ngay_co_the_vao_o,bdct1_0.ngay_dang,bdct1_0.id_nguoi_dang,bdct1_0.phuong_xa,bdct1_0.tieu_de,bdct1_0.tinh_thanhpho,bdct1_0.trang_thai,bdct1_0.vi_do from bai_dang_cho_thue bdct1_0 where (? is null or bdct1_0.tinh_thanhpho like ? escape '') and (? is null or bdct1_0.phuong_xa like ? escape '') and (? is null or bdct1_0.gia_thang>=?) and (? is null or bdct1_0.gia_thang<=?) and (? is null or bdct1_0.dien_tich_m2>=?) and (? is null or bdct1_0.dien_tich_m2<=?) and (? is null or bdct1_0.trang_thai=?) order by bdct1_0.ngay_dang desc
Hibernate: select count(bdct1_0.id) from bai_dang_cho_thue bdct1_0 where (? is null or bdct1_0.tinh_thanhpho like ? escape '') and (? is null or bdct1_0.phuong_xa like ? escape '') and (? is null or bdct1_0.gia_thang>=?) and (? is null or bdct1_0.gia_thang<=?) and (? is null or bdct1_0.dien_tich_m2>=?) and (? is null or bdct1_0.dien_tich_m2<=?) and (? is null or bdct1_0.trang_thai=?)
Hibernate: select u1_0.id,u1_0.avatar,u1_0.email,u1_0.fullname,u1_0.hash_password,u1_0.ngay_cap_nhat,u1_0.ngay_tao,u1_0.role,u1_0.so_dien_thoai from user u1_0 where u1_0.email=?
Hibernate: select bdct1_0.id,bdct1_0.dia_chi_day_du,bdct1_0.dien_tich_m2,bdct1_0.gia_thang,bdct1_0.kinh_do,bdct1_0.mo_ta,bdct1_0.ngay_cap_nhat,bdct1_0.ngay_co_the_vao_o,bdct1_0.ngay_dang,bdct1_0.id_nguoi_dang,bdct1_0.phuong_xa,bdct1_0.tieu_de,bdct1_0.tinh_thanhpho,bdct1_0.trang_thai,bdct1_0.vi_do from bai_dang_cho_thue bdct1_0 where (? is null or bdct1_0.tinh_thanhpho like ? escape '') and (? is null or bdct1_0.phuong_xa like ? escape '') and (? is null or bdct1_0.gia_thang>=?) and (? is null or bdct1_0.gia_thang<=?) and (? is null or bdct1_0.dien_tich_m2>=?) and (? is null or bdct1_0.dien_tich_m2<=?) and (? is null or bdct1_0.trang_thai=?) order by bdct1_0.ngay_dang desc
Hibernate: select count(bdct1_0.id) from bai_dang_cho_thue bdct1_0 where (? is null or bdct1_0.tinh_thanhpho like ? escape '') and (? is null or bdct1_0.phuong_xa like ? escape '') and (? is null or bdct1_0.gia_thang>=?) and (? is null or bdct1_0.gia_thang<=?) and (? is null or bdct1_0.dien_tich_m2>=?) and (? is null or bdct1_0.dien_tich_m2<=?) and (? is null or bdct1_0.trang_thai=?)
Hibernate: select u1_0.id,u1_0.avatar,u1_0.email,u1_0.fullname,u1_0.hash_password,u1_0.ngay_cap_nhat,u1_0.ngay_tao,u1_0.role,u1_0.so_dien_thoai from user u1_0 where u1_0.email=?
Hibernate: select bdct1_0.id,bdct1_0.dia_chi_day_du,bdct1_0.dien_tich_m2,bdct1_0.gia_thang,bdct1_0.kinh_do,bdct1_0.mo_ta,bdct1_0.ngay_cap_nhat,bdct1_0.ngay_co_the_vao_o,bdct1_0.ngay_dang,bdct1_0.id_nguoi_dang,bdct1_0.phuong_xa,bdct1_0.tieu_de,bdct1_0.tinh_thanhpho,bdct1_0.trang_thai,bdct1_0.vi_do from bai_dang_cho_thue bdct1_0 where (? is null or bdct1_0.tinh_thanhpho like ? escape '') and (? is null or bdct1_0.phuong_xa like ? escape '') and (? is null or bdct1_0.gia_thang>=?) and (? is null or bdct1_0.gia_thang<=?) and (? is null or bdct1_0.dien_tich_m2>=?) and (? is null or bdct1_0.dien_tich_m2<=?) and (? is null or bdct1_0.trang_thai=?) order by bdct1_0.ngay_dang desc
Hibernate: select count(bdct1_0.id) from bai_dang_cho_thue bdct1_0 where (? is null or bdct1_0.tinh_thanhpho like ? escape '') and (? is null or bdct1_0.phuong_xa like ? escape '') and (? is null or bdct1_0.gia_thang>=?) and (? is null or bdct1_0.gia_thang<=?) and (? is null or bdct1_0.dien_tich_m2>=?) and (? is null or bdct1_0.dien_tich_m2<=?) and (? is null or bdct1_0.trang_thai=?)
Hibernate: select u1_0.id,u1_0.avatar,u1_0.email,u1_0.fullname,u1_0.hash_password,u1_0.ngay_cap_nhat,u1_0.ngay_tao,u1_0.role,u1_0.so_dien_thoai from user u1_0 where u1_0.email=?
Hibernate: select bdct1_0.id,bdct1_0.dia_chi_day_du,bdct1_0.dien_tich_m2,bdct1_0.gia_thang,bdct1_0.kinh_do,bdct1_0.mo_ta,bdct1_0.ngay_cap_nhat,bdct1_0.ngay_co_the_vao_o,bdct1_0.ngay_dang,bdct1_0.id_nguoi_dang,bdct1_0.phuong_xa,bdct1_0.tieu_de,bdct1_0.tinh_thanhpho,bdct1_0.trang_thai,bdct1_0.vi_do from bai_dang_cho_thue bdct1_0 where (? is null or bdct1_0.tinh_thanhpho like ? escape '') and (? is null or bdct1_0.phuong_xa like ? escape '') and (? is null or bdct1_0.gia_thang>=?) and (? is null or bdct1_0.gia_thang<=?) and (? is null or bdct1_0.dien_tich_m2>=?) and (? is null or bdct1_0.dien_tich_m2<=?) and (? is null or bdct1_0.trang_thai=?) order by bdct1_0.ngay_dang desc
Hibernate: select count(bdct1_0.id) from bai_dang_cho_thue bdct1_0 where (? is null or bdct1_0.tinh_thanhpho like ? escape '') and (? is null or bdct1_0.phuong_xa like ? escape '') and (? is null or bdct1_0.gia_thang>=?) and (? is null or bdct1_0.gia_thang<=?) and (? is null or bdct1_0.dien_tich_m2>=?) and (? is null or bdct1_0.dien_tich_m2<=?) and (? is null or bdct1_0.trang_thai=?)
Hibernate: select u1_0.id,u1_0.avatar,u1_0.email,u1_0.fullname,u1_0.hash_password,u1_0.ngay_cap_nhat,u1_0.ngay_tao,u1_0.role,u1_0.so_dien_thoai from user u1_0 where u1_0.email=?
Hibernate: select bdct1_0.id,bdct1_0.dia_chi_day_du,bdct1_0.dien_tich_m2,bdct1_0.gia_thang,bdct1_0.kinh_do,bdct1_0.mo_ta,bdct1_0.ngay_cap_nhat,bdct1_0.ngay_co_the_vao_o,bdct1_0.ngay_dang,bdct1_0.id_nguoi_dang,bdct1_0.phuong_xa,bdct1_0.tieu_de,bdct1_0.tinh_thanhpho,bdct1_0.trang_thai,bdct1_0.vi_do from bai_dang_cho_thue bdct1_0 where (? is null or bdct1_0.tinh_thanhpho like ? escape '') and (? is null or bdct1_0.phuong_xa like ? escape '') and (? is null or bdct1_0.gia_thang>=?) and (? is null or bdct1_0.gia_thang<=?) and (? is null or bdct1_0.dien_tich_m2>=?) and (? is null or bdct1_0.dien_tich_m2<=?) and (? is null or bdct1_0.trang_thai=?) order by bdct1_0.ngay_dang desc
Hibernate: select count(bdct1_0.id) from bai_dang_cho_thue bdct1_0 where (? is null or bdct1_0.tinh_thanhpho like ? escape '') and (? is null or bdct1_0.phuong_xa like ? escape '') and (? is null or bdct1_0.gia_thang>=?) and (? is null or bdct1_0.gia_thang<=?) and (? is null or bdct1_0.dien_tich_m2>=?) and (? is null or bdct1_0.dien_tich_m2<=?) and (? is null or bdct1_0.trang_thai=?)
Hibernate: select u1_0.id,u1_0.avatar,u1_0.email,u1_0.fullname,u1_0.hash_password,u1_0.ngay_cap_nhat,u1_0.ngay_tao,u1_0.role,u1_0.so_dien_thoai from user u1_0 where u1_0.email=?
Hibernate: select bdct1_0.id,bdct1_0.dia_chi_day_du,bdct1_0.dien_tich_m2,bdct1_0.gia_thang,bdct1_0.kinh_do,bdct1_0.mo_ta,bdct1_0.ngay_cap_nhat,bdct1_0.ngay_co_the_vao_o,bdct1_0.ngay_dang,bdct1_0.id_nguoi_dang,bdct1_0.phuong_xa,bdct1_0.tieu_de,bdct1_0.tinh_thanhpho,bdct1_0.trang_thai,bdct1_0.vi_do from bai_dang_cho_thue bdct1_0 where (? is null or bdct1_0.tinh_thanhpho like ? escape '') and (? is null or bdct1_0.phuong_xa like ? escape '') and (? is null or bdct1_0.gia_thang>=?) and (? is null or bdct1_0.gia_thang<=?) and (? is null or bdct1_0.dien_tich_m2>=?) and (? is null or bdct1_0.dien_tich_m2<=?) and (? is null or bdct1_0.trang_thai=?) order by bdct1_0.ngay_dang desc
Hibernate: select count(bdct1_0.id) from bai_dang_cho_thue bdct1_0 where (? is null or bdct1_0.tinh_thanhpho like ? escape '') and (? is null or bdct1_0.phuong_xa like ? escape '') and (? is null or bdct1_0.gia_thang>=?) and (? is null or bdct1_0.gia_thang<=?) and (? is null or bdct1_0.dien_tich_m2>=?) and (? is null or bdct1_0.dien_tich_m2<=?) and (? is null or bdct1_0.trang_thai=?)
Hibernate: select u1_0.id,u1_0.avatar,u1_0.email,u1_0.fullname,u1_0.hash_password,u1_0.ngay_cap_nhat,u1_0.ngay_tao,u1_0.role,u1_0.so_dien_thoai from user u1_0 where u1_0.email=?
Hibernate: select bdct1_0.id,bdct1_0.dia_chi_day_du,bdct1_0.dien_tich_m2,bdct1_0.gia_thang,bdct1_0.kinh_do,bdct1_0.mo_ta,bdct1_0.ngay_cap_nhat,bdct1_0.ngay_co_the_vao_o,bdct1_0.ngay_dang,bdct1_0.id_nguoi_dang,bdct1_0.phuong_xa,bdct1_0.tieu_de,bdct1_0.tinh_thanhpho,bdct1_0.trang_thai,bdct1_0.vi_do from bai_dang_cho_thue bdct1_0 where (? is null or bdct1_0.tinh_thanhpho like ? escape '') and (? is null or bdct1_0.phuong_xa like ? escape '') and (? is null or bdct1_0.gia_thang>=?) and (? is null or bdct1_0.gia_thang<=?) and (? is null or bdct1_0.dien_tich_m2>=?) and (? is null or bdct1_0.dien_tich_m2<=?) and (? is null or bdct1_0.trang_thai=?) order by bdct1_0.ngay_dang desc
Hibernate: select count(bdct1_0.id) from bai_dang_cho_thue bdct1_0 where (? is null or bdct1_0.tinh_thanhpho like ? escape '') and (? is null or bdct1_0.phuong_xa like ? escape '') and (? is null or bdct1_0.gia_thang>=?) and (? is null or bdct1_0.gia_thang<=?) and (? is null or bdct1_0.dien_tich_m2>=?) and (? is null or bdct1_0.dien_tich_m2<=?) and (? is null or bdct1_0.trang_thai=?)
Hibernate: select u1_0.id,u1_0.avatar,u1_0.email,u1_0.fullname,u1_0.hash_password,u1_0.ngay_cap_nhat,u1_0.ngay_tao,u1_0.role,u1_0.so_dien_thoai from user u1_0 where u1_0.email=?
Hibernate: select bdct1_0.id,bdct1_0.dia_chi_day_du,bdct1_0.dien_tich_m2,bdct1_0.gia_thang,bdct1_0.kinh_do,bdct1_0.mo_ta,bdct1_0.ngay_cap_nhat,bdct1_0.ngay_co_the_vao_o,bdct1_0.ngay_dang,bdct1_0.id_nguoi_dang,bdct1_0.phuong_xa,bdct1_0.tieu_de,bdct1_0.tinh_thanhpho,bdct1_0.trang_thai,bdct1_0.vi_do from bai_dang_cho_thue bdct1_0 where (? is null or bdct1_0.tinh_thanhpho like ? escape '') and (? is null or bdct1_0.phuong_xa like ? escape '') and (? is null or bdct1_0.gia_thang>=?) and (? is null or bdct1_0.gia_thang<=?) and (? is null or bdct1_0.dien_tich_m2>=?) and (? is null or bdct1_0.dien_tich_m2<=?) and (? is null or bdct1_0.trang_thai=?) order by bdct1_0.ngay_dang desc
Hibernate: select count(bdct1_0.id) from bai_dang_cho_thue bdct1_0 where (? is null or bdct1_0.tinh_thanhpho like ? escape '') and (? is null or bdct1_0.phuong_xa like ? escape '') and (? is null or bdct1_0.gia_thang>=?) and (? is null or bdct1_0.gia_thang<=?) and (? is null or bdct1_0.dien_tich_m2>=?) and (? is null or bdct1_0.dien_tich_m2<=?) and (? is null or bdct1_0.trang_thai=?)
Hibernate: select u1_0.id,u1_0.avatar,u1_0.email,u1_0.fullname,u1_0.hash_password,u1_0.ngay_cap_nhat,u1_0.ngay_tao,u1_0.role,u1_0.so_dien_thoai from user u1_0 where u1_0.email=?
Hibernate: select bdct1_0.id,bdct1_0.dia_chi_day_du,bdct1_0.dien_tich_m2,bdct1_0.gia_thang,bdct1_0.kinh_do,bdct1_0.mo_ta,bdct1_0.ngay_cap_nhat,bdct1_0.ngay_co_the_vao_o,bdct1_0.ngay_dang,bdct1_0.id_nguoi_dang,bdct1_0.phuong_xa,bdct1_0.tieu_de,bdct1_0.tinh_thanhpho,bdct1_0.trang_thai,bdct1_0.vi_do from bai_dang_cho_thue bdct1_0 where (? is null or bdct1_0.tinh_thanhpho like ? escape '') and (? is null or bdct1_0.phuong_xa like ? escape '') and (? is null or bdct1_0.gia_thang>=?) and (? is null or bdct1_0.gia_thang<=?) and (? is null or bdct1_0.dien_tich_m2>=?) and (? is null or bdct1_0.dien_tich_m2<=?) and (? is null or bdct1_0.trang_thai=?) order by bdct1_0.ngay_dang desc
Hibernate: select count(bdct1_0.id) from bai_dang_cho_thue bdct1_0 where (? is null or bdct1_0.tinh_thanhpho like ? escape '') and (? is null or bdct1_0.phuong_xa like ? escape '') and (? is null or bdct1_0.gia_thang>=?) and (? is null or bdct1_0.gia_thang<=?) and (? is null or bdct1_0.dien_tich_m2>=?) and (? is null or bdct1_0.dien_tich_m2<=?) and (? is null or bdct1_0.trang_thai=?)
Hibernate: select u1_0.id,u1_0.avatar,u1_0.email,u1_0.fullname,u1_0.hash_password,u1_0.ngay_cap_nhat,u1_0.ngay_tao,u1_0.role,u1_0.so_dien_thoai from user u1_0 where u1_0.email=?
Hibernate: select bdct1_0.id,bdct1_0.dia_chi_day_du,bdct1_0.dien_tich_m2,bdct1_0.gia_thang,bdct1_0.kinh_do,bdct1_0.mo_ta,bdct1_0.ngay_cap_nhat,bdct1_0.ngay_co_the_vao_o,bdct1_0.ngay_dang,bdct1_0.id_nguoi_dang,bdct1_0.phuong_xa,bdct1_0.tieu_de,bdct1_0.tinh_thanhpho,bdct1_0.trang_thai,bdct1_0.vi_do from bai_dang_cho_thue bdct1_0 where (? is null or bdct1_0.tinh_thanhpho like ? escape '') and (? is null or bdct1_0.phuong_xa like ? escape '') and (? is null or bdct1_0.gia_thang>=?) and (? is null or bdct1_0.gia_thang<=?) and (? is null or bdct1_0.dien_tich_m2>=?) and (? is null or bdct1_0.dien_tich_m2<=?) and (? is null or bdct1_0.trang_thai=?) order by bdct1_0.ngay_dang desc
Hibernate: select count(bdct1_0.id) from bai_dang_cho_thue bdct1_0 where (? is null or bdct1_0.tinh_thanhpho like ? escape '') and (? is null or bdct1_0.phuong_xa like ? escape '') and (? is null or bdct1_0.gia_thang>=?) and (? is null or bdct1_0.gia_thang<=?) and (? is null or bdct1_0.dien_tich_m2>=?) and (? is null or bdct1_0.dien_tich_m2<=?) and (? is null or bdct1_0.trang_thai=?)
Hibernate: select u1_0.id,u1_0.avatar,u1_0.email,u1_0.fullname,u1_0.hash_password,u1_0.ngay_cap_nhat,u1_0.ngay_tao,u1_0.role,u1_0.so_dien_thoai from user u1_0 where u1_0.email=?
Hibernate: select bdct1_0.id,bdct1_0.dia_chi_day_du,bdct1_0.dien_tich_m2,bdct1_0.gia_thang,bdct1_0.kinh_do,bdct1_0.mo_ta,bdct1_0.ngay_cap_nhat,bdct1_0.ngay_co_the_vao_o,bdct1_0.ngay_dang,bdct1_0.id_nguoi_dang,bdct1_0.phuong_xa,bdct1_0.tieu_de,bdct1_0.tinh_thanhpho,bdct1_0.trang_thai,bdct1_0.vi_do from bai_dang_cho_thue bdct1_0 where (? is null or bdct1_0.tinh_thanhpho like ? escape '') and (? is null or bdct1_0.phuong_xa like ? escape '') and (? is null or bdct1_0.gia_thang>=?) and (? is null or bdct1_0.gia_thang<=?) and (? is null or bdct1_0.dien_tich_m2>=?) and (? is null or bdct1_0.dien_tich_m2<=?) and (? is null or bdct1_0.trang_thai=?) order by bdct1_0.ngay_dang desc
Hibernate: select count(bdct1_0.id) from bai_dang_cho_thue bdct1_0 where (? is null or bdct1_0.tinh_thanhpho like ? escape '') and (? is null or bdct1_0.phuong_xa like ? escape '') and (? is null or bdct1_0.gia_thang>=?) and (? is null or bdct1_0.gia_thang<=?) and (? is null or bdct1_0.dien_tich_m2>=?) and (? is null or bdct1_0.dien_tich_m2<=?) and (? is null or bdct1_0.trang_thai=?)
Hibernate: select u1_0.id,u1_0.avatar,u1_0.email,u1_0.fullname,u1_0.hash_password,u1_0.ngay_cap_nhat,u1_0.ngay_tao,u1_0.role,u1_0.so_dien_thoai from user u1_0 where u1_0.email=?
Hibernate: select bdct1_0.id,bdct1_0.dia_chi_day_du,bdct1_0.dien_tich_m2,bdct1_0.gia_thang,bdct1_0.kinh_do,bdct1_0.mo_ta,bdct1_0.ngay_cap_nhat,bdct1_0.ngay_co_the_vao_o,bdct1_0.ngay_dang,bdct1_0.id_nguoi_dang,bdct1_0.phuong_xa,bdct1_0.tieu_de,bdct1_0.tinh_thanhpho,bdct1_0.trang_thai,bdct1_0.vi_do from bai_dang_cho_thue bdct1_0 where (? is null or bdct1_0.tinh_thanhpho like ? escape '') and (? is null or bdct1_0.phuong_xa like ? escape '') and (? is null or bdct1_0.gia_thang>=?) and (? is null or bdct1_0.gia_thang<=?) and (? is null or bdct1_0.dien_tich_m2>=?) and (? is null or bdct1_0.dien_tich_m2<=?) and (? is null or bdct1_0.trang_thai=?) order by bdct1_0.ngay_dang desc
Hibernate: select count(bdct1_0.id) from bai_dang_cho_thue bdct1_0 where (? is null or bdct1_0.tinh_thanhpho like ? escape '') and (? is null or bdct1_0.phuong_xa like ? escape '') and (? is null or bdct1_0.gia_thang>=?) and (? is null or bdct1_0.gia_thang<=?) and (? is null or bdct1_0.dien_tich_m2>=?) and (? is null or bdct1_0.dien_tich_m2<=?) and (? is null or bdct1_0.trang_thai=?)
Hibernate: select u1_0.id,u1_0.avatar,u1_0.email,u1_0.fullname,u1_0.hash_password,u1_0.ngay_cap_nhat,u1_0.ngay_tao,u1_0.role,u1_0.so_dien_thoai from user u1_0 where u1_0.email=?
Hibernate: select bdct1_0.id,bdct1_0.dia_chi_day_du,bdct1_0.dien_tich_m2,bdct1_0.gia_thang,bdct1_0.kinh_do,bdct1_0.mo_ta,bdct1_0.ngay_cap_nhat,bdct1_0.ngay_co_the_vao_o,bdct1_0.ngay_dang,bdct1_0.id_nguoi_dang,bdct1_0.phuong_xa,bdct1_0.tieu_de,bdct1_0.tinh_thanhpho,bdct1_0.trang_thai,bdct1_0.vi_do from bai_dang_cho_thue bdct1_0 where (? is null or bdct1_0.tinh_thanhpho like ? escape '') and (? is null or bdct1_0.phuong_xa like ? escape '') and (? is null or bdct1_0.gia_thang>=?) and (? is null or bdct1_0.gia_thang<=?) and (? is null or bdct1_0.dien_tich_m2>=?) and (? is null or bdct1_0.dien_tich_m2<=?) and (? is null or bdct1_0.trang_thai=?) order by bdct1_0.ngay_dang desc
Hibernate: select count(bdct1_0.id) from bai_dang_cho_thue bdct1_0 where (? is null or bdct1_0.tinh_thanhpho like ? escape '') and (? is null or bdct1_0.phuong_xa like ? escape '') and (? is null or bdct1_0.gia_thang>=?) and (? is null or bdct1_0.gia_thang<=?) and (? is null or bdct1_0.dien_tich_m2>=?) and (? is null or bdct1_0.dien_tich_m2<=?) and (? is null or bdct1_0.trang_thai=?)
Hibernate: select u1_0.id,u1_0.avatar,u1_0.email,u1_0.fullname,u1_0.hash_password,u1_0.ngay_cap_nhat,u1_0.ngay_tao,u1_0.role,u1_0.so_dien_thoai from user u1_0 where u1_0.email=?
Hibernate: select bdct1_0.id,bdct1_0.dia_chi_day_du,bdct1_0.dien_tich_m2,bdct1_0.gia_thang,bdct1_0.kinh_do,bdct1_0.mo_ta,bdct1_0.ngay_cap_nhat,bdct1_0.ngay_co_the_vao_o,bdct1_0.ngay_dang,bdct1_0.id_nguoi_dang,bdct1_0.phuong_xa,bdct1_0.tieu_de,bdct1_0.tinh_thanhpho,bdct1_0.trang_thai,bdct1_0.vi_do from bai_dang_cho_thue bdct1_0 where (? is null or bdct1_0.tinh_thanhpho like ? escape '') and (? is null or bdct1_0.phuong_xa like ? escape '') and (? is null or bdct1_0.gia_thang>=?) and (? is null or bdct1_0.gia_thang<=?) and (? is null or bdct1_0.dien_tich_m2>=?) and (? is null or bdct1_0.dien_tich_m2<=?) and (? is null or bdct1_0.trang_thai=?) order by bdct1_0.ngay_dang desc
Hibernate: select count(bdct1_0.id) from bai_dang_cho_thue bdct1_0 where (? is null or bdct1_0.tinh_thanhpho like ? escape '') and (? is null or bdct1_0.phuong_xa like ? escape '') and (? is null or bdct1_0.gia_thang>=?) and (? is null or bdct1_0.gia_thang<=?) and (? is null or bdct1_0.dien_tich_m2>=?) and (? is null or bdct1_0.dien_tich_m2<=?) and (? is null or bdct1_0.trang_thai=?)
Hibernate: select u1_0.id,u1_0.avatar,u1_0.email,u1_0.fullname,u1_0.hash_password,u1_0.ngay_cap_nhat,u1_0.ngay_tao,u1_0.role,u1_0.so_dien_thoai from user u1_0 where u1_0.email=?
Hibernate: select bdct1_0.id,bdct1_0.dia_chi_day_du,bdct1_0.dien_tich_m2,bdct1_0.gia_thang,bdct1_0.kinh_do,bdct1_0.mo_ta,bdct1_0.ngay_cap_nhat,bdct1_0.ngay_co_the_vao_o,bdct1_0.ngay_dang,bdct1_0.id_nguoi_dang,bdct1_0.phuong_xa,bdct1_0.tieu_de,bdct1_0.tinh_thanhpho,bdct1_0.trang_thai,bdct1_0.vi_do from bai_dang_cho_thue bdct1_0 where (? is null or bdct1_0.tinh_thanhpho like ? escape '') and (? is null or bdct1_0.phuong_xa like ? escape '') and (? is null or bdct1_0.gia_thang>=?) and (? is null or bdct1_0.gia_thang<=?) and (? is null or bdct1_0.dien_tich_m2>=?) and (? is null or bdct1_0.dien_tich_m2<=?) and (? is null or bdct1_0.trang_thai=?) order by bdct1_0.ngay_dang desc
Hibernate: select count(bdct1_0.id) from bai_dang_cho_thue bdct1_0 where (? is null or bdct1_0.tinh_thanhpho like ? escape '') and (? is null or bdct1_0.phuong_xa like ? escape '') and (? is null or bdct1_0.gia_thang>=?) and (? is null or bdct1_0.gia_thang<=?) and (? is null or bdct1_0.dien_tich_m2>=?) and (? is null or bdct1_0.dien_tich_m2<=?) and (? is null or bdct1_0.trang_thai=?)
Hibernate: select u1_0.id,u1_0.avatar,u1_0.email,u1_0.fullname,u1_0.hash_password,u1_0.ngay_cap_nhat,u1_0.ngay_tao,u1_0.role,u1_0.so_dien_thoai from user u1_0 where u1_0.email=?
Hibernate: select bdct1_0.id,bdct1_0.dia_chi_day_du,bdct1_0.dien_tich_m2,bdct1_0.gia_thang,bdct1_0.kinh_do,bdct1_0.mo_ta,bdct1_0.ngay_cap_nhat,bdct1_0.ngay_co_the_vao_o,bdct1_0.ngay_dang,bdct1_0.id_nguoi_dang,bdct1_0.phuong_xa,bdct1_0.tieu_de,bdct1_0.tinh_thanhpho,bdct1_0.trang_thai,bdct1_0.vi_do from bai_dang_cho_thue bdct1_0 where (? is null or bdct1_0.tinh_thanhpho like ? escape '') and (? is null or bdct1_0.phuong_xa like ? escape '') and (? is null or bdct1_0.gia_thang>=?) and (? is null or bdct1_0.gia_thang<=?) and (? is null or bdct1_0.dien_tich_m2>=?) and (? is null or bdct1_0.dien_tich_m2<=?) and (? is null or bdct1_0.trang_thai=?) order by bdct1_0.ngay_dang desc
Hibernate: select count(bdct1_0.id) from bai_dang_cho_thue bdct1_0 where (? is null or bdct1_0.tinh_thanhpho like ? escape '') and (? is null or bdct1_0.phuong_xa like ? escape '') and (? is null or bdct1_0.gia_thang>=?) and (? is null or bdct1_0.gia_thang<=?) and (? is null or bdct1_0.dien_tich_m2>=?) and (? is null or bdct1_0.dien_tich_m2<=?) and (? is null or bdct1_0.trang_thai=?)
Hibernate: select u1_0.id,u1_0.avatar,u1_0.email,u1_0.fullname,u1_0.hash_password,u1_0.ngay_cap_nhat,u1_0.ngay_tao,u1_0.role,u1_0.so_dien_thoai from user u1_0 where u1_0.email=?
Hibernate: select bdct1_0.id,bdct1_0.dia_chi_day_du,bdct1_0.dien_tich_m2,bdct1_0.gia_thang,bdct1_0.kinh_do,bdct1_0.mo_ta,bdct1_0.ngay_cap_nhat,bdct1_0.ngay_co_the_vao_o,bdct1_0.ngay_dang,bdct1_0.id_nguoi_dang,bdct1_0.phuong_xa,bdct1_0.tieu_de,bdct1_0.tinh_thanhpho,bdct1_0.trang_thai,bdct1_0.vi_do from bai_dang_cho_thue bdct1_0 where (? is null or bdct1_0.tinh_thanhpho like ? escape '') and (? is null or bdct1_0.phuong_xa like ? escape '') and (? is null or bdct1_0.gia_thang>=?) and (? is null or bdct1_0.gia_thang<=?) and (? is null or bdct1_0.dien_tich_m2>=?) and (? is null or bdct1_0.dien_tich_m2<=?) and (? is null or bdct1_0.trang_thai=?) order by bdct1_0.ngay_dang desc
Hibernate: select count(bdct1_0.id) from bai_dang_cho_thue bdct1_0 where (? is null or bdct1_0.tinh_thanhpho like ? escape '') and (? is null or bdct1_0.phuong_xa like ? escape '') and (? is null or bdct1_0.gia_thang>=?) and (? is null or bdct1_0.gia_thang<=?) and (? is null or bdct1_0.dien_tich_m2>=?) and (? is null or bdct1_0.dien_tich_m2<=?) and (? is null or bdct1_0.trang_thai=?)
Hibernate: select u1_0.id,u1_0.avatar,u1_0.email,u1_0.fullname,u1_0.hash_password,u1_0.ngay_cap_nhat,u1_0.ngay_tao,u1_0.role,u1_0.so_dien_thoai from user u1_0 where u1_0.email=?
Hibernate: select bdct1_0.id,bdct1_0.dia_chi_day_du,bdct1_0.dien_tich_m2,bdct1_0.gia_thang,bdct1_0.kinh_do,bdct1_0.mo_ta,bdct1_0.ngay_cap_nhat,bdct1_0.ngay_co_the_vao_o,bdct1_0.ngay_dang,bdct1_0.id_nguoi_dang,bdct1_0.phuong_xa,bdct1_0.tieu_de,bdct1_0.tinh_thanhpho,bdct1_0.trang_thai,bdct1_0.vi_do from bai_dang_cho_thue bdct1_0 where (? is null or bdct1_0.tinh_thanhpho like ? escape '') and (? is null or bdct1_0.phuong_xa like ? escape '') and (? is null or bdct1_0.gia_thang>=?) and (? is null or bdct1_0.gia_thang<=?) and (? is null or bdct1_0.dien_tich_m2>=?) and (? is null or bdct1_0.dien_tich_m2<=?) and (? is null or bdct1_0.trang_thai=?) order by bdct1_0.ngay_dang desc
Hibernate: select count(bdct1_0.id) from bai_dang_cho_thue bdct1_0 where (? is null or bdct1_0.tinh_thanhpho like ? escape '') and (? is null or bdct1_0.phuong_xa like ? escape '') and (? is null or bdct1_0.gia_thang>=?) and (? is null or bdct1_0.gia_thang<=?) and (? is null or bdct1_0.dien_tich_m2>=?) and (? is null or bdct1_0.dien_tich_m2<=?) and (? is null or bdct1_0.trang_thai=?)
Hibernate: select u1_0.id,u1_0.avatar,u1_0.email,u1_0.fullname,u1_0.hash_password,u1_0.ngay_cap_nhat,u1_0.ngay_tao,u1_0.role,u1_0.so_dien_thoai from user u1_0 where u1_0.email=?
Hibernate: select bdct1_0.id,bdct1_0.dia_chi_day_du,bdct1_0.dien_tich_m2,bdct1_0.gia_thang,bdct1_0.kinh_do,bdct1_0.mo_ta,bdct1_0.ngay_cap_nhat,bdct1_0.ngay_co_the_vao_o,bdct1_0.ngay_dang,bdct1_0.id_nguoi_dang,bdct1_0.phuong_xa,bdct1_0.tieu_de,bdct1_0.tinh_thanhpho,bdct1_0.trang_thai,bdct1_0.vi_do from bai_dang_cho_thue bdct1_0 where (? is null or bdct1_0.tinh_thanhpho like ? escape '') and (? is null or bdct1_0.phuong_xa like ? escape '') and (? is null or bdct1_0.gia_thang>=?) and (? is null or bdct1_0.gia_thang<=?) and (? is null or bdct1_0.dien_tich_m2>=?) and (? is null or bdct1_0.dien_tich_m2<=?) and (? is null or bdct1_0.trang_thai=?) order by bdct1_0.ngay_dang desc
Hibernate: select count(bdct1_0.id) from bai_dang_cho_thue bdct1_0 where (? is null or bdct1_0.tinh_thanhpho like ? escape '') and (? is null or bdct1_0.phuong_xa like ? escape '') and (? is null or bdct1_0.gia_thang>=?) and (? is null or bdct1_0.gia_thang<=?) and (? is null or bdct1_0.dien_tich_m2>=?) and (? is null or bdct1_0.dien_tich_m2<=?) and (? is null or bdct1_0.trang_thai=?)
Hibernate: select u1_0.id,u1_0.avatar,u1_0.email,u1_0.fullname,u1_0.hash_password,u1_0.ngay_cap_nhat,u1_0.ngay_tao,u1_0.role,u1_0.so_dien_thoai from user u1_0 where u1_0.email=?
Hibernate: select bdct1_0.id,bdct1_0.dia_chi_day_du,bdct1_0.dien_tich_m2,bdct1_0.gia_thang,bdct1_0.kinh_do,bdct1_0.mo_ta,bdct1_0.ngay_cap_nhat,bdct1_0.ngay_co_the_vao_o,bdct1_0.ngay_dang,bdct1_0.id_nguoi_dang,bdct1_0.phuong_xa,bdct1_0.tieu_de,bdct1_0.tinh_thanhpho,bdct1_0.trang_thai,bdct1_0.vi_do from bai_dang_cho_thue bdct1_0 where (? is null or bdct1_0.tinh_thanhpho like ? escape '') and (? is null or bdct1_0.phuong_xa like ? escape '') and (? is null or bdct1_0.gia_thang>=?) and (? is null or bdct1_0.gia_thang<=?) and (? is null or bdct1_0.dien_tich_m2>=?) and (? is null or bdct1_0.dien_tich_m2<=?) and (? is null or bdct1_0.trang_thai=?) order by bdct1_0.ngay_dang desc
Hibernate: select count(bdct1_0.id) from bai_dang_cho_thue bdct1_0 where (? is null or bdct1_0.tinh_thanhpho like ? escape '') and (? is null or bdct1_0.phuong_xa like ? escape '') and (? is null or bdct1_0.gia_thang>=?) and (? is null or bdct1_0.gia_thang<=?) and (? is null or bdct1_0.dien_tich_m2>=?) and (? is null or bdct1_0.dien_tich_m2<=?) and (? is null or bdct1_0.trang_thai=?)
Hibernate: select u1_0.id,u1_0.avatar,u1_0.email,u1_0.fullname,u1_0.hash_password,u1_0.ngay_cap_nhat,u1_0.ngay_tao,u1_0.role,u1_0.so_dien_thoai from user u1_0 where u1_0.email=?
Hibernate: select bdct1_0.id,bdct1_0.dia_chi_day_du,bdct1_0.dien_tich_m2,bdct1_0.gia_thang,bdct1_0.kinh_do,bdct1_0.mo_ta,bdct1_0.ngay_cap_nhat,bdct1_0.ngay_co_the_vao_o,bdct1_0.ngay_dang,bdct1_0.id_nguoi_dang,bdct1_0.phuong_xa,bdct1_0.tieu_de,bdct1_0.tinh_thanhpho,bdct1_0.trang_thai,bdct1_0.vi_do from bai_dang_cho_thue bdct1_0 where (? is null or bdct1_0.tinh_thanhpho like ? escape '') and (? is null or bdct1_0.phuong_xa like ? escape '') and (? is null or bdct1_0.gia_thang>=?) and (? is null or bdct1_0.gia_thang<=?) and (? is null or bdct1_0.dien_tich_m2>=?) and (? is null or bdct1_0.dien_tich_m2<=?) and (? is null or bdct1_0.trang_thai=?) order by bdct1_0.ngay_dang desc
Hibernate: select count(bdct1_0.id) from bai_dang_cho_thue bdct1_0 where (? is null or bdct1_0.tinh_thanhpho like ? escape '') and (? is null or bdct1_0.phuong_xa like ? escape '') and (? is null or bdct1_0.gia_thang>=?) and (? is null or bdct1_0.gia_thang<=?) and (? is null or bdct1_0.dien_tich_m2>=?) and (? is null or bdct1_0.dien_tich_m2<=?) and (? is null or bdct1_0.trang_thai=?)
Hibernate: select u1_0.id,u1_0.avatar,u1_0.email,u1_0.fullname,u1_0.hash_password,u1_0.ngay_cap_nhat,u1_0.ngay_tao,u1_0.role,u1_0.so_dien_thoai from user u1_0 where u1_0.email=?
Hibernate: select bdct1_0.id,bdct1_0.dia_chi_day_du,bdct1_0.dien_tich_m2,bdct1_0.gia_thang,bdct1_0.kinh_do,bdct1_0.mo_ta,bdct1_0.ngay_cap_nhat,bdct1_0.ngay_co_the_vao_o,bdct1_0.ngay_dang,bdct1_0.id_nguoi_dang,bdct1_0.phuong_xa,bdct1_0.tieu_de,bdct1_0.tinh_thanhpho,bdct1_0.trang_thai,bdct1_0.vi_do from bai_dang_cho_thue bdct1_0 where (? is null or bdct1_0.tinh_thanhpho like ? escape '') and (? is null or bdct1_0.phuong_xa like ? escape '') and (? is null or bdct1_0.gia_thang>=?) and (? is null or bdct1_0.gia_thang<=?) and (? is null or bdct1_0.dien_tich_m2>=?) and (? is null or bdct1_0.dien_tich_m2<=?) and (? is null or bdct1_0.trang_thai=?) order by bdct1_0.ngay_dang desc
Hibernate: select count(bdct1_0.id) from bai_dang_cho_thue bdct1_0 where (? is null or bdct1_0.tinh_thanhpho like ? escape '') and (? is null or bdct1_0.phuong_xa like ? escape '') and (? is null or bdct1_0.gia_thang>=?) and (? is null or bdct1_0.gia_thang<=?) and (? is null or bdct1_0.dien_tich_m2>=?) and (? is null or bdct1_0.dien_tich_m2<=?) and (? is null or bdct1_0.trang_thai=?)
Hibernate: select u1_0.id,u1_0.avatar,u1_0.email,u1_0.fullname,u1_0.hash_password,u1_0.ngay_cap_nhat,u1_0.ngay_tao,u1_0.role,u1_0.so_dien_thoai from user u1_0 where u1_0.email=?
Hibernate: select bdct1_0.id,bdct1_0.dia_chi_day_du,bdct1_0.dien_tich_m2,bdct1_0.gia_thang,bdct1_0.kinh_do,bdct1_0.mo_ta,bdct1_0.ngay_cap_nhat,bdct1_0.ngay_co_the_vao_o,bdct1_0.ngay_dang,bdct1_0.id_nguoi_dang,bdct1_0.phuong_xa,bdct1_0.tieu_de,bdct1_0.tinh_thanhpho,bdct1_0.trang_thai,bdct1_0.vi_do from bai_dang_cho_thue bdct1_0 where (? is null or bdct1_0.tinh_thanhpho like ? escape '') and (? is null or bdct1_0.phuong_xa like ? escape '') and (? is null or bdct1_0.gia_thang>=?) and (? is null or bdct1_0.gia_thang<=?) and (? is null or bdct1_0.dien_tich_m2>=?) and (? is null or bdct1_0.dien_tich_m2<=?) and (? is null or bdct1_0.trang_thai=?) order by bdct1_0.ngay_dang desc
Hibernate: select count(bdct1_0.id) from bai_dang_cho_thue bdct1_0 where (? is null or bdct1_0.tinh_thanhpho like ? escape '') and (? is null or bdct1_0.phuong_xa like ? escape '') and (? is null or bdct1_0.gia_thang>=?) and (? is null or bdct1_0.gia_thang<=?) and (? is null or bdct1_0.dien_tich_m2>=?) and (? is null or bdct1_0.dien_tich_m2<=?) and (? is null or bdct1_0.trang_thai=?)
Hibernate: select u1_0.id,u1_0.avatar,u1_0.email,u1_0.fullname,u1_0.hash_password,u1_0.ngay_cap_nhat,u1_0.ngay_tao,u1_0.role,u1_0.so_dien_thoai from user u1_0 where u1_0.email=?
Hibernate: select bdct1_0.id,bdct1_0.dia_chi_day_du,bdct1_0.dien_tich_m2,bdct1_0.gia_thang,bdct1_0.kinh_do,bdct1_0.mo_ta,bdct1_0.ngay_cap_nhat,bdct1_0.ngay_co_the_vao_o,bdct1_0.ngay_dang,bdct1_0.id_nguoi_dang,bdct1_0.phuong_xa,bdct1_0.tieu_de,bdct1_0.tinh_thanhpho,bdct1_0.trang_thai,bdct1_0.vi_do from bai_dang_cho_thue bdct1_0 where (? is null or bdct1_0.tinh_thanhpho like ? escape '') and (? is null or bdct1_0.phuong_xa like ? escape '') and (? is null or bdct1_0.gia_thang>=?) and (? is null or bdct1_0.gia_thang<=?) and (? is null or bdct1_0.dien_tich_m2>=?) and (? is null or bdct1_0.dien_tich_m2<=?) and (? is null or bdct1_0.trang_thai=?) order by bdct1_0.ngay_dang desc
Hibernate: select count(bdct1_0.id) from bai_dang_cho_thue bdct1_0 where (? is null or bdct1_0.tinh_thanhpho like ? escape '') and (? is null or bdct1_0.phuong_xa like ? escape '') and (? is null or bdct1_0.gia_thang>=?) and (? is null or bdct1_0.gia_thang<=?) and (? is null or bdct1_0.dien_tich_m2>=?) and (? is null or bdct1_0.dien_tich_m2<=?) and (? is null or bdct1_0.trang_thai=?)
Hibernate: select u1_0.id,u1_0.avatar,u1_0.email,u1_0.fullname,u1_0.hash_password,u1_0.ngay_cap_nhat,u1_0.ngay_tao,u1_0.role,u1_0.so_dien_thoai from user u1_0 where u1_0.email=?
Hibernate: select bdct1_0.id,bdct1_0.dia_chi_day_du,bdct1_0.dien_tich_m2,bdct1_0.gia_thang,bdct1_0.kinh_do,bdct1_0.mo_ta,bdct1_0.ngay_cap_nhat,bdct1_0.ngay_co_the_vao_o,bdct1_0.ngay_dang,bdct1_0.id_nguoi_dang,bdct1_0.phuong_xa,bdct1_0.tieu_de,bdct1_0.tinh_thanhpho,bdct1_0.trang_thai,bdct1_0.vi_do from bai_dang_cho_thue bdct1_0 where (? is null or bdct1_0.tinh_thanhpho like ? escape '') and (? is null or bdct1_0.phuong_xa like ? escape '') and (? is null or bdct1_0.gia_thang>=?) and (? is null or bdct1_0.gia_thang<=?) and (? is null or bdct1_0.dien_tich_m2>=?) and (? is null or bdct1_0.dien_tich_m2<=?) and (? is null or bdct1_0.trang_thai=?) order by bdct1_0.ngay_dang desc
Hibernate: select count(bdct1_0.id) from bai_dang_cho_thue bdct1_0 where (? is null or bdct1_0.tinh_thanhpho like ? escape '') and (? is null or bdct1_0.phuong_xa like ? escape '') and (? is null or bdct1_0.gia_thang>=?) and (? is null or bdct1_0.gia_thang<=?) and (? is null or bdct1_0.dien_tich_m2>=?) and (? is null or bdct1_0.dien_tich_m2<=?) and (? is null or bdct1_0.trang_thai=?)
Hibernate: select u1_0.id,u1_0.avatar,u1_0.email,u1_0.fullname,u1_0.hash_password,u1_0.ngay_cap_nhat,u1_0.ngay_tao,u1_0.role,u1_0.so_dien_thoai from user u1_0 where u1_0.email=?
Hibernate: select bdct1_0.id,bdct1_0.dia_chi_day_du,bdct1_0.dien_tich_m2,bdct1_0.gia_thang,bdct1_0.kinh_do,bdct1_0.mo_ta,bdct1_0.ngay_cap_nhat,bdct1_0.ngay_co_the_vao_o,bdct1_0.ngay_dang,bdct1_0.id_nguoi_dang,bdct1_0.phuong_xa,bdct1_0.tieu_de,bdct1_0.tinh_thanhpho,bdct1_0.trang_thai,bdct1_0.vi_do from bai_dang_cho_thue bdct1_0 where (? is null or bdct1_0.tinh_thanhpho like ? escape '') and (? is null or bdct1_0.phuong_xa like ? escape '') and (? is null or bdct1_0.gia_thang>=?) and (? is null or bdct1_0.gia_thang<=?) and (? is null or bdct1_0.dien_tich_m2>=?) and (? is null or bdct1_0.dien_tich_m2<=?) and (? is null or bdct1_0.trang_thai=?) order by bdct1_0.ngay_dang desc
Hibernate: select count(bdct1_0.id) from bai_dang_cho_thue bdct1_0 where (? is null or bdct1_0.tinh_thanhpho like ? escape '') and (? is null or bdct1_0.phuong_xa like ? escape '') and (? is null or bdct1_0.gia_thang>=?) and (? is null or bdct1_0.gia_thang<=?) and (? is null or bdct1_0.dien_tich_m2>=?) and (? is null or bdct1_0.dien_tich_m2<=?) and (? is null or bdct1_0.trang_thai=?)
Hibernate: select u1_0.id,u1_0.avatar,u1_0.email,u1_0.fullname,u1_0.hash_password,u1_0.ngay_cap_nhat,u1_0.ngay_tao,u1_0.role,u1_0.so_dien_thoai from user u1_0 where u1_0.email=?
Hibernate: select bdct1_0.id,bdct1_0.dia_chi_day_du,bdct1_0.dien_tich_m2,bdct1_0.gia_thang,bdct1_0.kinh_do,bdct1_0.mo_ta,bdct1_0.ngay_cap_nhat,bdct1_0.ngay_co_the_vao_o,bdct1_0.ngay_dang,bdct1_0.id_nguoi_dang,bdct1_0.phuong_xa,bdct1_0.tieu_de,bdct1_0.tinh_thanhpho,bdct1_0.trang_thai,bdct1_0.vi_do from bai_dang_cho_thue bdct1_0 where (? is null or bdct1_0.tinh_thanhpho like ? escape '') and (? is null or bdct1_0.phuong_xa like ? escape '') and (? is null or bdct1_0.gia_thang>=?) and (? is null or bdct1_0.gia_thang<=?) and (? is null or bdct1_0.dien_tich_m2>=?) and (? is null or bdct1_0.dien_tich_m2<=?) and (? is null or bdct1_0.trang_thai=?) order by bdct1_0.ngay_dang desc
Hibernate: select count(bdct1_0.id) from bai_dang_cho_thue bdct1_0 where (? is null or bdct1_0.tinh_thanhpho like ? escape '') and (? is null or bdct1_0.phuong_xa like ? escape '') and (? is null or bdct1_0.gia_thang>=?) and (? is null or bdct1_0.gia_thang<=?) and (? is null or bdct1_0.dien_tich_m2>=?) and (? is null or bdct1_0.dien_tich_m2<=?) and (? is null or bdct1_0.trang_thai=?)
Hibernate: select u1_0.id,u1_0.avatar,u1_0.email,u1_0.fullname,u1_0.hash_password,u1_0.ngay_cap_nhat,u1_0.ngay_tao,u1_0.role,u1_0.so_dien_thoai from user u1_0 where u1_0.email=?
Hibernate: select bdct1_0.id,bdct1_0.dia_chi_day_du,bdct1_0.dien_tich_m2,bdct1_0.gia_thang,bdct1_0.kinh_do,bdct1_0.mo_ta,bdct1_0.ngay_cap_nhat,bdct1_0.ngay_co_the_vao_o,bdct1_0.ngay_dang,bdct1_0.id_nguoi_dang,bdct1_0.phuong_xa,bdct1_0.tieu_de,bdct1_0.tinh_thanhpho,bdct1_0.trang_thai,bdct1_0.vi_do from bai_dang_cho_thue bdct1_0 where (? is null or bdct1_0.tinh_thanhpho like ? escape '') and (? is null or bdct1_0.phuong_xa like ? escape '') and (? is null or bdct1_0.gia_thang>=?) and (? is null or bdct1_0.gia_thang<=?) and (? is null or bdct1_0.dien_tich_m2>=?) and (? is null or bdct1_0.dien_tich_m2<=?) and (? is null or bdct1_0.trang_thai=?) order by bdct1_0.ngay_dang desc
Hibernate: select count(bdct1_0.id) from bai_dang_cho_thue bdct1_0 where (? is null or bdct1_0.tinh_thanhpho like ? escape '') and (? is null or bdct1_0.phuong_xa like ? escape '') and (? is null or bdct1_0.gia_thang>=?) and (? is null or bdct1_0.gia_thang<=?) and (? is null or bdct1_0.dien_tich_m2>=?) and (? is null or bdct1_0.dien_tich_m2<=?) and (? is null or bdct1_0.trang_thai=?)
Hibernate: select u1_0.id,u1_0.avatar,u1_0.email,u1_0.fullname,u1_0.hash_password,u1_0.ngay_cap_nhat,u1_0.ngay_tao,u1_0.role,u1_0.so_dien_thoai from user u1_0 where u1_0.email=?
Hibernate: select bdct1_0.id,bdct1_0.dia_chi_day_du,bdct1_0.dien_tich_m2,bdct1_0.gia_thang,bdct1_0.kinh_do,bdct1_0.mo_ta,bdct1_0.ngay_cap_nhat,bdct1_0.ngay_co_the_vao_o,bdct1_0.ngay_dang,bdct1_0.id_nguoi_dang,bdct1_0.phuong_xa,bdct1_0.tieu_de,bdct1_0.tinh_thanhpho,bdct1_0.trang_thai,bdct1_0.vi_do from bai_dang_cho_thue bdct1_0 where (? is null or bdct1_0.tinh_thanhpho like ? escape '') and (? is null or bdct1_0.phuong_xa like ? escape '') and (? is null or bdct1_0.gia_thang>=?) and (? is null or bdct1_0.gia_thang<=?) and (? is null or bdct1_0.dien_tich_m2>=?) and (? is null or bdct1_0.dien_tich_m2<=?) and (? is null or bdct1_0.trang_thai=?) order by bdct1_0.ngay_dang desc
Hibernate: select count(bdct1_0.id) from bai_dang_cho_thue bdct1_0 where (? is null or bdct1_0.tinh_thanhpho like ? escape '') and (? is null or bdct1_0.phuong_xa like ? escape '') and (? is null or bdct1_0.gia_thang>=?) and (? is null or bdct1_0.gia_thang<=?) and (? is null or bdct1_0.dien_tich_m2>=?) and (? is null or bdct1_0.dien_tich_m2<=?) and (? is null or bdct1_0.trang_thai=?)
Hibernate: select u1_0.id,u1_0.avatar,u1_0.email,u1_0.fullname,u1_0.hash_password,u1_0.ngay_cap_nhat,u1_0.ngay_tao,u1_0.role,u1_0.so_dien_thoai from user u1_0 where u1_0.email=?
Hibernate: select bdct1_0.id,bdct1_0.dia_chi_day_du,bdct1_0.dien_tich_m2,bdct1_0.gia_thang,bdct1_0.kinh_do,bdct1_0.mo_ta,bdct1_0.ngay_cap_nhat,bdct1_0.ngay_co_the_vao_o,bdct1_0.ngay_dang,bdct1_0.id_nguoi_dang,bdct1_0.phuong_xa,bdct1_0.tieu_de,bdct1_0.tinh_thanhpho,bdct1_0.trang_thai,bdct1_0.vi_do from bai_dang_cho_thue bdct1_0 where (? is null or bdct1_0.tinh_thanhpho like ? escape '') and (? is null or bdct1_0.phuong_xa like ? escape '') and (? is null or bdct1_0.gia_thang>=?) and (? is null or bdct1_0.gia_thang<=?) and (? is null or bdct1_0.dien_tich_m2>=?) and (? is null or bdct1_0.dien_tich_m2<=?) and (? is null or bdct1_0.trang_thai=?) order by bdct1_0.ngay_dang desc
Hibernate: select count(bdct1_0.id) from bai_dang_cho_thue bdct1_0 where (? is null or bdct1_0.tinh_thanhpho like ? escape '') and (? is null or bdct1_0.phuong_xa like ? escape '') and (? is null or bdct1_0.gia_thang>=?) and (? is null or bdct1_0.gia_thang<=?) and (? is null or bdct1_0.dien_tich_m2>=?) and (? is null or bdct1_0.dien_tich_m2<=?) and (? is null or bdct1_0.trang_thai=?)
Hibernate: select u1_0.id,u1_0.avatar,u1_0.email,u1_0.fullname,u1_0.hash_password,u1_0.ngay_cap_nhat,u1_0.ngay_tao,u1_0.role,u1_0.so_dien_thoai from user u1_0 where u1_0.email=?
Hibernate: select bdct1_0.id,bdct1_0.dia_chi_day_du,bdct1_0.dien_tich_m2,bdct1_0.gia_thang,bdct1_0.kinh_do,bdct1_0.mo_ta,bdct1_0.ngay_cap_nhat,bdct1_0.ngay_co_the_vao_o,bdct1_0.ngay_dang,bdct1_0.id_nguoi_dang,bdct1_0.phuong_xa,bdct1_0.tieu_de,bdct1_0.tinh_thanhpho,bdct1_0.trang_thai,bdct1_0.vi_do from bai_dang_cho_thue bdct1_0 where (? is null or bdct1_0.tinh_thanhpho like ? escape '') and (? is null or bdct1_0.phuong_xa like ? escape '') and (? is null or bdct1_0.gia_thang>=?) and (? is null or bdct1_0.gia_thang<=?) and (? is null or bdct1_0.dien_tich_m2>=?) and (? is null or bdct1_0.dien_tich_m2<=?) and (? is null or bdct1_0.trang_thai=?) order by bdct1_0.ngay_dang desc
Hibernate: select count(bdct1_0.id) from bai_dang_cho_thue bdct1_0 where (? is null or bdct1_0.tinh_thanhpho like ? escape '') and (? is null or bdct1_0.phuong_xa like ? escape '') and (? is null or bdct1_0.gia_thang>=?) and (? is null or bdct1_0.gia_thang<=?) and (? is null or bdct1_0.dien_tich_m2>=?) and (? is null or bdct1_0.dien_tich_m2<=?) and (? is null or bdct1_0.trang_thai=?)
Hibernate: select u1_0.id,u1_0.avatar,u1_0.email,u1_0.fullname,u1_0.hash_password,u1_0.ngay_cap_nhat,u1_0.ngay_tao,u1_0.role,u1_0.so_dien_thoai from user u1_0 where u1_0.email=?
Hibernate: select bdct1_0.id,bdct1_0.dia_chi_day_du,bdct1_0.dien_tich_m2,bdct1_0.gia_thang,bdct1_0.kinh_do,bdct1_0.mo_ta,bdct1_0.ngay_cap_nhat,bdct1_0.ngay_co_the_vao_o,bdct1_0.ngay_dang,bdct1_0.id_nguoi_dang,bdct1_0.phuong_xa,bdct1_0.tieu_de,bdct1_0.tinh_thanhpho,bdct1_0.trang_thai,bdct1_0.vi_do from bai_dang_cho_thue bdct1_0 where (? is null or bdct1_0.tinh_thanhpho like ? escape '') and (? is null or bdct1_0.phuong_xa like ? escape '') and (? is null or bdct1_0.gia_thang>=?) and (? is null or bdct1_0.gia_thang<=?) and (? is null or bdct1_0.dien_tich_m2>=?) and (? is null or bdct1_0.dien_tich_m2<=?) and (? is null or bdct1_0.trang_thai=?) order by bdct1_0.ngay_dang desc
Hibernate: select count(bdct1_0.id) from bai_dang_cho_thue bdct1_0 where (? is null or bdct1_0.tinh_thanhpho like ? escape '') and (? is null or bdct1_0.phuong_xa like ? escape '') and (? is null or bdct1_0.gia_thang>=?) and (? is null or bdct1_0.gia_thang<=?) and (? is null or bdct1_0.dien_tich_m2>=?) and (? is null or bdct1_0.dien_tich_m2<=?) and (? is null or bdct1_0.trang_thai=?)
Hibernate: select u1_0.id,u1_0.avatar,u1_0.email,u1_0.fullname,u1_0.hash_password,u1_0.ngay_cap_nhat,u1_0.ngay_tao,u1_0.role,u1_0.so_dien_thoai from user u1_0 where u1_0.email=?
Hibernate: select bdct1_0.id,bdct1_0.dia_chi_day_du,bdct1_0.dien_tich_m2,bdct1_0.gia_thang,bdct1_0.kinh_do,bdct1_0.mo_ta,bdct1_0.ngay_cap_nhat,bdct1_0.ngay_co_the_vao_o,bdct1_0.ngay_dang,bdct1_0.id_nguoi_dang,bdct1_0.phuong_xa,bdct1_0.tieu_de,bdct1_0.tinh_thanhpho,bdct1_0.trang_thai,bdct1_0.vi_do from bai_dang_cho_thue bdct1_0 where (? is null or bdct1_0.tinh_thanhpho like ? escape '') and (? is null or bdct1_0.phuong_xa like ? escape '') and (? is null or bdct1_0.gia_thang>=?) and (? is null or bdct1_0.gia_thang<=?) and (? is null or bdct1_0.dien_tich_m2>=?) and (? is null or bdct1_0.dien_tich_m2<=?) and (? is null or bdct1_0.trang_thai=?) order by bdct1_0.ngay_dang desc
Hibernate: select count(bdct1_0.id) from bai_dang_cho_thue bdct1_0 where (? is null or bdct1_0.tinh_thanhpho like ? escape '') and (? is null or bdct1_0.phuong_xa like ? escape '') and (? is null or bdct1_0.gia_thang>=?) and (? is null or bdct1_0.gia_thang<=?) and (? is null or bdct1_0.dien_tich_m2>=?) and (? is null or bdct1_0.dien_tich_m2<=?) and (? is null or bdct1_0.trang_thai=?)
Hibernate: select u1_0.id,u1_0.avatar,u1_0.email,u1_0.fullname,u1_0.hash_password,u1_0.ngay_cap_nhat,u1_0.ngay_tao,u1_0.role,u1_0.so_dien_thoai from user u1_0 where u1_0.email=?
Hibernate: select bdct1_0.id,bdct1_0.dia_chi_day_du,bdct1_0.dien_tich_m2,bdct1_0.gia_thang,bdct1_0.kinh_do,bdct1_0.mo_ta,bdct1_0.ngay_cap_nhat,bdct1_0.ngay_co_the_vao_o,bdct1_0.ngay_dang,bdct1_0.id_nguoi_dang,bdct1_0.phuong_xa,bdct1_0.tieu_de,bdct1_0.tinh_thanhpho,bdct1_0.trang_thai,bdct1_0.vi_do from bai_dang_cho_thue bdct1_0 where (? is null or bdct1_0.tinh_thanhpho like ? escape '') and (? is null or bdct1_0.phuong_xa like ? escape '') and (? is null or bdct1_0.gia_thang>=?) and (? is null or bdct1_0.gia_thang<=?) and (? is null or bdct1_0.dien_tich_m2>=?) and (? is null or bdct1_0.dien_tich_m2<=?) and (? is null or bdct1_0.trang_thai=?) order by bdct1_0.ngay_dang desc
Hibernate: select count(bdct1_0.id) from bai_dang_cho_thue bdct1_0 where (? is null or bdct1_0.tinh_thanhpho like ? escape '') and (? is null or bdct1_0.phuong_xa like ? escape '') and (? is null or bdct1_0.gia_thang>=?) and (? is null or bdct1_0.gia_thang<=?) and (? is null or bdct1_0.dien_tich_m2>=?) and (? is null or bdct1_0.dien_tich_m2<=?) and (? is null or bdct1_0.trang_thai=?)
Hibernate: select u1_0.id,u1_0.avatar,u1_0.email,u1_0.fullname,u1_0.hash_password,u1_0.ngay_cap_nhat,u1_0.ngay_tao,u1_0.role,u1_0.so_dien_thoai from user u1_0 where u1_0.email=?
Hibernate: select bdct1_0.id,bdct1_0.dia_chi_day_du,bdct1_0.dien_tich_m2,bdct1_0.gia_thang,bdct1_0.kinh_do,bdct1_0.mo_ta,bdct1_0.ngay_cap_nhat,bdct1_0.ngay_co_the_vao_o,bdct1_0.ngay_dang,bdct1_0.id_nguoi_dang,bdct1_0.phuong_xa,bdct1_0.tieu_de,bdct1_0.tinh_thanhpho,bdct1_0.trang_thai,bdct1_0.vi_do from bai_dang_cho_thue bdct1_0 where (? is null or bdct1_0.tinh_thanhpho like ? escape '') and (? is null or bdct1_0.phuong_xa like ? escape '') and (? is null or bdct1_0.gia_thang>=?) and (? is null or bdct1_0.gia_thang<=?) and (? is null or bdct1_0.dien_tich_m2>=?) and (? is null or bdct1_0.dien_tich_m2<=?) and (? is null or bdct1_0.trang_thai=?) order by bdct1_0.ngay_dang desc
Hibernate: select count(bdct1_0.id) from bai_dang_cho_thue bdct1_0 where (? is null or bdct1_0.tinh_thanhpho like ? escape '') and (? is null or bdct1_0.phuong_xa like ? escape '') and (? is null or bdct1_0.gia_thang>=?) and (? is null or bdct1_0.gia_thang<=?) and (? is null or bdct1_0.dien_tich_m2>=?) and (? is null or bdct1_0.dien_tich_m2<=?) and (? is null or bdct1_0.trang_thai=?)
Hibernate: select u1_0.id,u1_0.avatar,u1_0.email,u1_0.fullname,u1_0.hash_password,u1_0.ngay_cap_nhat,u1_0.ngay_tao,u1_0.role,u1_0.so_dien_thoai from user u1_0 where u1_0.email=?
Hibernate: select bdct1_0.id,bdct1_0.dia_chi_day_du,bdct1_0.dien_tich_m2,bdct1_0.gia_thang,bdct1_0.kinh_do,bdct1_0.mo_ta,bdct1_0.ngay_cap_nhat,bdct1_0.ngay_co_the_vao_o,bdct1_0.ngay_dang,bdct1_0.id_nguoi_dang,bdct1_0.phuong_xa,bdct1_0.tieu_de,bdct1_0.tinh_thanhpho,bdct1_0.trang_thai,bdct1_0.vi_do from bai_dang_cho_thue bdct1_0 where (? is null or bdct1_0.tinh_thanhpho like ? escape '') and (? is null or bdct1_0.phuong_xa like ? escape '') and (? is null or bdct1_0.gia_thang>=?) and (? is null or bdct1_0.gia_thang<=?) and (? is null or bdct1_0.dien_tich_m2>=?) and (? is null or bdct1_0.dien_tich_m2<=?) and (? is null or bdct1_0.trang_thai=?) order by bdct1_0.ngay_dang desc
Hibernate: select count(bdct1_0.id) from bai_dang_cho_thue bdct1_0 where (? is null or bdct1_0.tinh_thanhpho like ? escape '') and (? is null or bdct1_0.phuong_xa like ? escape '') and (? is null or bdct1_0.gia_thang>=?) and (? is null or bdct1_0.gia_thang<=?) and (? is null or bdct1_0.dien_tich_m2>=?) and (? is null or bdct1_0.dien_tich_m2<=?) and (? is null or bdct1_0.trang_thai=?)
Hibernate: select u1_0.id,u1_0.avatar,u1_0.email,u1_0.fullname,u1_0.hash_password,u1_0.ngay_cap_nhat,u1_0.ngay_tao,u1_0.role,u1_0.so_dien_thoai from user u1_0 where u1_0.email=?
Hibernate: select bdct1_0.id,bdct1_0.dia_chi_day_du,bdct1_0.dien_tich_m2,bdct1_0.gia_thang,bdct1_0.kinh_do,bdct1_0.mo_ta,bdct1_0.ngay_cap_nhat,bdct1_0.ngay_co_the_vao_o,bdct1_0.ngay_dang,bdct1_0.id_nguoi_dang,bdct1_0.phuong_xa,bdct1_0.tieu_de,bdct1_0.tinh_thanhpho,bdct1_0.trang_thai,bdct1_0.vi_do from bai_dang_cho_thue bdct1_0 where (? is null or bdct1_0.tinh_thanhpho like ? escape '') and (? is null or bdct1_0.phuong_xa like ? escape '') and (? is null or bdct1_0.gia_thang>=?) and (? is null or bdct1_0.gia_thang<=?) and (? is null or bdct1_0.dien_tich_m2>=?) and (? is null or bdct1_0.dien_tich_m2<=?) and (? is null or bdct1_0.trang_thai=?) order by bdct1_0.ngay_dang desc
Hibernate: select count(bdct1_0.id) from bai_dang_cho_thue bdct1_0 where (? is null or bdct1_0.tinh_thanhpho like ? escape '') and (? is null or bdct1_0.phuong_xa like ? escape '') and (? is null or bdct1_0.gia_thang>=?) and (? is null or bdct1_0.gia_thang<=?) and (? is null or bdct1_0.dien_tich_m2>=?) and (? is null or bdct1_0.dien_tich_m2<=?) and (? is null or bdct1_0.trang_thai=?)
Hibernate: select u1_0.id,u1_0.avatar,u1_0.email,u1_0.fullname,u1_0.hash_password,u1_0.ngay_cap_nhat,u1_0.ngay_tao,u1_0.role,u1_0.so_dien_thoai from user u1_0 where u1_0.email=?
Hibernate: select bdct1_0.id,bdct1_0.dia_chi_day_du,bdct1_0.dien_tich_m2,bdct1_0.gia_thang,bdct1_0.kinh_do,bdct1_0.mo_ta,bdct1_0.ngay_cap_nhat,bdct1_0.ngay_co_the_vao_o,bdct1_0.ngay_dang,bdct1_0.id_nguoi_dang,bdct1_0.phuong_xa,bdct1_0.tieu_de,bdct1_0.tinh_thanhpho,bdct1_0.trang_thai,bdct1_0.vi_do from bai_dang_cho_thue bdct1_0 where (? is null or bdct1_0.tinh_thanhpho like ? escape '') and (? is null or bdct1_0.phuong_xa like ? escape '') and (? is null or bdct1_0.gia_thang>=?) and (? is null or bdct1_0.gia_thang<=?) and (? is null or bdct1_0.dien_tich_m2>=?) and (? is null or bdct1_0.dien_tich_m2<=?) and (? is null or bdct1_0.trang_thai=?) order by bdct1_0.ngay_dang desc
Hibernate: select count(bdct1_0.id) from bai_dang_cho_thue bdct1_0 where (? is null or bdct1_0.tinh_thanhpho like ? escape '') and (? is null or bdct1_0.phuong_xa like ? escape '') and (? is null or bdct1_0.gia_thang>=?) and (? is null or bdct1_0.gia_thang<=?) and (? is null or bdct1_0.dien_tich_m2>=?) and (? is null or bdct1_0.dien_tich_m2<=?) and (? is null or bdct1_0.trang_thai=?)
Hibernate: select u1_0.id,u1_0.avatar,u1_0.email,u1_0.fullname,u1_0.hash_password,u1_0.ngay_cap_nhat,u1_0.ngay_tao,u1_0.role,u1_0.so_dien_thoai from user u1_0 where u1_0.email=?
Hibernate: select bdct1_0.id,bdct1_0.dia_chi_day_du,bdct1_0.dien_tich_m2,bdct1_0.gia_thang,bdct1_0.kinh_do,bdct1_0.mo_ta,bdct1_0.ngay_cap_nhat,bdct1_0.ngay_co_the_vao_o,bdct1_0.ngay_dang,bdct1_0.id_nguoi_dang,bdct1_0.phuong_xa,bdct1_0.tieu_de,bdct1_0.tinh_thanhpho,bdct1_0.trang_thai,bdct1_0.vi_do from bai_dang_cho_thue bdct1_0 where (? is null or bdct1_0.tinh_thanhpho like ? escape '') and (? is null or bdct1_0.phuong_xa like ? escape '') and (? is null or bdct1_0.gia_thang>=?) and (? is null or bdct1_0.gia_thang<=?) and (? is null or bdct1_0.dien_tich_m2>=?) and (? is null or bdct1_0.dien_tich_m2<=?) and (? is null or bdct1_0.trang_thai=?) order by bdct1_0.ngay_dang desc
Hibernate: select count(bdct1_0.id) from bai_dang_cho_thue bdct1_0 where (? is null or bdct1_0.tinh_thanhpho like ? escape '') and (? is null or bdct1_0.phuong_xa like ? escape '') and (? is null or bdct1_0.gia_thang>=?) and (? is null or bdct1_0.gia_thang<=?) and (? is null or bdct1_0.dien_tich_m2>=?) and (? is null or bdct1_0.dien_tich_m2<=?) and (? is null or bdct1_0.trang_thai=?)
Hibernate: select u1_0.id,u1_0.avatar,u1_0.email,u1_0.fullname,u1_0.hash_password,u1_0.ngay_cap_nhat,u1_0.ngay_tao,u1_0.role,u1_0.so_dien_thoai from user u1_0 where u1_0.email=?
Hibernate: select bdct1_0.id,bdct1_0.dia_chi_day_du,bdct1_0.dien_tich_m2,bdct1_0.gia_thang,bdct1_0.kinh_do,bdct1_0.mo_ta,bdct1_0.ngay_cap_nhat,bdct1_0.ngay_co_the_vao_o,bdct1_0.ngay_dang,bdct1_0.id_nguoi_dang,bdct1_0.phuong_xa,bdct1_0.tieu_de,bdct1_0.tinh_thanhpho,bdct1_0.trang_thai,bdct1_0.vi_do from bai_dang_cho_thue bdct1_0 where (? is null or bdct1_0.tinh_thanhpho like ? escape '') and (? is null or bdct1_0.phuong_xa like ? escape '') and (? is null or bdct1_0.gia_thang>=?) and (? is null or bdct1_0.gia_thang<=?) and (? is null or bdct1_0.dien_tich_m2>=?) and (? is null or bdct1_0.dien_tich_m2<=?) and (? is null or bdct1_0.trang_thai=?) order by bdct1_0.ngay_dang desc
Hibernate: select count(bdct1_0.id) from bai_dang_cho_thue bdct1_0 where (? is null or bdct1_0.tinh_thanhpho like ? escape '') and (? is null or bdct1_0.phuong_xa like ? escape '') and (? is null or bdct1_0.gia_thang>=?) and (? is null or bdct1_0.gia_thang<=?) and (? is null or bdct1_0.dien_tich_m2>=?) and (? is null or bdct1_0.dien_tich_m2<=?) and (? is null or bdct1_0.trang_thai=?)
Hibernate: select u1_0.id,u1_0.avatar,u1_0.email,u1_0.fullname,u1_0.hash_password,u1_0.ngay_cap_nhat,u1_0.ngay_tao,u1_0.role,u1_0.so_dien_thoai from user u1_0 where u1_0.email=?
Hibernate: select bdct1_0.id,bdct1_0.dia_chi_day_du,bdct1_0.dien_tich_m2,bdct1_0.gia_thang,bdct1_0.kinh_do,bdct1_0.mo_ta,bdct1_0.ngay_cap_nhat,bdct1_0.ngay_co_the_vao_o,bdct1_0.ngay_dang,bdct1_0.id_nguoi_dang,bdct1_0.phuong_xa,bdct1_0.tieu_de,bdct1_0.tinh_thanhpho,bdct1_0.trang_thai,bdct1_0.vi_do from bai_dang_cho_thue bdct1_0 where (? is null or bdct1_0.tinh_thanhpho like ? escape '') and (? is null or bdct1_0.phuong_xa like ? escape '') and (? is null or bdct1_0.gia_thang>=?) and (? is null or bdct1_0.gia_thang<=?) and (? is null or bdct1_0.dien_tich_m2>=?) and (? is null or bdct1_0.dien_tich_m2<=?) and (? is null or bdct1_0.trang_thai=?) order by bdct1_0.ngay_dang desc
Hibernate: select count(bdct1_0.id) from bai_dang_cho_thue bdct1_0 where (? is null or bdct1_0.tinh_thanhpho like ? escape '') and (? is null or bdct1_0.phuong_xa like ? escape '') and (? is null or bdct1_0.gia_thang>=?) and (? is null or bdct1_0.gia_thang<=?) and (? is null or bdct1_0.dien_tich_m2>=?) and (? is null or bdct1_0.dien_tich_m2<=?) and (? is null or bdct1_0.trang_thai=?)
Hibernate: select u1_0.id,u1_0.avatar,u1_0.email,u1_0.fullname,u1_0.hash_password,u1_0.ngay_cap_nhat,u1_0.ngay_tao,u1_0.role,u1_0.so_dien_thoai from user u1_0 where u1_0.email=?
Hibernate: select bdct1_0.id,bdct1_0.dia_chi_day_du,bdct1_0.dien_tich_m2,bdct1_0.gia_thang,bdct1_0.kinh_do,bdct1_0.mo_ta,bdct1_0.ngay_cap_nhat,bdct1_0.ngay_co_the_vao_o,bdct1_0.ngay_dang,bdct1_0.id_nguoi_dang,bdct1_0.phuong_xa,bdct1_0.tieu_de,bdct1_0.tinh_thanhpho,bdct1_0.trang_thai,bdct1_0.vi_do from bai_dang_cho_thue bdct1_0 where (? is null or bdct1_0.tinh_thanhpho like ? escape '') and (? is null or bdct1_0.phuong_xa like ? escape '') and (? is null or bdct1_0.gia_thang>=?) and (? is null or bdct1_0.gia_thang<=?) and (? is null or bdct1_0.dien_tich_m2>=?) and (? is null or bdct1_0.dien_tich_m2<=?) and (? is null or bdct1_0.trang_thai=?) order by bdct1_0.ngay_dang desc
Hibernate: select count(bdct1_0.id) from bai_dang_cho_thue bdct1_0 where (? is null or bdct1_0.tinh_thanhpho like ? escape '') and (? is null or bdct1_0.phuong_xa like ? escape '') and (? is null or bdct1_0.gia_thang>=?) and (? is null or bdct1_0.gia_thang<=?) and (? is null or bdct1_0.dien_tich_m2>=?) and (? is null or bdct1_0.dien_tich_m2<=?) and (? is null or bdct1_0.trang_thai=?)
Hibernate: select u1_0.id,u1_0.avatar,u1_0.email,u1_0.fullname,u1_0.hash_password,u1_0.ngay_cap_nhat,u1_0.ngay_tao,u1_0.role,u1_0.so_dien_thoai from user u1_0 where u1_0.email=?
Hibernate: select bdct1_0.id,bdct1_0.dia_chi_day_du,bdct1_0.dien_tich_m2,bdct1_0.gia_thang,bdct1_0.kinh_do,bdct1_0.mo_ta,bdct1_0.ngay_cap_nhat,bdct1_0.ngay_co_the_vao_o,bdct1_0.ngay_dang,bdct1_0.id_nguoi_dang,bdct1_0.phuong_xa,bdct1_0.tieu_de,bdct1_0.tinh_thanhpho,bdct1_0.trang_thai,bdct1_0.vi_do from bai_dang_cho_thue bdct1_0 where (? is null or bdct1_0.tinh_thanhpho like ? escape '') and (? is null or bdct1_0.phuong_xa like ? escape '') and (? is null or bdct1_0.gia_thang>=?) and (? is null or bdct1_0.gia_thang<=?) and (? is null or bdct1_0.dien_tich_m2>=?) and (? is null or bdct1_0.dien_tich_m2<=?) and (? is null or bdct1_0.trang_thai=?) order by bdct1_0.ngay_dang desc
Hibernate: select count(bdct1_0.id) from bai_dang_cho_thue bdct1_0 where (? is null or bdct1_0.tinh_thanhpho like ? escape '') and (? is null or bdct1_0.phuong_xa like ? escape '') and (? is null or bdct1_0.gia_thang>=?) and (? is null or bdct1_0.gia_thang<=?) and (? is null or bdct1_0.dien_tich_m2>=?) and (? is null or bdct1_0.dien_tich_m2<=?) and (? is null or bdct1_0.trang_thai=?)
Hibernate: select u1_0.id,u1_0.avatar,u1_0.email,u1_0.fullname,u1_0.hash_password,u1_0.ngay_cap_nhat,u1_0.ngay_tao,u1_0.role,u1_0.so_dien_thoai from user u1_0 where u1_0.email=?
Hibernate: select bdct1_0.id,bdct1_0.dia_chi_day_du,bdct1_0.dien_tich_m2,bdct1_0.gia_thang,bdct1_0.kinh_do,bdct1_0.mo_ta,bdct1_0.ngay_cap_nhat,bdct1_0.ngay_co_the_vao_o,bdct1_0.ngay_dang,bdct1_0.id_nguoi_dang,bdct1_0.phuong_xa,bdct1_0.tieu_de,bdct1_0.tinh_thanhpho,bdct1_0.trang_thai,bdct1_0.vi_do from bai_dang_cho_thue bdct1_0 where (? is null or bdct1_0.tinh_thanhpho like ? escape '') and (? is null or bdct1_0.phuong_xa like ? escape '') and (? is null or bdct1_0.gia_thang>=?) and (? is null or bdct1_0.gia_thang<=?) and (? is null or bdct1_0.dien_tich_m2>=?) and (? is null or bdct1_0.dien_tich_m2<=?) and (? is null or bdct1_0.trang_thai=?) order by bdct1_0.ngay_dang desc
Hibernate: select count(bdct1_0.id) from bai_dang_cho_thue bdct1_0 where (? is null or bdct1_0.tinh_thanhpho like ? escape '') and (? is null or bdct1_0.phuong_xa like ? escape '') and (? is null or bdct1_0.gia_thang>=?) and (? is null or bdct1_0.gia_thang<=?) and (? is null or bdct1_0.dien_tich_m2>=?) and (? is null or bdct1_0.dien_tich_m2<=?) and (? is null or bdct1_0.trang_thai=?)
Hibernate: select u1_0.id,u1_0.avatar,u1_0.email,u1_0.fullname,u1_0.hash_password,u1_0.ngay_cap_nhat,u1_0.ngay_tao,u1_0.role,u1_0.so_dien_thoai from user u1_0 where u1_0.email=?
Hibernate: select bdct1_0.id,bdct1_0.dia_chi_day_du,bdct1_0.dien_tich_m2,bdct1_0.gia_thang,bdct1_0.kinh_do,bdct1_0.mo_ta,bdct1_0.ngay_cap_nhat,bdct1_0.ngay_co_the_vao_o,bdct1_0.ngay_dang,bdct1_0.id_nguoi_dang,bdct1_0.phuong_xa,bdct1_0.tieu_de,bdct1_0.tinh_thanhpho,bdct1_0.trang_thai,bdct1_0.vi_do from bai_dang_cho_thue bdct1_0 where (? is null or bdct1_0.tinh_thanhpho like ? escape '') and (? is null or bdct1_0.phuong_xa like ? escape '') and (? is null or bdct1_0.gia_thang>=?) and (? is null or bdct1_0.gia_thang<=?) and (? is null or bdct1_0.dien_tich_m2>=?) and (? is null or bdct1_0.dien_tich_m2<=?) and (? is null or bdct1_0.trang_thai=?) order by bdct1_0.ngay_dang desc
Hibernate: select count(bdct1_0.id) from bai_dang_cho_thue bdct1_0 where (? is null or bdct1_0.tinh_thanhpho like ? escape '') and (? is null or bdct1_0.phuong_xa like ? escape '') and (? is null or bdct1_0.gia_thang>=?) and (? is null or bdct1_0.gia_thang<=?) and (? is null or bdct1_0.dien_tich_m2>=?) and (? is null or bdct1_0.dien_tich_m2<=?) and (? is null or bdct1_0.trang_thai=?)
Hibernate: select u1_0.id,u1_0.avatar,u1_0.email,u1_0.fullname,u1_0.hash_password,u1_0.ngay_cap_nhat,u1_0.ngay_tao,u1_0.role,u1_0.so_dien_thoai from user u1_0 where u1_0.email=?
Hibernate: select bdct1_0.id,bdct1_0.dia_chi_day_du,bdct1_0.dien_tich_m2,bdct1_0.gia_thang,bdct1_0.kinh_do,bdct1_0.mo_ta,bdct1_0.ngay_cap_nhat,bdct1_0.ngay_co_the_vao_o,bdct1_0.ngay_dang,bdct1_0.id_nguoi_dang,bdct1_0.phuong_xa,bdct1_0.tieu_de,bdct1_0.tinh_thanhpho,bdct1_0.trang_thai,bdct1_0.vi_do from bai_dang_cho_thue bdct1_0 where (? is null or bdct1_0.tinh_thanhpho like ? escape '') and (? is null or bdct1_0.phuong_xa like ? escape '') and (? is null or bdct1_0.gia_thang>=?) and (? is null or bdct1_0.gia_thang<=?) and (? is null or bdct1_0.dien_tich_m2>=?) and (? is null or bdct1_0.dien_tich_m2<=?) and (? is null or bdct1_0.trang_thai=?) order by bdct1_0.ngay_dang desc
Hibernate: select count(bdct1_0.id) from bai_dang_cho_thue bdct1_0 where (? is null or bdct1_0.tinh_thanhpho like ? escape '') and (? is null or bdct1_0.phuong_xa like ? escape '') and (? is null or bdct1_0.gia_thang>=?) and (? is null or bdct1_0.gia_thang<=?) and (? is null or bdct1_0.dien_tich_m2>=?) and (? is null or bdct1_0.dien_tich_m2<=?) and (? is null or bdct1_0.trang_thai=?)
Hibernate: select u1_0.id,u1_0.avatar,u1_0.email,u1_0.fullname,u1_0.hash_password,u1_0.ngay_cap_nhat,u1_0.ngay_tao,u1_0.role,u1_0.so_dien_thoai from user u1_0 where u1_0.email=?
Hibernate: select bdct1_0.id,bdct1_0.dia_chi_day_du,bdct1_0.dien_tich_m2,bdct1_0.gia_thang,bdct1_0.kinh_do,bdct1_0.mo_ta,bdct1_0.ngay_cap_nhat,bdct1_0.ngay_co_the_vao_o,bdct1_0.ngay_dang,bdct1_0.id_nguoi_dang,bdct1_0.phuong_xa,bdct1_0.tieu_de,bdct1_0.tinh_thanhpho,bdct1_0.trang_thai,bdct1_0.vi_do from bai_dang_cho_thue bdct1_0 where (? is null or bdct1_0.tinh_thanhpho like ? escape '') and (? is null or bdct1_0.phuong_xa like ? escape '') and (? is null or bdct1_0.gia_thang>=?) and (? is null or bdct1_0.gia_thang<=?) and (? is null or bdct1_0.dien_tich_m2>=?) and (? is null or bdct1_0.dien_tich_m2<=?) and (? is null or bdct1_0.trang_thai=?) order by bdct1_0.ngay_dang desc
Hibernate: select count(bdct1_0.id) from bai_dang_cho_thue bdct1_0 where (? is null or bdct1_0.tinh_thanhpho like ? escape '') and (? is null or bdct1_0.phuong_xa like ? escape '') and (? is null or bdct1_0.gia_thang>=?) and (? is null or bdct1_0.gia_thang<=?) and (? is null or bdct1_0.dien_tich_m2>=?) and (? is null or bdct1_0.dien_tich_m2<=?) and (? is null or bdct1_0.trang_thai=?)
Hibernate: select u1_0.id,u1_0.avatar,u1_0.email,u1_0.fullname,u1_0.hash_password,u1_0.ngay_cap_nhat,u1_0.ngay_tao,u1_0.role,u1_0.so_dien_thoai from user u1_0 where u1_0.email=?
Hibernate: select bdct1_0.id,bdct1_0.dia_chi_day_du,bdct1_0.dien_tich_m2,bdct1_0.gia_thang,bdct1_0.kinh_do,bdct1_0.mo_ta,bdct1_0.ngay_cap_nhat,bdct1_0.ngay_co_the_vao_o,bdct1_0.ngay_dang,bdct1_0.id_nguoi_dang,bdct1_0.phuong_xa,bdct1_0.tieu_de,bdct1_0.tinh_thanhpho,bdct1_0.trang_thai,bdct1_0.vi_do from bai_dang_cho_thue bdct1_0 where (? is null or bdct1_0.tinh_thanhpho like ? escape '') and (? is null or bdct1_0.phuong_xa like ? escape '') and (? is null or bdct1_0.gia_thang>=?) and (? is null or bdct1_0.gia_thang<=?) and (? is null or bdct1_0.dien_tich_m2>=?) and (? is null or bdct1_0.dien_tich_m2<=?) and (? is null or bdct1_0.trang_thai=?) order by bdct1_0.ngay_dang desc
Hibernate: select count(bdct1_0.id) from bai_dang_cho_thue bdct1_0 where (? is null or bdct1_0.tinh_thanhpho like ? escape '') and (? is null or bdct1_0.phuong_xa like ? escape '') and (? is null or bdct1_0.gia_thang>=?) and (? is null or bdct1_0.gia_thang<=?) and (? is null or bdct1_0.dien_tich_m2>=?) and (? is null or bdct1_0.dien_tich_m2<=?) and (? is null or bdct1_0.trang_thai=?)
Hibernate: select u1_0.id,u1_0.avatar,u1_0.email,u1_0.fullname,u1_0.hash_password,u1_0.ngay_cap_nhat,u1_0.ngay_tao,u1_0.role,u1_0.so_dien_thoai from user u1_0 where u1_0.email=?
Hibernate: select bdct1_0.id,bdct1_0.dia_chi_day_du,bdct1_0.dien_tich_m2,bdct1_0.gia_thang,bdct1_0.kinh_do,bdct1_0.mo_ta,bdct1_0.ngay_cap_nhat,bdct1_0.ngay_co_the_vao_o,bdct1_0.ngay_dang,bdct1_0.id_nguoi_dang,bdct1_0.phuong_xa,bdct1_0.tieu_de,bdct1_0.tinh_thanhpho,bdct1_0.trang_thai,bdct1_0.vi_do from bai_dang_cho_thue bdct1_0 where (? is null or bdct1_0.tinh_thanhpho like ? escape '') and (? is null or bdct1_0.phuong_xa like ? escape '') and (? is null or bdct1_0.gia_thang>=?) and (? is null or bdct1_0.gia_thang<=?) and (? is null or bdct1_0.dien_tich_m2>=?) and (? is null or bdct1_0.dien_tich_m2<=?) and (? is null or bdct1_0.trang_thai=?) order by bdct1_0.ngay_dang desc
Hibernate: select count(bdct1_0.id) from bai_dang_cho_thue bdct1_0 where (? is null or bdct1_0.tinh_thanhpho like ? escape '') and (? is null or bdct1_0.phuong_xa like ? escape '') and (? is null or bdct1_0.gia_thang>=?) and (? is null or bdct1_0.gia_thang<=?) and (? is null or bdct1_0.dien_tich_m2>=?) and (? is null or bdct1_0.dien_tich_m2<=?) and (? is null or bdct1_0.trang_thai=?)
Hibernate: select u1_0.id,u1_0.avatar,u1_0.email,u1_0.fullname,u1_0.hash_password,u1_0.ngay_cap_nhat,u1_0.ngay_tao,u1_0.role,u1_0.so_dien_thoai from user u1_0 where u1_0.email=?
Hibernate: select bdct1_0.id,bdct1_0.dia_chi_day_du,bdct1_0.dien_tich_m2,bdct1_0.gia_thang,bdct1_0.kinh_do,bdct1_0.mo_ta,bdct1_0.ngay_cap_nhat,bdct1_0.ngay_co_the_vao_o,bdct1_0.ngay_dang,bdct1_0.id_nguoi_dang,bdct1_0.phuong_xa,bdct1_0.tieu_de,bdct1_0.tinh_thanhpho,bdct1_0.trang_thai,bdct1_0.vi_do from bai_dang_cho_thue bdct1_0 where (? is null or bdct1_0.tinh_thanhpho like ? escape '') and (? is null or bdct1_0.phuong_xa like ? escape '') and (? is null or bdct1_0.gia_thang>=?) and (? is null or bdct1_0.gia_thang<=?) and (? is null or bdct1_0.dien_tich_m2>=?) and (? is null or bdct1_0.dien_tich_m2<=?) and (? is null or bdct1_0.trang_thai=?) order by bdct1_0.ngay_dang desc
Hibernate: select count(bdct1_0.id) from bai_dang_cho_thue bdct1_0 where (? is null or bdct1_0.tinh_thanhpho like ? escape '') and (? is null or bdct1_0.phuong_xa like ? escape '') and (? is null or bdct1_0.gia_thang>=?) and (? is null or bdct1_0.gia_thang<=?) and (? is null or bdct1_0.dien_tich_m2>=?) and (? is null or bdct1_0.dien_tich_m2<=?) and (? is null or bdct1_0.trang_thai=?)
Hibernate: select u1_0.id,u1_0.avatar,u1_0.email,u1_0.fullname,u1_0.hash_password,u1_0.ngay_cap_nhat,u1_0.ngay_tao,u1_0.role,u1_0.so_dien_thoai from user u1_0 where u1_0.email=?
Hibernate: select bdct1_0.id,bdct1_0.dia_chi_day_du,bdct1_0.dien_tich_m2,bdct1_0.gia_thang,bdct1_0.kinh_do,bdct1_0.mo_ta,bdct1_0.ngay_cap_nhat,bdct1_0.ngay_co_the_vao_o,bdct1_0.ngay_dang,bdct1_0.id_nguoi_dang,bdct1_0.phuong_xa,bdct1_0.tieu_de,bdct1_0.tinh_thanhpho,bdct1_0.trang_thai,bdct1_0.vi_do from bai_dang_cho_thue bdct1_0 where (? is null or bdct1_0.tinh_thanhpho like ? escape '') and (? is null or bdct1_0.phuong_xa like ? escape '') and (? is null or bdct1_0.gia_thang>=?) and (? is null or bdct1_0.gia_thang<=?) and (? is null or bdct1_0.dien_tich_m2>=?) and (? is null or bdct1_0.dien_tich_m2<=?) and (? is null or bdct1_0.trang_thai=?) order by bdct1_0.ngay_dang desc
Hibernate: select count(bdct1_0.id) from bai_dang_cho_thue bdct1_0 where (? is null or bdct1_0.tinh_thanhpho like ? escape '') and (? is null or bdct1_0.phuong_xa like ? escape '') and (? is null or bdct1_0.gia_thang>=?) and (? is null or bdct1_0.gia_thang<=?) and (? is null or bdct1_0.dien_tich_m2>=?) and (? is null or bdct1_0.dien_tich_m2<=?) and (? is null or bdct1_0.trang_thai=?)
Hibernate: select u1_0.id,u1_0.avatar,u1_0.email,u1_0.fullname,u1_0.hash_password,u1_0.ngay_cap_nhat,u1_0.ngay_tao,u1_0.role,u1_0.so_dien_thoai from user u1_0 where u1_0.email=?
Hibernate: select bdct1_0.id,bdct1_0.dia_chi_day_du,bdct1_0.dien_tich_m2,bdct1_0.gia_thang,bdct1_0.kinh_do,bdct1_0.mo_ta,bdct1_0.ngay_cap_nhat,bdct1_0.ngay_co_the_vao_o,bdct1_0.ngay_dang,bdct1_0.id_nguoi_dang,bdct1_0.phuong_xa,bdct1_0.tieu_de,bdct1_0.tinh_thanhpho,bdct1_0.trang_thai,bdct1_0.vi_do from bai_dang_cho_thue bdct1_0 where (? is null or bdct1_0.tinh_thanhpho like ? escape '') and (? is null or bdct1_0.phuong_xa like ? escape '') and (? is null or bdct1_0.gia_thang>=?) and (? is null or bdct1_0.gia_thang<=?) and (? is null or bdct1_0.dien_tich_m2>=?) and (? is null or bdct1_0.dien_tich_m2<=?) and (? is null or bdct1_0.trang_thai=?) order by bdct1_0.ngay_dang desc
Hibernate: select count(bdct1_0.id) from bai_dang_cho_thue bdct1_0 where (? is null or bdct1_0.tinh_thanhpho like ? escape '') and (? is null or bdct1_0.phuong_xa like ? escape '') and (? is null or bdct1_0.gia_thang>=?) and (? is null or bdct1_0.gia_thang<=?) and (? is null or bdct1_0.dien_tich_m2>=?) and (? is null or bdct1_0.dien_tich_m2<=?) and (? is null or bdct1_0.trang_thai=?)
Hibernate: select u1_0.id,u1_0.avatar,u1_0.email,u1_0.fullname,u1_0.hash_password,u1_0.ngay_cap_nhat,u1_0.ngay_tao,u1_0.role,u1_0.so_dien_thoai from user u1_0 where u1_0.email=?
Hibernate: select bdct1_0.id,bdct1_0.dia_chi_day_du,bdct1_0.dien_tich_m2,bdct1_0.gia_thang,bdct1_0.kinh_do,bdct1_0.mo_ta,bdct1_0.ngay_cap_nhat,bdct1_0.ngay_co_the_vao_o,bdct1_0.ngay_dang,bdct1_0.id_nguoi_dang,bdct1_0.phuong_xa,bdct1_0.tieu_de,bdct1_0.tinh_thanhpho,bdct1_0.trang_thai,bdct1_0.vi_do from bai_dang_cho_thue bdct1_0 where (? is null or bdct1_0.tinh_thanhpho like ? escape '') and (? is null or bdct1_0.phuong_xa like ? escape '') and (? is null or bdct1_0.gia_thang>=?) and (? is null or bdct1_0.gia_thang<=?) and (? is null or bdct1_0.dien_tich_m2>=?) and (? is null or bdct1_0.dien_tich_m2<=?) and (? is null or bdct1_0.trang_thai=?) order by bdct1_0.ngay_dang desc
Hibernate: select count(bdct1_0.id) from bai_dang_cho_thue bdct1_0 where (? is null or bdct1_0.tinh_thanhpho like ? escape '') and (? is null or bdct1_0.phuong_xa like ? escape '') and (? is null or bdct1_0.gia_thang>=?) and (? is null or bdct1_0.gia_thang<=?) and (? is null or bdct1_0.dien_tich_m2>=?) and (? is null or bdct1_0.dien_tich_m2<=?) and (? is null or bdct1_0.trang_thai=?)
Hibernate: select u1_0.id,u1_0.avatar,u1_0.email,u1_0.fullname,u1_0.hash_password,u1_0.ngay_cap_nhat,u1_0.ngay_tao,u1_0.role,u1_0.so_dien_thoai from user u1_0 where u1_0.email=?
Hibernate: select bdct1_0.id,bdct1_0.dia_chi_day_du,bdct1_0.dien_tich_m2,bdct1_0.gia_thang,bdct1_0.kinh_do,bdct1_0.mo_ta,bdct1_0.ngay_cap_nhat,bdct1_0.ngay_co_the_vao_o,bdct1_0.ngay_dang,bdct1_0.id_nguoi_dang,bdct1_0.phuong_xa,bdct1_0.tieu_de,bdct1_0.tinh_thanhpho,bdct1_0.trang_thai,bdct1_0.vi_do from bai_dang_cho_thue bdct1_0 where (? is null or bdct1_0.tinh_thanhpho like ? escape '') and (? is null or bdct1_0.phuong_xa like ? escape '') and (? is null or bdct1_0.gia_thang>=?) and (? is null or bdct1_0.gia_thang<=?) and (? is null or bdct1_0.dien_tich_m2>=?) and (? is null or bdct1_0.dien_tich_m2<=?) and (? is null or bdct1_0.trang_thai=?) order by bdct1_0.ngay_dang desc
Hibernate: select count(bdct1_0.id) from bai_dang_cho_thue bdct1_0 where (? is null or bdct1_0.tinh_thanhpho like ? escape '') and (? is null or bdct1_0.phuong_xa like ? escape '') and (? is null or bdct1_0.gia_thang>=?) and (? is null or bdct1_0.gia_thang<=?) and (? is null or bdct1_0.dien_tich_m2>=?) and (? is null or bdct1_0.dien_tich_m2<=?) and (? is null or bdct1_0.trang_thai=?)
Hibernate: select u1_0.id,u1_0.avatar,u1_0.email,u1_0.fullname,u1_0.hash_password,u1_0.ngay_cap_nhat,u1_0.ngay_tao,u1_0.role,u1_0.so_dien_thoai from user u1_0 where u1_0.email=?
Hibernate: select bdct1_0.id,bdct1_0.dia_chi_day_du,bdct1_0.dien_tich_m2,bdct1_0.gia_thang,bdct1_0.kinh_do,bdct1_0.mo_ta,bdct1_0.ngay_cap_nhat,bdct1_0.ngay_co_the_vao_o,bdct1_0.ngay_dang,bdct1_0.id_nguoi_dang,bdct1_0.phuong_xa,bdct1_0.tieu_de,bdct1_0.tinh_thanhpho,bdct1_0.trang_thai,bdct1_0.vi_do from bai_dang_cho_thue bdct1_0 where (? is null or bdct1_0.tinh_thanhpho like ? escape '') and (? is null or bdct1_0.phuong_xa like ? escape '') and (? is null or bdct1_0.gia_thang>=?) and (? is null or bdct1_0.gia_thang<=?) and (? is null or bdct1_0.dien_tich_m2>=?) and (? is null or bdct1_0.dien_tich_m2<=?) and (? is null or bdct1_0.trang_thai=?) order by bdct1_0.ngay_dang desc
Hibernate: select count(bdct1_0.id) from bai_dang_cho_thue bdct1_0 where (? is null or bdct1_0.tinh_thanhpho like ? escape '') and (? is null or bdct1_0.phuong_xa like ? escape '') and (? is null or bdct1_0.gia_thang>=?) and (? is null or bdct1_0.gia_thang<=?) and (? is null or bdct1_0.dien_tich_m2>=?) and (? is null or bdct1_0.dien_tich_m2<=?) and (? is null or bdct1_0.trang_thai=?)
Hibernate: select u1_0.id,u1_0.avatar,u1_0.email,u1_0.fullname,u1_0.hash_password,u1_0.ngay_cap_nhat,u1_0.ngay_tao,u1_0.role,u1_0.so_dien_thoai from user u1_0 where u1_0.email=?
Hibernate: select bdct1_0.id,bdct1_0.dia_chi_day_du,bdct1_0.dien_tich_m2,bdct1_0.gia_thang,bdct1_0.kinh_do,bdct1_0.mo_ta,bdct1_0.ngay_cap_nhat,bdct1_0.ngay_co_the_vao_o,bdct1_0.ngay_dang,bdct1_0.id_nguoi_dang,bdct1_0.phuong_xa,bdct1_0.tieu_de,bdct1_0.tinh_thanhpho,bdct1_0.trang_thai,bdct1_0.vi_do from bai_dang_cho_thue bdct1_0 where (? is null or bdct1_0.tinh_thanhpho like ? escape '') and (? is null or bdct1_0.phuong_xa like ? escape '') and (? is null or bdct1_0.gia_thang>=?) and (? is null or bdct1_0.gia_thang<=?) and (? is null or bdct1_0.dien_tich_m2>=?) and (? is null or bdct1_0.dien_tich_m2<=?) and (? is null or bdct1_0.trang_thai=?) order by bdct1_0.ngay_dang desc
Hibernate: select count(bdct1_0.id) from bai_dang_cho_thue bdct1_0 where (? is null or bdct1_0.tinh_thanhpho like ? escape '') and (? is null or bdct1_0.phuong_xa like ? escape '') and (? is null or bdct1_0.gia_thang>=?) and (? is null or bdct1_0.gia_thang<=?) and (? is null or bdct1_0.dien_tich_m2>=?) and (? is null or bdct1_0.dien_tich_m2<=?) and (? is null or bdct1_0.trang_thai=?)
Hibernate: select u1_0.id,u1_0.avatar,u1_0.email,u1_0.fullname,u1_0.hash_password,u1_0.ngay_cap_nhat,u1_0.ngay_tao,u1_0.role,u1_0.so_dien_thoai from user u1_0 where u1_0.email=?
Hibernate: select bdct1_0.id,bdct1_0.dia_chi_day_du,bdct1_0.dien_tich_m2,bdct1_0.gia_thang,bdct1_0.kinh_do,bdct1_0.mo_ta,bdct1_0.ngay_cap_nhat,bdct1_0.ngay_co_the_vao_o,bdct1_0.ngay_dang,bdct1_0.id_nguoi_dang,bdct1_0.phuong_xa,bdct1_0.tieu_de,bdct1_0.tinh_thanhpho,bdct1_0.trang_thai,bdct1_0.vi_do from bai_dang_cho_thue bdct1_0 where (? is null or bdct1_0.tinh_thanhpho like ? escape '') and (? is null or bdct1_0.phuong_xa like ? escape '') and (? is null or bdct1_0.gia_thang>=?) and (? is null or bdct1_0.gia_thang<=?) and (? is null or bdct1_0.dien_tich_m2>=?) and (? is null or bdct1_0.dien_tich_m2<=?) and (? is null or bdct1_0.trang_thai=?) order by bdct1_0.ngay_dang desc
Hibernate: select count(bdct1_0.id) from bai_dang_cho_thue bdct1_0 where (? is null or bdct1_0.tinh_thanhpho like ? escape '') and (? is null or bdct1_0.phuong_xa like ? escape '') and (? is null or bdct1_0.gia_thang>=?) and (? is null or bdct1_0.gia_thang<=?) and (? is null or bdct1_0.dien_tich_m2>=?) and (? is null or bdct1_0.dien_tich_m2<=?) and (? is null or bdct1_0.trang_thai=?)
Hibernate: select u1_0.id,u1_0.avatar,u1_0.email,u1_0.fullname,u1_0.hash_password,u1_0.ngay_cap_nhat,u1_0.ngay_tao,u1_0.role,u1_0.so_dien_thoai from user u1_0 where u1_0.email=?
Hibernate: select bdct1_0.id,bdct1_0.dia_chi_day_du,bdct1_0.dien_tich_m2,bdct1_0.gia_thang,bdct1_0.kinh_do,bdct1_0.mo_ta,bdct1_0.ngay_cap_nhat,bdct1_0.ngay_co_the_vao_o,bdct1_0.ngay_dang,bdct1_0.id_nguoi_dang,bdct1_0.phuong_xa,bdct1_0.tieu_de,bdct1_0.tinh_thanhpho,bdct1_0.trang_thai,bdct1_0.vi_do from bai_dang_cho_thue bdct1_0 where (? is null or bdct1_0.tinh_thanhpho like ? escape '') and (? is null or bdct1_0.phuong_xa like ? escape '') and (? is null or bdct1_0.gia_thang>=?) and (? is null or bdct1_0.gia_thang<=?) and (? is null or bdct1_0.dien_tich_m2>=?) and (? is null or bdct1_0.dien_tich_m2<=?) and (? is null or bdct1_0.trang_thai=?) order by bdct1_0.ngay_dang desc
Hibernate: select count(bdct1_0.id) from bai_dang_cho_thue bdct1_0 where (? is null or bdct1_0.tinh_thanhpho like ? escape '') and (? is null or bdct1_0.phuong_xa like ? escape '') and (? is null or bdct1_0.gia_thang>=?) and (? is null or bdct1_0.gia_thang<=?) and (? is null or bdct1_0.dien_tich_m2>=?) and (? is null or bdct1_0.dien_tich_m2<=?) and (? is null or bdct1_0.trang_thai=?)
Hibernate: select u1_0.id,u1_0.avatar,u1_0.email,u1_0.fullname,u1_0.hash_password,u1_0.ngay_cap_nhat,u1_0.ngay_tao,u1_0.role,u1_0.so_dien_thoai from user u1_0 where u1_0.email=?
Hibernate: select bdct1_0.id,bdct1_0.dia_chi_day_du,bdct1_0.dien_tich_m2,bdct1_0.gia_thang,bdct1_0.kinh_do,bdct1_0.mo_ta,bdct1_0.ngay_cap_nhat,bdct1_0.ngay_co_the_vao_o,bdct1_0.ngay_dang,bdct1_0.id_nguoi_dang,bdct1_0.phuong_xa,bdct1_0.tieu_de,bdct1_0.tinh_thanhpho,bdct1_0.trang_thai,bdct1_0.vi_do from bai_dang_cho_thue bdct1_0 where (? is null or bdct1_0.tinh_thanhpho like ? escape '') and (? is null or bdct1_0.phuong_xa like ? escape '') and (? is null or bdct1_0.gia_thang>=?) and (? is null or bdct1_0.gia_thang<=?) and (? is null or bdct1_0.dien_tich_m2>=?) and (? is null or bdct1_0.dien_tich_m2<=?) and (? is null or bdct1_0.trang_thai=?) order by bdct1_0.ngay_dang desc
Hibernate: select count(bdct1_0.id) from bai_dang_cho_thue bdct1_0 where (? is null or bdct1_0.tinh_thanhpho like ? escape '') and (? is null or bdct1_0.phuong_xa like ? escape '') and (? is null or bdct1_0.gia_thang>=?) and (? is null or bdct1_0.gia_thang<=?) and (? is null or bdct1_0.dien_tich_m2>=?) and (? is null or bdct1_0.dien_tich_m2<=?) and (? is null or bdct1_0.trang_thai=?)
Hibernate: select u1_0.id,u1_0.avatar,u1_0.email,u1_0.fullname,u1_0.hash_password,u1_0.ngay_cap_nhat,u1_0.ngay_tao,u1_0.role,u1_0.so_dien_thoai from user u1_0 where u1_0.email=?
Hibernate: select bdct1_0.id,bdct1_0.dia_chi_day_du,bdct1_0.dien_tich_m2,bdct1_0.gia_thang,bdct1_0.kinh_do,bdct1_0.mo_ta,bdct1_0.ngay_cap_nhat,bdct1_0.ngay_co_the_vao_o,bdct1_0.ngay_dang,bdct1_0.id_nguoi_dang,bdct1_0.phuong_xa,bdct1_0.tieu_de,bdct1_0.tinh_thanhpho,bdct1_0.trang_thai,bdct1_0.vi_do from bai_dang_cho_thue bdct1_0 where (? is null or bdct1_0.tinh_thanhpho like ? escape '') and (? is null or bdct1_0.phuong_xa like ? escape '') and (? is null or bdct1_0.gia_thang>=?) and (? is null or bdct1_0.gia_thang<=?) and (? is null or bdct1_0.dien_tich_m2>=?) and (? is null or bdct1_0.dien_tich_m2<=?) and (? is null or bdct1_0.trang_thai=?) order by bdct1_0.ngay_dang desc
Hibernate: select count(bdct1_0.id) from bai_dang_cho_thue bdct1_0 where (? is null or bdct1_0.tinh_thanhpho like ? escape '') and (? is null or bdct1_0.phuong_xa like ? escape '') and (? is null or bdct1_0.gia_thang>=?) and (? is null or bdct1_0.gia_thang<=?) and (? is null or bdct1_0.dien_tich_m2>=?) and (? is null or bdct1_0.dien_tich_m2<=?) and (? is null or bdct1_0.trang_thai=?)
Hibernate: select u1_0.id,u1_0.avatar,u1_0.email,u1_0.fullname,u1_0.hash_password,u1_0.ngay_cap_nhat,u1_0.ngay_tao,u1_0.role,u1_0.so_dien_thoai from user u1_0 where u1_0.email=?
Hibernate: select bdct1_0.id,bdct1_0.dia_chi_day_du,bdct1_0.dien_tich_m2,bdct1_0.gia_thang,bdct1_0.kinh_do,bdct1_0.mo_ta,bdct1_0.ngay_cap_nhat,bdct1_0.ngay_co_the_vao_o,bdct1_0.ngay_dang,bdct1_0.id_nguoi_dang,bdct1_0.phuong_xa,bdct1_0.tieu_de,bdct1_0.tinh_thanhpho,bdct1_0.trang_thai,bdct1_0.vi_do from bai_dang_cho_thue bdct1_0 where (? is null or bdct1_0.tinh_thanhpho like ? escape '') and (? is null or bdct1_0.phuong_xa like ? escape '') and (? is null or bdct1_0.gia_thang>=?) and (? is null or bdct1_0.gia_thang<=?) and (? is null or bdct1_0.dien_tich_m2>=?) and (? is null or bdct1_0.dien_tich_m2<=?) and (? is null or bdct1_0.trang_thai=?) order by bdct1_0.ngay_dang desc
Hibernate: select count(bdct1_0.id) from bai_dang_cho_thue bdct1_0 where (? is null or bdct1_0.tinh_thanhpho like ? escape '') and (? is null or bdct1_0.phuong_xa like ? escape '') and (? is null or bdct1_0.gia_thang>=?) and (? is null or bdct1_0.gia_thang<=?) and (? is null or bdct1_0.dien_tich_m2>=?) and (? is null or bdct1_0.dien_tich_m2<=?) and (? is null or bdct1_0.trang_thai=?)
Hibernate: select u1_0.id,u1_0.avatar,u1_0.email,u1_0.fullname,u1_0.hash_password,u1_0.ngay_cap_nhat,u1_0.ngay_tao,u1_0.role,u1_0.so_dien_thoai from user u1_0 where u1_0.email=?
Hibernate: select bdct1_0.id,bdct1_0.dia_chi_day_du,bdct1_0.dien_tich_m2,bdct1_0.gia_thang,bdct1_0.kinh_do,bdct1_0.mo_ta,bdct1_0.ngay_cap_nhat,bdct1_0.ngay_co_the_vao_o,bdct1_0.ngay_dang,bdct1_0.id_nguoi_dang,bdct1_0.phuong_xa,bdct1_0.tieu_de,bdct1_0.tinh_thanhpho,bdct1_0.trang_thai,bdct1_0.vi_do from bai_dang_cho_thue bdct1_0 where (? is null or bdct1_0.tinh_thanhpho like ? escape '') and (? is null or bdct1_0.phuong_xa like ? escape '') and (? is null or bdct1_0.gia_thang>=?) and (? is null or bdct1_0.gia_thang<=?) and (? is null or bdct1_0.dien_tich_m2>=?) and (? is null or bdct1_0.dien_tich_m2<=?) and (? is null or bdct1_0.trang_thai=?) order by bdct1_0.ngay_dang desc
Hibernate: select count(bdct1_0.id) from bai_dang_cho_thue bdct1_0 where (? is null or bdct1_0.tinh_thanhpho like ? escape '') and (? is null or bdct1_0.phuong_xa like ? escape '') and (? is null or bdct1_0.gia_thang>=?) and (? is null or bdct1_0.gia_thang<=?) and (? is null or bdct1_0.dien_tich_m2>=?) and (? is null or bdct1_0.dien_tich_m2<=?) and (? is null or bdct1_0.trang_thai=?)
Hibernate: SELECT b.* FROM bai_dang_cho_thue b INNER JOIN user_tracking ut ON b.id = ut.bai_dang_id WHERE ut.user_id = ? AND ut.type = 'like' ORDER BY ut.id DESC
Hibernate: select u1_0.id,u1_0.avatar,u1_0.email,u1_0.fullname,u1_0.hash_password,u1_0.ngay_cap_nhat,u1_0.ngay_tao,u1_0.role,u1_0.so_dien_thoai from user u1_0 where u1_0.id=?
Hibernate: select hapt1_0.duong_dan_anh from hinh_anh_phong_tro hapt1_0 where hapt1_0.id_bai_dang_cho_thue=? and hapt1_0.la_anh_bia=1
Hibernate: select hapt1_0.duong_dan_anh from hinh_anh_phong_tro hapt1_0 where hapt1_0.id_bai_dang_cho_thue=? and hapt1_0.la_anh_bia=1
Hibernate: select hapt1_0.duong_dan_anh from hinh_anh_phong_tro hapt1_0 where hapt1_0.id_bai_dang_cho_thue=? and hapt1_0.la_anh_bia=1
Hibernate: select hapt1_0.duong_dan_anh from hinh_anh_phong_tro hapt1_0 where hapt1_0.id_bai_dang_cho_thue=? and hapt1_0.la_anh_bia=1
Hibernate: select u1_0.id,u1_0.avatar,u1_0.email,u1_0.fullname,u1_0.hash_password,u1_0.ngay_cap_nhat,u1_0.ngay_tao,u1_0.role,u1_0.so_dien_thoai from user u1_0 where u1_0.email=?
Hibernate: select bdct1_0.id,bdct1_0.dia_chi_day_du,bdct1_0.dien_tich_m2,bdct1_0.gia_thang,bdct1_0.kinh_do,bdct1_0.mo_ta,bdct1_0.ngay_cap_nhat,bdct1_0.ngay_co_the_vao_o,bdct1_0.ngay_dang,bdct1_0.id_nguoi_dang,bdct1_0.phuong_xa,bdct1_0.tieu_de,bdct1_0.tinh_thanhpho,bdct1_0.trang_thai,bdct1_0.vi_do from bai_dang_cho_thue bdct1_0 where (? is null or bdct1_0.tinh_thanhpho like ? escape '') and (? is null or bdct1_0.phuong_xa like ? escape '') and (? is null or bdct1_0.gia_thang>=?) and (? is null or bdct1_0.gia_thang<=?) and (? is null or bdct1_0.dien_tich_m2>=?) and (? is null or bdct1_0.dien_tich_m2<=?) and (? is null or bdct1_0.trang_thai=?) order by bdct1_0.ngay_dang desc
Hibernate: select count(bdct1_0.id) from bai_dang_cho_thue bdct1_0 where (? is null or bdct1_0.tinh_thanhpho like ? escape '') and (? is null or bdct1_0.phuong_xa like ? escape '') and (? is null or bdct1_0.gia_thang>=?) and (? is null or bdct1_0.gia_thang<=?) and (? is null or bdct1_0.dien_tich_m2>=?) and (? is null or bdct1_0.dien_tich_m2<=?) and (? is null or bdct1_0.trang_thai=?)
Hibernate: select u1_0.id,u1_0.avatar,u1_0.email,u1_0.fullname,u1_0.hash_password,u1_0.ngay_cap_nhat,u1_0.ngay_tao,u1_0.role,u1_0.so_dien_thoai from user u1_0 where u1_0.email=?
Hibernate: select bdct1_0.id,bdct1_0.dia_chi_day_du,bdct1_0.dien_tich_m2,bdct1_0.gia_thang,bdct1_0.kinh_do,bdct1_0.mo_ta,bdct1_0.ngay_cap_nhat,bdct1_0.ngay_co_the_vao_o,bdct1_0.ngay_dang,bdct1_0.id_nguoi_dang,bdct1_0.phuong_xa,bdct1_0.tieu_de,bdct1_0.tinh_thanhpho,bdct1_0.trang_thai,bdct1_0.vi_do from bai_dang_cho_thue bdct1_0 where (? is null or bdct1_0.tinh_thanhpho like ? escape '') and (? is null or bdct1_0.phuong_xa like ? escape '') and (? is null or bdct1_0.gia_thang>=?) and (? is null or bdct1_0.gia_thang<=?) and (? is null or bdct1_0.dien_tich_m2>=?) and (? is null or bdct1_0.dien_tich_m2<=?) and (? is null or bdct1_0.trang_thai=?) order by bdct1_0.ngay_dang desc
Hibernate: select count(bdct1_0.id) from bai_dang_cho_thue bdct1_0 where (? is null or bdct1_0.tinh_thanhpho like ? escape '') and (? is null or bdct1_0.phuong_xa like ? escape '') and (? is null or bdct1_0.gia_thang>=?) and (? is null or bdct1_0.gia_thang<=?) and (? is null or bdct1_0.dien_tich_m2>=?) and (? is null or bdct1_0.dien_tich_m2<=?) and (? is null or bdct1_0.trang_thai=?)
Hibernate: select u1_0.id,u1_0.avatar,u1_0.email,u1_0.fullname,u1_0.hash_password,u1_0.ngay_cap_nhat,u1_0.ngay_tao,u1_0.role,u1_0.so_dien_thoai from user u1_0 where u1_0.email=?
Hibernate: select bdct1_0.id,bdct1_0.dia_chi_day_du,bdct1_0.dien_tich_m2,bdct1_0.gia_thang,bdct1_0.kinh_do,bdct1_0.mo_ta,bdct1_0.ngay_cap_nhat,bdct1_0.ngay_co_the_vao_o,bdct1_0.ngay_dang,bdct1_0.id_nguoi_dang,bdct1_0.phuong_xa,bdct1_0.tieu_de,bdct1_0.tinh_thanhpho,bdct1_0.trang_thai,bdct1_0.vi_do from bai_dang_cho_thue bdct1_0 where (? is null or bdct1_0.tinh_thanhpho like ? escape '') and (? is null or bdct1_0.phuong_xa like ? escape '') and (? is null or bdct1_0.gia_thang>=?) and (? is null or bdct1_0.gia_thang<=?) and (? is null or bdct1_0.dien_tich_m2>=?) and (? is null or bdct1_0.dien_tich_m2<=?) and (? is null or bdct1_0.trang_thai=?) order by bdct1_0.ngay_dang desc
Hibernate: select count(bdct1_0.id) from bai_dang_cho_thue bdct1_0 where (? is null or bdct1_0.tinh_thanhpho like ? escape '') and (? is null or bdct1_0.phuong_xa like ? escape '') and (? is null or bdct1_0.gia_thang>=?) and (? is null or bdct1_0.gia_thang<=?) and (? is null or bdct1_0.dien_tich_m2>=?) and (? is null or bdct1_0.dien_tich_m2<=?) and (? is null or bdct1_0.trang_thai=?)
Hibernate: select u1_0.id,u1_0.avatar,u1_0.email,u1_0.fullname,u1_0.hash_password,u1_0.ngay_cap_nhat,u1_0.ngay_tao,u1_0.role,u1_0.so_dien_thoai from user u1_0 where u1_0.email=?
Hibernate: select bdct1_0.id,bdct1_0.dia_chi_day_du,bdct1_0.dien_tich_m2,bdct1_0.gia_thang,bdct1_0.kinh_do,bdct1_0.mo_ta,bdct1_0.ngay_cap_nhat,bdct1_0.ngay_co_the_vao_o,bdct1_0.ngay_dang,bdct1_0.id_nguoi_dang,bdct1_0.phuong_xa,bdct1_0.tieu_de,bdct1_0.tinh_thanhpho,bdct1_0.trang_thai,bdct1_0.vi_do from bai_dang_cho_thue bdct1_0 where (? is null or bdct1_0.tinh_thanhpho like ? escape '') and (? is null or bdct1_0.phuong_xa like ? escape '') and (? is null or bdct1_0.gia_thang>=?) and (? is null or bdct1_0.gia_thang<=?) and (? is null or bdct1_0.dien_tich_m2>=?) and (? is null or bdct1_0.dien_tich_m2<=?) and (? is null or bdct1_0.trang_thai=?) order by bdct1_0.ngay_dang desc
Hibernate: select count(bdct1_0.id) from bai_dang_cho_thue bdct1_0 where (? is null or bdct1_0.tinh_thanhpho like ? escape '') and (? is null or bdct1_0.phuong_xa like ? escape '') and (? is null or bdct1_0.gia_thang>=?) and (? is null or bdct1_0.gia_thang<=?) and (? is null or bdct1_0.dien_tich_m2>=?) and (? is null or bdct1_0.dien_tich_m2<=?) and (? is null or bdct1_0.trang_thai=?)
Hibernate: select u1_0.id,u1_0.avatar,u1_0.email,u1_0.fullname,u1_0.hash_password,u1_0.ngay_cap_nhat,u1_0.ngay_tao,u1_0.role,u1_0.so_dien_thoai from user u1_0 where u1_0.email=?
Hibernate: select bdct1_0.id,bdct1_0.dia_chi_day_du,bdct1_0.dien_tich_m2,bdct1_0.gia_thang,bdct1_0.kinh_do,bdct1_0.mo_ta,bdct1_0.ngay_cap_nhat,bdct1_0.ngay_co_the_vao_o,bdct1_0.ngay_dang,bdct1_0.id_nguoi_dang,bdct1_0.phuong_xa,bdct1_0.tieu_de,bdct1_0.tinh_thanhpho,bdct1_0.trang_thai,bdct1_0.vi_do from bai_dang_cho_thue bdct1_0 where (? is null or bdct1_0.tinh_thanhpho like ? escape '') and (? is null or bdct1_0.phuong_xa like ? escape '') and (? is null or bdct1_0.gia_thang>=?) and (? is null or bdct1_0.gia_thang<=?) and (? is null or bdct1_0.dien_tich_m2>=?) and (? is null or bdct1_0.dien_tich_m2<=?) and (? is null or bdct1_0.trang_thai=?) order by bdct1_0.ngay_dang desc
Hibernate: select count(bdct1_0.id) from bai_dang_cho_thue bdct1_0 where (? is null or bdct1_0.tinh_thanhpho like ? escape '') and (? is null or bdct1_0.phuong_xa like ? escape '') and (? is null or bdct1_0.gia_thang>=?) and (? is null or bdct1_0.gia_thang<=?) and (? is null or bdct1_0.dien_tich_m2>=?) and (? is null or bdct1_0.dien_tich_m2<=?) and (? is null or bdct1_0.trang_thai=?)
Hibernate: select u1_0.id,u1_0.avatar,u1_0.email,u1_0.fullname,u1_0.hash_password,u1_0.ngay_cap_nhat,u1_0.ngay_tao,u1_0.role,u1_0.so_dien_thoai from user u1_0 where u1_0.email=?
Hibernate: select bdct1_0.id,bdct1_0.dia_chi_day_du,bdct1_0.dien_tich_m2,bdct1_0.gia_thang,bdct1_0.kinh_do,bdct1_0.mo_ta,bdct1_0.ngay_cap_nhat,bdct1_0.ngay_co_the_vao_o,bdct1_0.ngay_dang,bdct1_0.id_nguoi_dang,bdct1_0.phuong_xa,bdct1_0.tieu_de,bdct1_0.tinh_thanhpho,bdct1_0.trang_thai,bdct1_0.vi_do from bai_dang_cho_thue bdct1_0 where (? is null or bdct1_0.tinh_thanhpho like ? escape '') and (? is null or bdct1_0.phuong_xa like ? escape '') and (? is null or bdct1_0.gia_thang>=?) and (? is null or bdct1_0.gia_thang<=?) and (? is null or bdct1_0.dien_tich_m2>=?) and (? is null or bdct1_0.dien_tich_m2<=?) and (? is null or bdct1_0.trang_thai=?) order by bdct1_0.ngay_dang desc
Hibernate: select count(bdct1_0.id) from bai_dang_cho_thue bdct1_0 where (? is null or bdct1_0.tinh_thanhpho like ? escape '') and (? is null or bdct1_0.phuong_xa like ? escape '') and (? is null or bdct1_0.gia_thang>=?) and (? is null or bdct1_0.gia_thang<=?) and (? is null or bdct1_0.dien_tich_m2>=?) and (? is null or bdct1_0.dien_tich_m2<=?) and (? is null or bdct1_0.trang_thai=?)
Hibernate: select u1_0.id,u1_0.avatar,u1_0.email,u1_0.fullname,u1_0.hash_password,u1_0.ngay_cap_nhat,u1_0.ngay_tao,u1_0.role,u1_0.so_dien_thoai from user u1_0 where u1_0.email=?
Hibernate: select bdct1_0.id,bdct1_0.dia_chi_day_du,bdct1_0.dien_tich_m2,bdct1_0.gia_thang,bdct1_0.kinh_do,bdct1_0.mo_ta,bdct1_0.ngay_cap_nhat,bdct1_0.ngay_co_the_vao_o,bdct1_0.ngay_dang,bdct1_0.id_nguoi_dang,bdct1_0.phuong_xa,bdct1_0.tieu_de,bdct1_0.tinh_thanhpho,bdct1_0.trang_thai,bdct1_0.vi_do from bai_dang_cho_thue bdct1_0 where (? is null or bdct1_0.tinh_thanhpho like ? escape '') and (? is null or bdct1_0.phuong_xa like ? escape '') and (? is null or bdct1_0.gia_thang>=?) and (? is null or bdct1_0.gia_thang<=?) and (? is null or bdct1_0.dien_tich_m2>=?) and (? is null or bdct1_0.dien_tich_m2<=?) and (? is null or bdct1_0.trang_thai=?) order by bdct1_0.ngay_dang desc
Hibernate: select count(bdct1_0.id) from bai_dang_cho_thue bdct1_0 where (? is null or bdct1_0.tinh_thanhpho like ? escape '') and (? is null or bdct1_0.phuong_xa like ? escape '') and (? is null or bdct1_0.gia_thang>=?) and (? is null or bdct1_0.gia_thang<=?) and (? is null or bdct1_0.dien_tich_m2>=?) and (? is null or bdct1_0.dien_tich_m2<=?) and (? is null or bdct1_0.trang_thai=?)
Hibernate: select u1_0.id,u1_0.avatar,u1_0.email,u1_0.fullname,u1_0.hash_password,u1_0.ngay_cap_nhat,u1_0.ngay_tao,u1_0.role,u1_0.so_dien_thoai from user u1_0 where u1_0.email=?
Hibernate: select bdct1_0.id,bdct1_0.dia_chi_day_du,bdct1_0.dien_tich_m2,bdct1_0.gia_thang,bdct1_0.kinh_do,bdct1_0.mo_ta,bdct1_0.ngay_cap_nhat,bdct1_0.ngay_co_the_vao_o,bdct1_0.ngay_dang,bdct1_0.id_nguoi_dang,bdct1_0.phuong_xa,bdct1_0.tieu_de,bdct1_0.tinh_thanhpho,bdct1_0.trang_thai,bdct1_0.vi_do from bai_dang_cho_thue bdct1_0 where (? is null or bdct1_0.tinh_thanhpho like ? escape '') and (? is null or bdct1_0.phuong_xa like ? escape '') and (? is null or bdct1_0.gia_thang>=?) and (? is null or bdct1_0.gia_thang<=?) and (? is null or bdct1_0.dien_tich_m2>=?) and (? is null or bdct1_0.dien_tich_m2<=?) and (? is null or bdct1_0.trang_thai=?) order by bdct1_0.ngay_dang desc
Hibernate: select count(bdct1_0.id) from bai_dang_cho_thue bdct1_0 where (? is null or bdct1_0.tinh_thanhpho like ? escape '') and (? is null or bdct1_0.phuong_xa like ? escape '') and (? is null or bdct1_0.gia_thang>=?) and (? is null or bdct1_0.gia_thang<=?) and (? is null or bdct1_0.dien_tich_m2>=?) and (? is null or bdct1_0.dien_tich_m2<=?) and (? is null or bdct1_0.trang_thai=?)
Hibernate: select u1_0.id,u1_0.avatar,u1_0.email,u1_0.fullname,u1_0.hash_password,u1_0.ngay_cap_nhat,u1_0.ngay_tao,u1_0.role,u1_0.so_dien_thoai from user u1_0 where u1_0.email=?
Hibernate: select bdct1_0.id,bdct1_0.dia_chi_day_du,bdct1_0.dien_tich_m2,bdct1_0.gia_thang,bdct1_0.kinh_do,bdct1_0.mo_ta,bdct1_0.ngay_cap_nhat,bdct1_0.ngay_co_the_vao_o,bdct1_0.ngay_dang,bdct1_0.id_nguoi_dang,bdct1_0.phuong_xa,bdct1_0.tieu_de,bdct1_0.tinh_thanhpho,bdct1_0.trang_thai,bdct1_0.vi_do from bai_dang_cho_thue bdct1_0 where (? is null or bdct1_0.tinh_thanhpho like ? escape '') and (? is null or bdct1_0.phuong_xa like ? escape '') and (? is null or bdct1_0.gia_thang>=?) and (? is null or bdct1_0.gia_thang<=?) and (? is null or bdct1_0.dien_tich_m2>=?) and (? is null or bdct1_0.dien_tich_m2<=?) and (? is null or bdct1_0.trang_thai=?) order by bdct1_0.ngay_dang desc
Hibernate: select count(bdct1_0.id) from bai_dang_cho_thue bdct1_0 where (? is null or bdct1_0.tinh_thanhpho like ? escape '') and (? is null or bdct1_0.phuong_xa like ? escape '') and (? is null or bdct1_0.gia_thang>=?) and (? is null or bdct1_0.gia_thang<=?) and (? is null or bdct1_0.dien_tich_m2>=?) and (? is null or bdct1_0.dien_tich_m2<=?) and (? is null or bdct1_0.trang_thai=?)
Hibernate: select u1_0.id,u1_0.avatar,u1_0.email,u1_0.fullname,u1_0.hash_password,u1_0.ngay_cap_nhat,u1_0.ngay_tao,u1_0.role,u1_0.so_dien_thoai from user u1_0 where u1_0.email=?
Hibernate: select bdct1_0.id,bdct1_0.dia_chi_day_du,bdct1_0.dien_tich_m2,bdct1_0.gia_thang,bdct1_0.kinh_do,bdct1_0.mo_ta,bdct1_0.ngay_cap_nhat,bdct1_0.ngay_co_the_vao_o,bdct1_0.ngay_dang,bdct1_0.id_nguoi_dang,bdct1_0.phuong_xa,bdct1_0.tieu_de,bdct1_0.tinh_thanhpho,bdct1_0.trang_thai,bdct1_0.vi_do from bai_dang_cho_thue bdct1_0 where (? is null or bdct1_0.tinh_thanhpho like ? escape '') and (? is null or bdct1_0.phuong_xa like ? escape '') and (? is null or bdct1_0.gia_thang>=?) and (? is null or bdct1_0.gia_thang<=?) and (? is null or bdct1_0.dien_tich_m2>=?) and (? is null or bdct1_0.dien_tich_m2<=?) and (? is null or bdct1_0.trang_thai=?) order by bdct1_0.ngay_dang desc
Hibernate: select count(bdct1_0.id) from bai_dang_cho_thue bdct1_0 where (? is null or bdct1_0.tinh_thanhpho like ? escape '') and (? is null or bdct1_0.phuong_xa like ? escape '') and (? is null or bdct1_0.gia_thang>=?) and (? is null or bdct1_0.gia_thang<=?) and (? is null or bdct1_0.dien_tich_m2>=?) and (? is null or bdct1_0.dien_tich_m2<=?) and (? is null or bdct1_0.trang_thai=?)
Hibernate: select u1_0.id,u1_0.avatar,u1_0.email,u1_0.fullname,u1_0.hash_password,u1_0.ngay_cap_nhat,u1_0.ngay_tao,u1_0.role,u1_0.so_dien_thoai from user u1_0 where u1_0.email=?
Hibernate: select bdct1_0.id,bdct1_0.dia_chi_day_du,bdct1_0.dien_tich_m2,bdct1_0.gia_thang,bdct1_0.kinh_do,bdct1_0.mo_ta,bdct1_0.ngay_cap_nhat,bdct1_0.ngay_co_the_vao_o,bdct1_0.ngay_dang,bdct1_0.id_nguoi_dang,bdct1_0.phuong_xa,bdct1_0.tieu_de,bdct1_0.tinh_thanhpho,bdct1_0.trang_thai,bdct1_0.vi_do from bai_dang_cho_thue bdct1_0 where (? is null or bdct1_0.tinh_thanhpho like ? escape '') and (? is null or bdct1_0.phuong_xa like ? escape '') and (? is null or bdct1_0.gia_thang>=?) and (? is null or bdct1_0.gia_thang<=?) and (? is null or bdct1_0.dien_tich_m2>=?) and (? is null or bdct1_0.dien_tich_m2<=?) and (? is null or bdct1_0.trang_thai=?) order by bdct1_0.ngay_dang desc
Hibernate: select count(bdct1_0.id) from bai_dang_cho_thue bdct1_0 where (? is null or bdct1_0.tinh_thanhpho like ? escape '') and (? is null or bdct1_0.phuong_xa like ? escape '') and (? is null or bdct1_0.gia_thang>=?) and (? is null or bdct1_0.gia_thang<=?) and (? is null or bdct1_0.dien_tich_m2>=?) and (? is null or bdct1_0.dien_tich_m2<=?) and (? is null or bdct1_0.trang_thai=?)
Hibernate: select u1_0.id,u1_0.avatar,u1_0.email,u1_0.fullname,u1_0.hash_password,u1_0.ngay_cap_nhat,u1_0.ngay_tao,u1_0.role,u1_0.so_dien_thoai from user u1_0 where u1_0.email=?
Hibernate: select bdct1_0.id,bdct1_0.dia_chi_day_du,bdct1_0.dien_tich_m2,bdct1_0.gia_thang,bdct1_0.kinh_do,bdct1_0.mo_ta,bdct1_0.ngay_cap_nhat,bdct1_0.ngay_co_the_vao_o,bdct1_0.ngay_dang,bdct1_0.id_nguoi_dang,bdct1_0.phuong_xa,bdct1_0.tieu_de,bdct1_0.tinh_thanhpho,bdct1_0.trang_thai,bdct1_0.vi_do from bai_dang_cho_thue bdct1_0 where (? is null or bdct1_0.tinh_thanhpho like ? escape '') and (? is null or bdct1_0.phuong_xa like ? escape '') and (? is null or bdct1_0.gia_thang>=?) and (? is null or bdct1_0.gia_thang<=?) and (? is null or bdct1_0.dien_tich_m2>=?) and (? is null or bdct1_0.dien_tich_m2<=?) and (? is null or bdct1_0.trang_thai=?) order by bdct1_0.ngay_dang desc
Hibernate: select count(bdct1_0.id) from bai_dang_cho_thue bdct1_0 where (? is null or bdct1_0.tinh_thanhpho like ? escape '') and (? is null or bdct1_0.phuong_xa like ? escape '') and (? is null or bdct1_0.gia_thang>=?) and (? is null or bdct1_0.gia_thang<=?) and (? is null or bdct1_0.dien_tich_m2>=?) and (? is null or bdct1_0.dien_tich_m2<=?) and (? is null or bdct1_0.trang_thai=?)
Hibernate: select u1_0.id,u1_0.avatar,u1_0.email,u1_0.fullname,u1_0.hash_password,u1_0.ngay_cap_nhat,u1_0.ngay_tao,u1_0.role,u1_0.so_dien_thoai from user u1_0 where u1_0.email=?
Hibernate: select bdct1_0.id,bdct1_0.dia_chi_day_du,bdct1_0.dien_tich_m2,bdct1_0.gia_thang,bdct1_0.kinh_do,bdct1_0.mo_ta,bdct1_0.ngay_cap_nhat,bdct1_0.ngay_co_the_vao_o,bdct1_0.ngay_dang,bdct1_0.id_nguoi_dang,bdct1_0.phuong_xa,bdct1_0.tieu_de,bdct1_0.tinh_thanhpho,bdct1_0.trang_thai,bdct1_0.vi_do from bai_dang_cho_thue bdct1_0 where (? is null or bdct1_0.tinh_thanhpho like ? escape '') and (? is null or bdct1_0.phuong_xa like ? escape '') and (? is null or bdct1_0.gia_thang>=?) and (? is null or bdct1_0.gia_thang<=?) and (? is null or bdct1_0.dien_tich_m2>=?) and (? is null or bdct1_0.dien_tich_m2<=?) and (? is null or bdct1_0.trang_thai=?) order by bdct1_0.ngay_dang desc
Hibernate: select count(bdct1_0.id) from bai_dang_cho_thue bdct1_0 where (? is null or bdct1_0.tinh_thanhpho like ? escape '') and (? is null or bdct1_0.phuong_xa like ? escape '') and (? is null or bdct1_0.gia_thang>=?) and (? is null or bdct1_0.gia_thang<=?) and (? is null or bdct1_0.dien_tich_m2>=?) and (? is null or bdct1_0.dien_tich_m2<=?) and (? is null or bdct1_0.trang_thai=?)
Hibernate: select u1_0.id,u1_0.avatar,u1_0.email,u1_0.fullname,u1_0.hash_password,u1_0.ngay_cap_nhat,u1_0.ngay_tao,u1_0.role,u1_0.so_dien_thoai from user u1_0 where u1_0.email=?
Hibernate: select bdct1_0.id,bdct1_0.dia_chi_day_du,bdct1_0.dien_tich_m2,bdct1_0.gia_thang,bdct1_0.kinh_do,bdct1_0.mo_ta,bdct1_0.ngay_cap_nhat,bdct1_0.ngay_co_the_vao_o,bdct1_0.ngay_dang,bdct1_0.id_nguoi_dang,bdct1_0.phuong_xa,bdct1_0.tieu_de,bdct1_0.tinh_thanhpho,bdct1_0.trang_thai,bdct1_0.vi_do from bai_dang_cho_thue bdct1_0 where (? is null or bdct1_0.tinh_thanhpho like ? escape '') and (? is null or bdct1_0.phuong_xa like ? escape '') and (? is null or bdct1_0.gia_thang>=?) and (? is null or bdct1_0.gia_thang<=?) and (? is null or bdct1_0.dien_tich_m2>=?) and (? is null or bdct1_0.dien_tich_m2<=?) and (? is null or bdct1_0.trang_thai=?) order by bdct1_0.ngay_dang desc
Hibernate: select count(bdct1_0.id) from bai_dang_cho_thue bdct1_0 where (? is null or bdct1_0.tinh_thanhpho like ? escape '') and (? is null or bdct1_0.phuong_xa like ? escape '') and (? is null or bdct1_0.gia_thang>=?) and (? is null or bdct1_0.gia_thang<=?) and (? is null or bdct1_0.dien_tich_m2>=?) and (? is null or bdct1_0.dien_tich_m2<=?) and (? is null or bdct1_0.trang_thai=?)
Hibernate: select u1_0.id,u1_0.avatar,u1_0.email,u1_0.fullname,u1_0.hash_password,u1_0.ngay_cap_nhat,u1_0.ngay_tao,u1_0.role,u1_0.so_dien_thoai from user u1_0 where u1_0.email=?
Hibernate: select bdct1_0.id,bdct1_0.dia_chi_day_du,bdct1_0.dien_tich_m2,bdct1_0.gia_thang,bdct1_0.kinh_do,bdct1_0.mo_ta,bdct1_0.ngay_cap_nhat,bdct1_0.ngay_co_the_vao_o,bdct1_0.ngay_dang,bdct1_0.id_nguoi_dang,bdct1_0.phuong_xa,bdct1_0.tieu_de,bdct1_0.tinh_thanhpho,bdct1_0.trang_thai,bdct1_0.vi_do from bai_dang_cho_thue bdct1_0 where (? is null or bdct1_0.tinh_thanhpho like ? escape '') and (? is null or bdct1_0.phuong_xa like ? escape '') and (? is null or bdct1_0.gia_thang>=?) and (? is null or bdct1_0.gia_thang<=?) and (? is null or bdct1_0.dien_tich_m2>=?) and (? is null or bdct1_0.dien_tich_m2<=?) and (? is null or bdct1_0.trang_thai=?) order by bdct1_0.ngay_dang desc
Hibernate: select count(bdct1_0.id) from bai_dang_cho_thue bdct1_0 where (? is null or bdct1_0.tinh_thanhpho like ? escape '') and (? is null or bdct1_0.phuong_xa like ? escape '') and (? is null or bdct1_0.gia_thang>=?) and (? is null or bdct1_0.gia_thang<=?) and (? is null or bdct1_0.dien_tich_m2>=?) and (? is null or bdct1_0.dien_tich_m2<=?) and (? is null or bdct1_0.trang_thai=?)
Hibernate: select u1_0.id,u1_0.avatar,u1_0.email,u1_0.fullname,u1_0.hash_password,u1_0.ngay_cap_nhat,u1_0.ngay_tao,u1_0.role,u1_0.so_dien_thoai from user u1_0 where u1_0.email=?
Hibernate: select bdct1_0.id,bdct1_0.dia_chi_day_du,bdct1_0.dien_tich_m2,bdct1_0.gia_thang,bdct1_0.kinh_do,bdct1_0.mo_ta,bdct1_0.ngay_cap_nhat,bdct1_0.ngay_co_the_vao_o,bdct1_0.ngay_dang,bdct1_0.id_nguoi_dang,bdct1_0.phuong_xa,bdct1_0.tieu_de,bdct1_0.tinh_thanhpho,bdct1_0.trang_thai,bdct1_0.vi_do from bai_dang_cho_thue bdct1_0 where (? is null or bdct1_0.tinh_thanhpho like ? escape '') and (? is null or bdct1_0.phuong_xa like ? escape '') and (? is null or bdct1_0.gia_thang>=?) and (? is null or bdct1_0.gia_thang<=?) and (? is null or bdct1_0.dien_tich_m2>=?) and (? is null or bdct1_0.dien_tich_m2<=?) and (? is null or bdct1_0.trang_thai=?) order by bdct1_0.ngay_dang desc
Hibernate: select count(bdct1_0.id) from bai_dang_cho_thue bdct1_0 where (? is null or bdct1_0.tinh_thanhpho like ? escape '') and (? is null or bdct1_0.phuong_xa like ? escape '') and (? is null or bdct1_0.gia_thang>=?) and (? is null or bdct1_0.gia_thang<=?) and (? is null or bdct1_0.dien_tich_m2>=?) and (? is null or bdct1_0.dien_tich_m2<=?) and (? is null or bdct1_0.trang_thai=?)
Hibernate: select u1_0.id,u1_0.avatar,u1_0.email,u1_0.fullname,u1_0.hash_password,u1_0.ngay_cap_nhat,u1_0.ngay_tao,u1_0.role,u1_0.so_dien_thoai from user u1_0 where u1_0.email=?
Hibernate: select bdct1_0.id,bdct1_0.dia_chi_day_du,bdct1_0.dien_tich_m2,bdct1_0.gia_thang,bdct1_0.kinh_do,bdct1_0.mo_ta,bdct1_0.ngay_cap_nhat,bdct1_0.ngay_co_the_vao_o,bdct1_0.ngay_dang,bdct1_0.id_nguoi_dang,bdct1_0.phuong_xa,bdct1_0.tieu_de,bdct1_0.tinh_thanhpho,bdct1_0.trang_thai,bdct1_0.vi_do from bai_dang_cho_thue bdct1_0 where (? is null or bdct1_0.tinh_thanhpho like ? escape '') and (? is null or bdct1_0.phuong_xa like ? escape '') and (? is null or bdct1_0.gia_thang>=?) and (? is null or bdct1_0.gia_thang<=?) and (? is null or bdct1_0.dien_tich_m2>=?) and (? is null or bdct1_0.dien_tich_m2<=?) and (? is null or bdct1_0.trang_thai=?) order by bdct1_0.ngay_dang desc
Hibernate: select count(bdct1_0.id) from bai_dang_cho_thue bdct1_0 where (? is null or bdct1_0.tinh_thanhpho like ? escape '') and (? is null or bdct1_0.phuong_xa like ? escape '') and (? is null or bdct1_0.gia_thang>=?) and (? is null or bdct1_0.gia_thang<=?) and (? is null or bdct1_0.dien_tich_m2>=?) and (? is null or bdct1_0.dien_tich_m2<=?) and (? is null or bdct1_0.trang_thai=?)
Hibernate: select u1_0.id,u1_0.avatar,u1_0.email,u1_0.fullname,u1_0.hash_password,u1_0.ngay_cap_nhat,u1_0.ngay_tao,u1_0.role,u1_0.so_dien_thoai from user u1_0 where u1_0.email=?
Hibernate: select bdct1_0.id,bdct1_0.dia_chi_day_du,bdct1_0.dien_tich_m2,bdct1_0.gia_thang,bdct1_0.kinh_do,bdct1_0.mo_ta,bdct1_0.ngay_cap_nhat,bdct1_0.ngay_co_the_vao_o,bdct1_0.ngay_dang,bdct1_0.id_nguoi_dang,bdct1_0.phuong_xa,bdct1_0.tieu_de,bdct1_0.tinh_thanhpho,bdct1_0.trang_thai,bdct1_0.vi_do from bai_dang_cho_thue bdct1_0 where (? is null or bdct1_0.tinh_thanhpho like ? escape '') and (? is null or bdct1_0.phuong_xa like ? escape '') and (? is null or bdct1_0.gia_thang>=?) and (? is null or bdct1_0.gia_thang<=?) and (? is null or bdct1_0.dien_tich_m2>=?) and (? is null or bdct1_0.dien_tich_m2<=?) and (? is null or bdct1_0.trang_thai=?) order by bdct1_0.ngay_dang desc
Hibernate: select count(bdct1_0.id) from bai_dang_cho_thue bdct1_0 where (? is null or bdct1_0.tinh_thanhpho like ? escape '') and (? is null or bdct1_0.phuong_xa like ? escape '') and (? is null or bdct1_0.gia_thang>=?) and (? is null or bdct1_0.gia_thang<=?) and (? is null or bdct1_0.dien_tich_m2>=?) and (? is null or bdct1_0.dien_tich_m2<=?) and (? is null or bdct1_0.trang_thai=?)
Hibernate: select u1_0.id,u1_0.avatar,u1_0.email,u1_0.fullname,u1_0.hash_password,u1_0.ngay_cap_nhat,u1_0.ngay_tao,u1_0.role,u1_0.so_dien_thoai from user u1_0 where u1_0.email=?
Hibernate: select bdct1_0.id,bdct1_0.dia_chi_day_du,bdct1_0.dien_tich_m2,bdct1_0.gia_thang,bdct1_0.kinh_do,bdct1_0.mo_ta,bdct1_0.ngay_cap_nhat,bdct1_0.ngay_co_the_vao_o,bdct1_0.ngay_dang,bdct1_0.id_nguoi_dang,bdct1_0.phuong_xa,bdct1_0.tieu_de,bdct1_0.tinh_thanhpho,bdct1_0.trang_thai,bdct1_0.vi_do from bai_dang_cho_thue bdct1_0 where (? is null or bdct1_0.tinh_thanhpho like ? escape '') and (? is null or bdct1_0.phuong_xa like ? escape '') and (? is null or bdct1_0.gia_thang>=?) and (? is null or bdct1_0.gia_thang<=?) and (? is null or bdct1_0.dien_tich_m2>=?) and (? is null or bdct1_0.dien_tich_m2<=?) and (? is null or bdct1_0.trang_thai=?) order by bdct1_0.ngay_dang desc
Hibernate: select count(bdct1_0.id) from bai_dang_cho_thue bdct1_0 where (? is null or bdct1_0.tinh_thanhpho like ? escape '') and (? is null or bdct1_0.phuong_xa like ? escape '') and (? is null or bdct1_0.gia_thang>=?) and (? is null or bdct1_0.gia_thang<=?) and (? is null or bdct1_0.dien_tich_m2>=?) and (? is null or bdct1_0.dien_tich_m2<=?) and (? is null or bdct1_0.trang_thai=?)
Hibernate: select u1_0.id,u1_0.avatar,u1_0.email,u1_0.fullname,u1_0.hash_password,u1_0.ngay_cap_nhat,u1_0.ngay_tao,u1_0.role,u1_0.so_dien_thoai from user u1_0 where u1_0.email=?
Hibernate: select bdct1_0.id,bdct1_0.dia_chi_day_du,bdct1_0.dien_tich_m2,bdct1_0.gia_thang,bdct1_0.kinh_do,bdct1_0.mo_ta,bdct1_0.ngay_cap_nhat,bdct1_0.ngay_co_the_vao_o,bdct1_0.ngay_dang,bdct1_0.id_nguoi_dang,bdct1_0.phuong_xa,bdct1_0.tieu_de,bdct1_0.tinh_thanhpho,bdct1_0.trang_thai,bdct1_0.vi_do from bai_dang_cho_thue bdct1_0 where (? is null or bdct1_0.tinh_thanhpho like ? escape '') and (? is null or bdct1_0.phuong_xa like ? escape '') and (? is null or bdct1_0.gia_thang>=?) and (? is null or bdct1_0.gia_thang<=?) and (? is null or bdct1_0.dien_tich_m2>=?) and (? is null or bdct1_0.dien_tich_m2<=?) and (? is null or bdct1_0.trang_thai=?) order by bdct1_0.ngay_dang desc
Hibernate: select count(bdct1_0.id) from bai_dang_cho_thue bdct1_0 where (? is null or bdct1_0.tinh_thanhpho like ? escape '') and (? is null or bdct1_0.phuong_xa like ? escape '') and (? is null or bdct1_0.gia_thang>=?) and (? is null or bdct1_0.gia_thang<=?) and (? is null or bdct1_0.dien_tich_m2>=?) and (? is null or bdct1_0.dien_tich_m2<=?) and (? is null or bdct1_0.trang_thai=?)
Hibernate: select u1_0.id,u1_0.avatar,u1_0.email,u1_0.fullname,u1_0.hash_password,u1_0.ngay_cap_nhat,u1_0.ngay_tao,u1_0.role,u1_0.so_dien_thoai from user u1_0 where u1_0.email=?
Hibernate: select bdct1_0.id,bdct1_0.dia_chi_day_du,bdct1_0.dien_tich_m2,bdct1_0.gia_thang,bdct1_0.kinh_do,bdct1_0.mo_ta,bdct1_0.ngay_cap_nhat,bdct1_0.ngay_co_the_vao_o,bdct1_0.ngay_dang,bdct1_0.id_nguoi_dang,bdct1_0.phuong_xa,bdct1_0.tieu_de,bdct1_0.tinh_thanhpho,bdct1_0.trang_thai,bdct1_0.vi_do from bai_dang_cho_thue bdct1_0 where (? is null or bdct1_0.tinh_thanhpho like ? escape '') and (? is null or bdct1_0.phuong_xa like ? escape '') and (? is null or bdct1_0.gia_thang>=?) and (? is null or bdct1_0.gia_thang<=?) and (? is null or bdct1_0.dien_tich_m2>=?) and (? is null or bdct1_0.dien_tich_m2<=?) and (? is null or bdct1_0.trang_thai=?) order by bdct1_0.ngay_dang desc
Hibernate: select count(bdct1_0.id) from bai_dang_cho_thue bdct1_0 where (? is null or bdct1_0.tinh_thanhpho like ? escape '') and (? is null or bdct1_0.phuong_xa like ? escape '') and (? is null or bdct1_0.gia_thang>=?) and (? is null or bdct1_0.gia_thang<=?) and (? is null or bdct1_0.dien_tich_m2>=?) and (? is null or bdct1_0.dien_tich_m2<=?) and (? is null or bdct1_0.trang_thai=?)
Hibernate: select u1_0.id,u1_0.avatar,u1_0.email,u1_0.fullname,u1_0.hash_password,u1_0.ngay_cap_nhat,u1_0.ngay_tao,u1_0.role,u1_0.so_dien_thoai from user u1_0 where u1_0.email=?
Hibernate: select bdct1_0.id,bdct1_0.dia_chi_day_du,bdct1_0.dien_tich_m2,bdct1_0.gia_thang,bdct1_0.kinh_do,bdct1_0.mo_ta,bdct1_0.ngay_cap_nhat,bdct1_0.ngay_co_the_vao_o,bdct1_0.ngay_dang,bdct1_0.id_nguoi_dang,bdct1_0.phuong_xa,bdct1_0.tieu_de,bdct1_0.tinh_thanhpho,bdct1_0.trang_thai,bdct1_0.vi_do from bai_dang_cho_thue bdct1_0 where (? is null or bdct1_0.tinh_thanhpho like ? escape '') and (? is null or bdct1_0.phuong_xa like ? escape '') and (? is null or bdct1_0.gia_thang>=?) and (? is null or bdct1_0.gia_thang<=?) and (? is null or bdct1_0.dien_tich_m2>=?) and (? is null or bdct1_0.dien_tich_m2<=?) and (? is null or bdct1_0.trang_thai=?) order by bdct1_0.ngay_dang desc
Hibernate: select count(bdct1_0.id) from bai_dang_cho_thue bdct1_0 where (? is null or bdct1_0.tinh_thanhpho like ? escape '') and (? is null or bdct1_0.phuong_xa like ? escape '') and (? is null or bdct1_0.gia_thang>=?) and (? is null or bdct1_0.gia_thang<=?) and (? is null or bdct1_0.dien_tich_m2>=?) and (? is null or bdct1_0.dien_tich_m2<=?) and (? is null or bdct1_0.trang_thai=?)
Hibernate: select u1_0.id,u1_0.avatar,u1_0.email,u1_0.fullname,u1_0.hash_password,u1_0.ngay_cap_nhat,u1_0.ngay_tao,u1_0.role,u1_0.so_dien_thoai from user u1_0 where u1_0.email=?
Hibernate: select bdct1_0.id,bdct1_0.dia_chi_day_du,bdct1_0.dien_tich_m2,bdct1_0.gia_thang,bdct1_0.kinh_do,bdct1_0.mo_ta,bdct1_0.ngay_cap_nhat,bdct1_0.ngay_co_the_vao_o,bdct1_0.ngay_dang,bdct1_0.id_nguoi_dang,bdct1_0.phuong_xa,bdct1_0.tieu_de,bdct1_0.tinh_thanhpho,bdct1_0.trang_thai,bdct1_0.vi_do from bai_dang_cho_thue bdct1_0 where (? is null or bdct1_0.tinh_thanhpho like ? escape '') and (? is null or bdct1_0.phuong_xa like ? escape '') and (? is null or bdct1_0.gia_thang>=?) and (? is null or bdct1_0.gia_thang<=?) and (? is null or bdct1_0.dien_tich_m2>=?) and (? is null or bdct1_0.dien_tich_m2<=?) and (? is null or bdct1_0.trang_thai=?) order by bdct1_0.ngay_dang desc
Hibernate: select count(bdct1_0.id) from bai_dang_cho_thue bdct1_0 where (? is null or bdct1_0.tinh_thanhpho like ? escape '') and (? is null or bdct1_0.phuong_xa like ? escape '') and (? is null or bdct1_0.gia_thang>=?) and (? is null or bdct1_0.gia_thang<=?) and (? is null or bdct1_0.dien_tich_m2>=?) and (? is null or bdct1_0.dien_tich_m2<=?) and (? is null or bdct1_0.trang_thai=?)
Hibernate: select u1_0.id,u1_0.avatar,u1_0.email,u1_0.fullname,u1_0.hash_password,u1_0.ngay_cap_nhat,u1_0.ngay_tao,u1_0.role,u1_0.so_dien_thoai from user u1_0 where u1_0.email=?
Hibernate: select bdct1_0.id,bdct1_0.dia_chi_day_du,bdct1_0.dien_tich_m2,bdct1_0.gia_thang,bdct1_0.kinh_do,bdct1_0.mo_ta,bdct1_0.ngay_cap_nhat,bdct1_0.ngay_co_the_vao_o,bdct1_0.ngay_dang,bdct1_0.id_nguoi_dang,bdct1_0.phuong_xa,bdct1_0.tieu_de,bdct1_0.tinh_thanhpho,bdct1_0.trang_thai,bdct1_0.vi_do from bai_dang_cho_thue bdct1_0 where (? is null or bdct1_0.tinh_thanhpho like ? escape '') and (? is null or bdct1_0.phuong_xa like ? escape '') and (? is null or bdct1_0.gia_thang>=?) and (? is null or bdct1_0.gia_thang<=?) and (? is null or bdct1_0.dien_tich_m2>=?) and (? is null or bdct1_0.dien_tich_m2<=?) and (? is null or bdct1_0.trang_thai=?) order by bdct1_0.ngay_dang desc
Hibernate: select count(bdct1_0.id) from bai_dang_cho_thue bdct1_0 where (? is null or bdct1_0.tinh_thanhpho like ? escape '') and (? is null or bdct1_0.phuong_xa like ? escape '') and (? is null or bdct1_0.gia_thang>=?) and (? is null or bdct1_0.gia_thang<=?) and (? is null or bdct1_0.dien_tich_m2>=?) and (? is null or bdct1_0.dien_tich_m2<=?) and (? is null or bdct1_0.trang_thai=?)
Hibernate: select u1_0.id,u1_0.avatar,u1_0.email,u1_0.fullname,u1_0.hash_password,u1_0.ngay_cap_nhat,u1_0.ngay_tao,u1_0.role,u1_0.so_dien_thoai from user u1_0 where u1_0.email=?
Hibernate: select bdct1_0.id,bdct1_0.dia_chi_day_du,bdct1_0.dien_tich_m2,bdct1_0.gia_thang,bdct1_0.kinh_do,bdct1_0.mo_ta,bdct1_0.ngay_cap_nhat,bdct1_0.ngay_co_the_vao_o,bdct1_0.ngay_dang,bdct1_0.id_nguoi_dang,bdct1_0.phuong_xa,bdct1_0.tieu_de,bdct1_0.tinh_thanhpho,bdct1_0.trang_thai,bdct1_0.vi_do from bai_dang_cho_thue bdct1_0 where (? is null or bdct1_0.tinh_thanhpho like ? escape '') and (? is null or bdct1_0.phuong_xa like ? escape '') and (? is null or bdct1_0.gia_thang>=?) and (? is null or bdct1_0.gia_thang<=?) and (? is null or bdct1_0.dien_tich_m2>=?) and (? is null or bdct1_0.dien_tich_m2<=?) and (? is null or bdct1_0.trang_thai=?) order by bdct1_0.ngay_dang desc
Hibernate: select count(bdct1_0.id) from bai_dang_cho_thue bdct1_0 where (? is null or bdct1_0.tinh_thanhpho like ? escape '') and (? is null or bdct1_0.phuong_xa like ? escape '') and (? is null or bdct1_0.gia_thang>=?) and (? is null or bdct1_0.gia_thang<=?) and (? is null or bdct1_0.dien_tich_m2>=?) and (? is null or bdct1_0.dien_tich_m2<=?) and (? is null or bdct1_0.trang_thai=?)
Hibernate: select u1_0.id,u1_0.avatar,u1_0.email,u1_0.fullname,u1_0.hash_password,u1_0.ngay_cap_nhat,u1_0.ngay_tao,u1_0.role,u1_0.so_dien_thoai from user u1_0 where u1_0.email=?
Hibernate: select bdct1_0.id,bdct1_0.dia_chi_day_du,bdct1_0.dien_tich_m2,bdct1_0.gia_thang,bdct1_0.kinh_do,bdct1_0.mo_ta,bdct1_0.ngay_cap_nhat,bdct1_0.ngay_co_the_vao_o,bdct1_0.ngay_dang,bdct1_0.id_nguoi_dang,bdct1_0.phuong_xa,bdct1_0.tieu_de,bdct1_0.tinh_thanhpho,bdct1_0.trang_thai,bdct1_0.vi_do from bai_dang_cho_thue bdct1_0 where (? is null or bdct1_0.tinh_thanhpho like ? escape '') and (? is null or bdct1_0.phuong_xa like ? escape '') and (? is null or bdct1_0.gia_thang>=?) and (? is null or bdct1_0.gia_thang<=?) and (? is null or bdct1_0.dien_tich_m2>=?) and (? is null or bdct1_0.dien_tich_m2<=?) and (? is null or bdct1_0.trang_thai=?) order by bdct1_0.ngay_dang desc
Hibernate: select count(bdct1_0.id) from bai_dang_cho_thue bdct1_0 where (? is null or bdct1_0.tinh_thanhpho like ? escape '') and (? is null or bdct1_0.phuong_xa like ? escape '') and (? is null or bdct1_0.gia_thang>=?) and (? is null or bdct1_0.gia_thang<=?) and (? is null or bdct1_0.dien_tich_m2>=?) and (? is null or bdct1_0.dien_tich_m2<=?) and (? is null or bdct1_0.trang_thai=?)
Hibernate: select u1_0.id,u1_0.avatar,u1_0.email,u1_0.fullname,u1_0.hash_password,u1_0.ngay_cap_nhat,u1_0.ngay_tao,u1_0.role,u1_0.so_dien_thoai from user u1_0 where u1_0.email=?
Hibernate: select bdct1_0.id,bdct1_0.dia_chi_day_du,bdct1_0.dien_tich_m2,bdct1_0.gia_thang,bdct1_0.kinh_do,bdct1_0.mo_ta,bdct1_0.ngay_cap_nhat,bdct1_0.ngay_co_the_vao_o,bdct1_0.ngay_dang,bdct1_0.id_nguoi_dang,bdct1_0.phuong_xa,bdct1_0.tieu_de,bdct1_0.tinh_thanhpho,bdct1_0.trang_thai,bdct1_0.vi_do from bai_dang_cho_thue bdct1_0 where (? is null or bdct1_0.tinh_thanhpho like ? escape '') and (? is null or bdct1_0.phuong_xa like ? escape '') and (? is null or bdct1_0.gia_thang>=?) and (? is null or bdct1_0.gia_thang<=?) and (? is null or bdct1_0.dien_tich_m2>=?) and (? is null or bdct1_0.dien_tich_m2<=?) and (? is null or bdct1_0.trang_thai=?) order by bdct1_0.ngay_dang desc
Hibernate: select count(bdct1_0.id) from bai_dang_cho_thue bdct1_0 where (? is null or bdct1_0.tinh_thanhpho like ? escape '') and (? is null or bdct1_0.phuong_xa like ? escape '') and (? is null or bdct1_0.gia_thang>=?) and (? is null or bdct1_0.gia_thang<=?) and (? is null or bdct1_0.dien_tich_m2>=?) and (? is null or bdct1_0.dien_tich_m2<=?) and (? is null or bdct1_0.trang_thai=?)
Hibernate: select u1_0.id,u1_0.avatar,u1_0.email,u1_0.fullname,u1_0.hash_password,u1_0.ngay_cap_nhat,u1_0.ngay_tao,u1_0.role,u1_0.so_dien_thoai from user u1_0 where u1_0.email=?
Hibernate: select bdct1_0.id,bdct1_0.dia_chi_day_du,bdct1_0.dien_tich_m2,bdct1_0.gia_thang,bdct1_0.kinh_do,bdct1_0.mo_ta,bdct1_0.ngay_cap_nhat,bdct1_0.ngay_co_the_vao_o,bdct1_0.ngay_dang,bdct1_0.id_nguoi_dang,bdct1_0.phuong_xa,bdct1_0.tieu_de,bdct1_0.tinh_thanhpho,bdct1_0.trang_thai,bdct1_0.vi_do from bai_dang_cho_thue bdct1_0 where (? is null or bdct1_0.tinh_thanhpho like ? escape '') and (? is null or bdct1_0.phuong_xa like ? escape '') and (? is null or bdct1_0.gia_thang>=?) and (? is null or bdct1_0.gia_thang<=?) and (? is null or bdct1_0.dien_tich_m2>=?) and (? is null or bdct1_0.dien_tich_m2<=?) and (? is null or bdct1_0.trang_thai=?) order by bdct1_0.ngay_dang desc
Hibernate: select count(bdct1_0.id) from bai_dang_cho_thue bdct1_0 where (? is null or bdct1_0.tinh_thanhpho like ? escape '') and (? is null or bdct1_0.phuong_xa like ? escape '') and (? is null or bdct1_0.gia_thang>=?) and (? is null or bdct1_0.gia_thang<=?) and (? is null or bdct1_0.dien_tich_m2>=?) and (? is null or bdct1_0.dien_tich_m2<=?) and (? is null or bdct1_0.trang_thai=?)
Hibernate: select u1_0.id,u1_0.avatar,u1_0.email,u1_0.fullname,u1_0.hash_password,u1_0.ngay_cap_nhat,u1_0.ngay_tao,u1_0.role,u1_0.so_dien_thoai from user u1_0 where u1_0.email=?
Hibernate: select bdct1_0.id,bdct1_0.dia_chi_day_du,bdct1_0.dien_tich_m2,bdct1_0.gia_thang,bdct1_0.kinh_do,bdct1_0.mo_ta,bdct1_0.ngay_cap_nhat,bdct1_0.ngay_co_the_vao_o,bdct1_0.ngay_dang,bdct1_0.id_nguoi_dang,bdct1_0.phuong_xa,bdct1_0.tieu_de,bdct1_0.tinh_thanhpho,bdct1_0.trang_thai,bdct1_0.vi_do from bai_dang_cho_thue bdct1_0 where (? is null or bdct1_0.tinh_thanhpho like ? escape '') and (? is null or bdct1_0.phuong_xa like ? escape '') and (? is null or bdct1_0.gia_thang>=?) and (? is null or bdct1_0.gia_thang<=?) and (? is null or bdct1_0.dien_tich_m2>=?) and (? is null or bdct1_0.dien_tich_m2<=?) and (? is null or bdct1_0.trang_thai=?) order by bdct1_0.ngay_dang desc
Hibernate: select count(bdct1_0.id) from bai_dang_cho_thue bdct1_0 where (? is null or bdct1_0.tinh_thanhpho like ? escape '') and (? is null or bdct1_0.phuong_xa like ? escape '') and (? is null or bdct1_0.gia_thang>=?) and (? is null or bdct1_0.gia_thang<=?) and (? is null or bdct1_0.dien_tich_m2>=?) and (? is null or bdct1_0.dien_tich_m2<=?) and (? is null or bdct1_0.trang_thai=?)
Hibernate: select u1_0.id,u1_0.avatar,u1_0.email,u1_0.fullname,u1_0.hash_password,u1_0.ngay_cap_nhat,u1_0.ngay_tao,u1_0.role,u1_0.so_dien_thoai from user u1_0 where u1_0.email=?
Hibernate: select bdct1_0.id,bdct1_0.dia_chi_day_du,bdct1_0.dien_tich_m2,bdct1_0.gia_thang,bdct1_0.kinh_do,bdct1_0.mo_ta,bdct1_0.ngay_cap_nhat,bdct1_0.ngay_co_the_vao_o,bdct1_0.ngay_dang,bdct1_0.id_nguoi_dang,bdct1_0.phuong_xa,bdct1_0.tieu_de,bdct1_0.tinh_thanhpho,bdct1_0.trang_thai,bdct1_0.vi_do from bai_dang_cho_thue bdct1_0 where (? is null or bdct1_0.tinh_thanhpho like ? escape '') and (? is null or bdct1_0.phuong_xa like ? escape '') and (? is null or bdct1_0.gia_thang>=?) and (? is null or bdct1_0.gia_thang<=?) and (? is null or bdct1_0.dien_tich_m2>=?) and (? is null or bdct1_0.dien_tich_m2<=?) and (? is null or bdct1_0.trang_thai=?) order by bdct1_0.ngay_dang desc
Hibernate: select count(bdct1_0.id) from bai_dang_cho_thue bdct1_0 where (? is null or bdct1_0.tinh_thanhpho like ? escape '') and (? is null or bdct1_0.phuong_xa like ? escape '') and (? is null or bdct1_0.gia_thang>=?) and (? is null or bdct1_0.gia_thang<=?) and (? is null or bdct1_0.dien_tich_m2>=?) and (? is null or bdct1_0.dien_tich_m2<=?) and (? is null or bdct1_0.trang_thai=?)
Hibernate: select u1_0.id,u1_0.avatar,u1_0.email,u1_0.fullname,u1_0.hash_password,u1_0.ngay_cap_nhat,u1_0.ngay_tao,u1_0.role,u1_0.so_dien_thoai from user u1_0 where u1_0.email=?
Hibernate: select bdct1_0.id,bdct1_0.dia_chi_day_du,bdct1_0.dien_tich_m2,bdct1_0.gia_thang,bdct1_0.kinh_do,bdct1_0.mo_ta,bdct1_0.ngay_cap_nhat,bdct1_0.ngay_co_the_vao_o,bdct1_0.ngay_dang,bdct1_0.id_nguoi_dang,bdct1_0.phuong_xa,bdct1_0.tieu_de,bdct1_0.tinh_thanhpho,bdct1_0.trang_thai,bdct1_0.vi_do from bai_dang_cho_thue bdct1_0 where (? is null or bdct1_0.tinh_thanhpho like ? escape '') and (? is null or bdct1_0.phuong_xa like ? escape '') and (? is null or bdct1_0.gia_thang>=?) and (? is null or bdct1_0.gia_thang<=?) and (? is null or bdct1_0.dien_tich_m2>=?) and (? is null or bdct1_0.dien_tich_m2<=?) and (? is null or bdct1_0.trang_thai=?) order by bdct1_0.ngay_dang desc
Hibernate: select count(bdct1_0.id) from bai_dang_cho_thue bdct1_0 where (? is null or bdct1_0.tinh_thanhpho like ? escape '') and (? is null or bdct1_0.phuong_xa like ? escape '') and (? is null or bdct1_0.gia_thang>=?) and (? is null or bdct1_0.gia_thang<=?) and (? is null or bdct1_0.dien_tich_m2>=?) and (? is null or bdct1_0.dien_tich_m2<=?) and (? is null or bdct1_0.trang_thai=?)
Hibernate: select u1_0.id,u1_0.avatar,u1_0.email,u1_0.fullname,u1_0.hash_password,u1_0.ngay_cap_nhat,u1_0.ngay_tao,u1_0.role,u1_0.so_dien_thoai from user u1_0 where u1_0.email=?
Hibernate: select bdct1_0.id,bdct1_0.dia_chi_day_du,bdct1_0.dien_tich_m2,bdct1_0.gia_thang,bdct1_0.kinh_do,bdct1_0.mo_ta,bdct1_0.ngay_cap_nhat,bdct1_0.ngay_co_the_vao_o,bdct1_0.ngay_dang,bdct1_0.id_nguoi_dang,bdct1_0.phuong_xa,bdct1_0.tieu_de,bdct1_0.tinh_thanhpho,bdct1_0.trang_thai,bdct1_0.vi_do from bai_dang_cho_thue bdct1_0 where (? is null or bdct1_0.tinh_thanhpho like ? escape '') and (? is null or bdct1_0.phuong_xa like ? escape '') and (? is null or bdct1_0.gia_thang>=?) and (? is null or bdct1_0.gia_thang<=?) and (? is null or bdct1_0.dien_tich_m2>=?) and (? is null or bdct1_0.dien_tich_m2<=?) and (? is null or bdct1_0.trang_thai=?) order by bdct1_0.ngay_dang desc
Hibernate: select count(bdct1_0.id) from bai_dang_cho_thue bdct1_0 where (? is null or bdct1_0.tinh_thanhpho like ? escape '') and (? is null or bdct1_0.phuong_xa like ? escape '') and (? is null or bdct1_0.gia_thang>=?) and (? is null or bdct1_0.gia_thang<=?) and (? is null or bdct1_0.dien_tich_m2>=?) and (? is null or bdct1_0.dien_tich_m2<=?) and (? is null or bdct1_0.trang_thai=?)
Hibernate: select u1_0.id,u1_0.avatar,u1_0.email,u1_0.fullname,u1_0.hash_password,u1_0.ngay_cap_nhat,u1_0.ngay_tao,u1_0.role,u1_0.so_dien_thoai from user u1_0 where u1_0.email=?
Hibernate: select bdct1_0.id,bdct1_0.dia_chi_day_du,bdct1_0.dien_tich_m2,bdct1_0.gia_thang,bdct1_0.kinh_do,bdct1_0.mo_ta,bdct1_0.ngay_cap_nhat,bdct1_0.ngay_co_the_vao_o,bdct1_0.ngay_dang,bdct1_0.id_nguoi_dang,bdct1_0.phuong_xa,bdct1_0.tieu_de,bdct1_0.tinh_thanhpho,bdct1_0.trang_thai,bdct1_0.vi_do from bai_dang_cho_thue bdct1_0 where (? is null or bdct1_0.tinh_thanhpho like ? escape '') and (? is null or bdct1_0.phuong_xa like ? escape '') and (? is null or bdct1_0.gia_thang>=?) and (? is null or bdct1_0.gia_thang<=?) and (? is null or bdct1_0.dien_tich_m2>=?) and (? is null or bdct1_0.dien_tich_m2<=?) and (? is null or bdct1_0.trang_thai=?) order by bdct1_0.ngay_dang desc
Hibernate: select count(bdct1_0.id) from bai_dang_cho_thue bdct1_0 where (? is null or bdct1_0.tinh_thanhpho like ? escape '') and (? is null or bdct1_0.phuong_xa like ? escape '') and (? is null or bdct1_0.gia_thang>=?) and (? is null or bdct1_0.gia_thang<=?) and (? is null or bdct1_0.dien_tich_m2>=?) and (? is null or bdct1_0.dien_tich_m2<=?) and (? is null or bdct1_0.trang_thai=?)
Hibernate: select u1_0.id,u1_0.avatar,u1_0.email,u1_0.fullname,u1_0.hash_password,u1_0.ngay_cap_nhat,u1_0.ngay_tao,u1_0.role,u1_0.so_dien_thoai from user u1_0 where u1_0.email=?
Hibernate: select bdct1_0.id,bdct1_0.dia_chi_day_du,bdct1_0.dien_tich_m2,bdct1_0.gia_thang,bdct1_0.kinh_do,bdct1_0.mo_ta,bdct1_0.ngay_cap_nhat,bdct1_0.ngay_co_the_vao_o,bdct1_0.ngay_dang,bdct1_0.id_nguoi_dang,bdct1_0.phuong_xa,bdct1_0.tieu_de,bdct1_0.tinh_thanhpho,bdct1_0.trang_thai,bdct1_0.vi_do from bai_dang_cho_thue bdct1_0 where (? is null or bdct1_0.tinh_thanhpho like ? escape '') and (? is null or bdct1_0.phuong_xa like ? escape '') and (? is null or bdct1_0.gia_thang>=?) and (? is null or bdct1_0.gia_thang<=?) and (? is null or bdct1_0.dien_tich_m2>=?) and (? is null or bdct1_0.dien_tich_m2<=?) and (? is null or bdct1_0.trang_thai=?) order by bdct1_0.ngay_dang desc
Hibernate: select count(bdct1_0.id) from bai_dang_cho_thue bdct1_0 where (? is null or bdct1_0.tinh_thanhpho like ? escape '') and (? is null or bdct1_0.phuong_xa like ? escape '') and (? is null or bdct1_0.gia_thang>=?) and (? is null or bdct1_0.gia_thang<=?) and (? is null or bdct1_0.dien_tich_m2>=?) and (? is null or bdct1_0.dien_tich_m2<=?) and (? is null or bdct1_0.trang_thai=?)
Hibernate: select u1_0.id,u1_0.avatar,u1_0.email,u1_0.fullname,u1_0.hash_password,u1_0.ngay_cap_nhat,u1_0.ngay_tao,u1_0.role,u1_0.so_dien_thoai from user u1_0 where u1_0.email=?
Hibernate: select bdct1_0.id,bdct1_0.dia_chi_day_du,bdct1_0.dien_tich_m2,bdct1_0.gia_thang,bdct1_0.kinh_do,bdct1_0.mo_ta,bdct1_0.ngay_cap_nhat,bdct1_0.ngay_co_the_vao_o,bdct1_0.ngay_dang,bdct1_0.id_nguoi_dang,bdct1_0.phuong_xa,bdct1_0.tieu_de,bdct1_0.tinh_thanhpho,bdct1_0.trang_thai,bdct1_0.vi_do from bai_dang_cho_thue bdct1_0 where (? is null or bdct1_0.tinh_thanhpho like ? escape '') and (? is null or bdct1_0.phuong_xa like ? escape '') and (? is null or bdct1_0.gia_thang>=?) and (? is null or bdct1_0.gia_thang<=?) and (? is null or bdct1_0.dien_tich_m2>=?) and (? is null or bdct1_0.dien_tich_m2<=?) and (? is null or bdct1_0.trang_thai=?) order by bdct1_0.ngay_dang desc
Hibernate: select count(bdct1_0.id) from bai_dang_cho_thue bdct1_0 where (? is null or bdct1_0.tinh_thanhpho like ? escape '') and (? is null or bdct1_0.phuong_xa like ? escape '') and (? is null or bdct1_0.gia_thang>=?) and (? is null or bdct1_0.gia_thang<=?) and (? is null or bdct1_0.dien_tich_m2>=?) and (? is null or bdct1_0.dien_tich_m2<=?) and (? is null or bdct1_0.trang_thai=?)
Hibernate: select u1_0.id,u1_0.avatar,u1_0.email,u1_0.fullname,u1_0.hash_password,u1_0.ngay_cap_nhat,u1_0.ngay_tao,u1_0.role,u1_0.so_dien_thoai from user u1_0 where u1_0.email=?
Hibernate: select bdct1_0.id,bdct1_0.dia_chi_day_du,bdct1_0.dien_tich_m2,bdct1_0.gia_thang,bdct1_0.kinh_do,bdct1_0.mo_ta,bdct1_0.ngay_cap_nhat,bdct1_0.ngay_co_the_vao_o,bdct1_0.ngay_dang,bdct1_0.id_nguoi_dang,bdct1_0.phuong_xa,bdct1_0.tieu_de,bdct1_0.tinh_thanhpho,bdct1_0.trang_thai,bdct1_0.vi_do from bai_dang_cho_thue bdct1_0 where (? is null or bdct1_0.tinh_thanhpho like ? escape '') and (? is null or bdct1_0.phuong_xa like ? escape '') and (? is null or bdct1_0.gia_thang>=?) and (? is null or bdct1_0.gia_thang<=?) and (? is null or bdct1_0.dien_tich_m2>=?) and (? is null or bdct1_0.dien_tich_m2<=?) and (? is null or bdct1_0.trang_thai=?) order by bdct1_0.ngay_dang desc
Hibernate: select count(bdct1_0.id) from bai_dang_cho_thue bdct1_0 where (? is null or bdct1_0.tinh_thanhpho like ? escape '') and (? is null or bdct1_0.phuong_xa like ? escape '') and (? is null or bdct1_0.gia_thang>=?) and (? is null or bdct1_0.gia_thang<=?) and (? is null or bdct1_0.dien_tich_m2>=?) and (? is null or bdct1_0.dien_tich_m2<=?) and (? is null or bdct1_0.trang_thai=?)
Hibernate: select u1_0.id,u1_0.avatar,u1_0.email,u1_0.fullname,u1_0.hash_password,u1_0.ngay_cap_nhat,u1_0.ngay_tao,u1_0.role,u1_0.so_dien_thoai from user u1_0 where u1_0.email=?
Hibernate: select bdct1_0.id,bdct1_0.dia_chi_day_du,bdct1_0.dien_tich_m2,bdct1_0.gia_thang,bdct1_0.kinh_do,bdct1_0.mo_ta,bdct1_0.ngay_cap_nhat,bdct1_0.ngay_co_the_vao_o,bdct1_0.ngay_dang,bdct1_0.id_nguoi_dang,bdct1_0.phuong_xa,bdct1_0.tieu_de,bdct1_0.tinh_thanhpho,bdct1_0.trang_thai,bdct1_0.vi_do from bai_dang_cho_thue bdct1_0 where (? is null or bdct1_0.tinh_thanhpho like ? escape '') and (? is null or bdct1_0.phuong_xa like ? escape '') and (? is null or bdct1_0.gia_thang>=?) and (? is null or bdct1_0.gia_thang<=?) and (? is null or bdct1_0.dien_tich_m2>=?) and (? is null or bdct1_0.dien_tich_m2<=?) and (? is null or bdct1_0.trang_thai=?) order by bdct1_0.ngay_dang desc
Hibernate: select count(bdct1_0.id) from bai_dang_cho_thue bdct1_0 where (? is null or bdct1_0.tinh_thanhpho like ? escape '') and (? is null or bdct1_0.phuong_xa like ? escape '') and (? is null or bdct1_0.gia_thang>=?) and (? is null or bdct1_0.gia_thang<=?) and (? is null or bdct1_0.dien_tich_m2>=?) and (? is null or bdct1_0.dien_tich_m2<=?) and (? is null or bdct1_0.trang_thai=?)
Hibernate: select u1_0.id,u1_0.avatar,u1_0.email,u1_0.fullname,u1_0.hash_password,u1_0.ngay_cap_nhat,u1_0.ngay_tao,u1_0.role,u1_0.so_dien_thoai from user u1_0 where u1_0.email=?
Hibernate: select bdct1_0.id,bdct1_0.dia_chi_day_du,bdct1_0.dien_tich_m2,bdct1_0.gia_thang,bdct1_0.kinh_do,bdct1_0.mo_ta,bdct1_0.ngay_cap_nhat,bdct1_0.ngay_co_the_vao_o,bdct1_0.ngay_dang,bdct1_0.id_nguoi_dang,bdct1_0.phuong_xa,bdct1_0.tieu_de,bdct1_0.tinh_thanhpho,bdct1_0.trang_thai,bdct1_0.vi_do from bai_dang_cho_thue bdct1_0 where (? is null or bdct1_0.tinh_thanhpho like ? escape '') and (? is null or bdct1_0.phuong_xa like ? escape '') and (? is null or bdct1_0.gia_thang>=?) and (? is null or bdct1_0.gia_thang<=?) and (? is null or bdct1_0.dien_tich_m2>=?) and (? is null or bdct1_0.dien_tich_m2<=?) and (? is null or bdct1_0.trang_thai=?) order by bdct1_0.ngay_dang desc
Hibernate: select count(bdct1_0.id) from bai_dang_cho_thue bdct1_0 where (? is null or bdct1_0.tinh_thanhpho like ? escape '') and (? is null or bdct1_0.phuong_xa like ? escape '') and (? is null or bdct1_0.gia_thang>=?) and (? is null or bdct1_0.gia_thang<=?) and (? is null or bdct1_0.dien_tich_m2>=?) and (? is null or bdct1_0.dien_tich_m2<=?) and (? is null or bdct1_0.trang_thai=?)
Hibernate: select u1_0.id,u1_0.avatar,u1_0.email,u1_0.fullname,u1_0.hash_password,u1_0.ngay_cap_nhat,u1_0.ngay_tao,u1_0.role,u1_0.so_dien_thoai from user u1_0 where u1_0.email=?
Hibernate: select bdct1_0.id,bdct1_0.dia_chi_day_du,bdct1_0.dien_tich_m2,bdct1_0.gia_thang,bdct1_0.kinh_do,bdct1_0.mo_ta,bdct1_0.ngay_cap_nhat,bdct1_0.ngay_co_the_vao_o,bdct1_0.ngay_dang,bdct1_0.id_nguoi_dang,bdct1_0.phuong_xa,bdct1_0.tieu_de,bdct1_0.tinh_thanhpho,bdct1_0.trang_thai,bdct1_0.vi_do from bai_dang_cho_thue bdct1_0 where (? is null or bdct1_0.tinh_thanhpho like ? escape '') and (? is null or bdct1_0.phuong_xa like ? escape '') and (? is null or bdct1_0.gia_thang>=?) and (? is null or bdct1_0.gia_thang<=?) and (? is null or bdct1_0.dien_tich_m2>=?) and (? is null or bdct1_0.dien_tich_m2<=?) and (? is null or bdct1_0.trang_thai=?) order by bdct1_0.ngay_dang desc
Hibernate: select count(bdct1_0.id) from bai_dang_cho_thue bdct1_0 where (? is null or bdct1_0.tinh_thanhpho like ? escape '') and (? is null or bdct1_0.phuong_xa like ? escape '') and (? is null or bdct1_0.gia_thang>=?) and (? is null or bdct1_0.gia_thang<=?) and (? is null or bdct1_0.dien_tich_m2>=?) and (? is null or bdct1_0.dien_tich_m2<=?) and (? is null or bdct1_0.trang_thai=?)
Hibernate: select u1_0.id,u1_0.avatar,u1_0.email,u1_0.fullname,u1_0.hash_password,u1_0.ngay_cap_nhat,u1_0.ngay_tao,u1_0.role,u1_0.so_dien_thoai from user u1_0 where u1_0.email=?
Hibernate: select bdct1_0.id,bdct1_0.dia_chi_day_du,bdct1_0.dien_tich_m2,bdct1_0.gia_thang,bdct1_0.kinh_do,bdct1_0.mo_ta,bdct1_0.ngay_cap_nhat,bdct1_0.ngay_co_the_vao_o,bdct1_0.ngay_dang,bdct1_0.id_nguoi_dang,bdct1_0.phuong_xa,bdct1_0.tieu_de,bdct1_0.tinh_thanhpho,bdct1_0.trang_thai,bdct1_0.vi_do from bai_dang_cho_thue bdct1_0 where (? is null or bdct1_0.tinh_thanhpho like ? escape '') and (? is null or bdct1_0.phuong_xa like ? escape '') and (? is null or bdct1_0.gia_thang>=?) and (? is null or bdct1_0.gia_thang<=?) and (? is null or bdct1_0.dien_tich_m2>=?) and (? is null or bdct1_0.dien_tich_m2<=?) and (? is null or bdct1_0.trang_thai=?) order by bdct1_0.ngay_dang desc
Hibernate: select count(bdct1_0.id) from bai_dang_cho_thue bdct1_0 where (? is null or bdct1_0.tinh_thanhpho like ? escape '') and (? is null or bdct1_0.phuong_xa like ? escape '') and (? is null or bdct1_0.gia_thang>=?) and (? is null or bdct1_0.gia_thang<=?) and (? is null or bdct1_0.dien_tich_m2>=?) and (? is null or bdct1_0.dien_tich_m2<=?) and (? is null or bdct1_0.trang_thai=?)
Hibernate: select u1_0.id,u1_0.avatar,u1_0.email,u1_0.fullname,u1_0.hash_password,u1_0.ngay_cap_nhat,u1_0.ngay_tao,u1_0.role,u1_0.so_dien_thoai from user u1_0 where u1_0.email=?
Hibernate: select bdct1_0.id,bdct1_0.dia_chi_day_du,bdct1_0.dien_tich_m2,bdct1_0.gia_thang,bdct1_0.kinh_do,bdct1_0.mo_ta,bdct1_0.ngay_cap_nhat,bdct1_0.ngay_co_the_vao_o,bdct1_0.ngay_dang,bdct1_0.id_nguoi_dang,bdct1_0.phuong_xa,bdct1_0.tieu_de,bdct1_0.tinh_thanhpho,bdct1_0.trang_thai,bdct1_0.vi_do from bai_dang_cho_thue bdct1_0 where (? is null or bdct1_0.tinh_thanhpho like ? escape '') and (? is null or bdct1_0.phuong_xa like ? escape '') and (? is null or bdct1_0.gia_thang>=?) and (? is null or bdct1_0.gia_thang<=?) and (? is null or bdct1_0.dien_tich_m2>=?) and (? is null or bdct1_0.dien_tich_m2<=?) and (? is null or bdct1_0.trang_thai=?) order by bdct1_0.ngay_dang desc
Hibernate: select count(bdct1_0.id) from bai_dang_cho_thue bdct1_0 where (? is null or bdct1_0.tinh_thanhpho like ? escape '') and (? is null or bdct1_0.phuong_xa like ? escape '') and (? is null or bdct1_0.gia_thang>=?) and (? is null or bdct1_0.gia_thang<=?) and (? is null or bdct1_0.dien_tich_m2>=?) and (? is null or bdct1_0.dien_tich_m2<=?) and (? is null or bdct1_0.trang_thai=?)
Hibernate: select u1_0.id,u1_0.avatar,u1_0.email,u1_0.fullname,u1_0.hash_password,u1_0.ngay_cap_nhat,u1_0.ngay_tao,u1_0.role,u1_0.so_dien_thoai from user u1_0 where u1_0.email=?
Hibernate: select bdct1_0.id,bdct1_0.dia_chi_day_du,bdct1_0.dien_tich_m2,bdct1_0.gia_thang,bdct1_0.kinh_do,bdct1_0.mo_ta,bdct1_0.ngay_cap_nhat,bdct1_0.ngay_co_the_vao_o,bdct1_0.ngay_dang,bdct1_0.id_nguoi_dang,bdct1_0.phuong_xa,bdct1_0.tieu_de,bdct1_0.tinh_thanhpho,bdct1_0.trang_thai,bdct1_0.vi_do from bai_dang_cho_thue bdct1_0 where (? is null or bdct1_0.tinh_thanhpho like ? escape '') and (? is null or bdct1_0.phuong_xa like ? escape '') and (? is null or bdct1_0.gia_thang>=?) and (? is null or bdct1_0.gia_thang<=?) and (? is null or bdct1_0.dien_tich_m2>=?) and (? is null or bdct1_0.dien_tich_m2<=?) and (? is null or bdct1_0.trang_thai=?) order by bdct1_0.ngay_dang desc
Hibernate: select count(bdct1_0.id) from bai_dang_cho_thue bdct1_0 where (? is null or bdct1_0.tinh_thanhpho like ? escape '') and (? is null or bdct1_0.phuong_xa like ? escape '') and (? is null or bdct1_0.gia_thang>=?) and (? is null or bdct1_0.gia_thang<=?) and (? is null or bdct1_0.dien_tich_m2>=?) and (? is null or bdct1_0.dien_tich_m2<=?) and (? is null or bdct1_0.trang_thai=?)
Hibernate: select u1_0.id,u1_0.avatar,u1_0.email,u1_0.fullname,u1_0.hash_password,u1_0.ngay_cap_nhat,u1_0.ngay_tao,u1_0.role,u1_0.so_dien_thoai from user u1_0 where u1_0.email=?
Hibernate: select bdct1_0.id,bdct1_0.dia_chi_day_du,bdct1_0.dien_tich_m2,bdct1_0.gia_thang,bdct1_0.kinh_do,bdct1_0.mo_ta,bdct1_0.ngay_cap_nhat,bdct1_0.ngay_co_the_vao_o,bdct1_0.ngay_dang,bdct1_0.id_nguoi_dang,bdct1_0.phuong_xa,bdct1_0.tieu_de,bdct1_0.tinh_thanhpho,bdct1_0.trang_thai,bdct1_0.vi_do from bai_dang_cho_thue bdct1_0 where (? is null or bdct1_0.tinh_thanhpho like ? escape '') and (? is null or bdct1_0.phuong_xa like ? escape '') and (? is null or bdct1_0.gia_thang>=?) and (? is null or bdct1_0.gia_thang<=?) and (? is null or bdct1_0.dien_tich_m2>=?) and (? is null or bdct1_0.dien_tich_m2<=?) and (? is null or bdct1_0.trang_thai=?) order by bdct1_0.ngay_dang desc
Hibernate: select count(bdct1_0.id) from bai_dang_cho_thue bdct1_0 where (? is null or bdct1_0.tinh_thanhpho like ? escape '') and (? is null or bdct1_0.phuong_xa like ? escape '') and (? is null or bdct1_0.gia_thang>=?) and (? is null or bdct1_0.gia_thang<=?) and (? is null or bdct1_0.dien_tich_m2>=?) and (? is null or bdct1_0.dien_tich_m2<=?) and (? is null or bdct1_0.trang_thai=?)
Hibernate: select u1_0.id,u1_0.avatar,u1_0.email,u1_0.fullname,u1_0.hash_password,u1_0.ngay_cap_nhat,u1_0.ngay_tao,u1_0.role,u1_0.so_dien_thoai from user u1_0 where u1_0.email=?
Hibernate: select bdct1_0.id,bdct1_0.dia_chi_day_du,bdct1_0.dien_tich_m2,bdct1_0.gia_thang,bdct1_0.kinh_do,bdct1_0.mo_ta,bdct1_0.ngay_cap_nhat,bdct1_0.ngay_co_the_vao_o,bdct1_0.ngay_dang,bdct1_0.id_nguoi_dang,bdct1_0.phuong_xa,bdct1_0.tieu_de,bdct1_0.tinh_thanhpho,bdct1_0.trang_thai,bdct1_0.vi_do from bai_dang_cho_thue bdct1_0 where (? is null or bdct1_0.tinh_thanhpho like ? escape '') and (? is null or bdct1_0.phuong_xa like ? escape '') and (? is null or bdct1_0.gia_thang>=?) and (? is null or bdct1_0.gia_thang<=?) and (? is null or bdct1_0.dien_tich_m2>=?) and (? is null or bdct1_0.dien_tich_m2<=?) and (? is null or bdct1_0.trang_thai=?) order by bdct1_0.ngay_dang desc
Hibernate: select count(bdct1_0.id) from bai_dang_cho_thue bdct1_0 where (? is null or bdct1_0.tinh_thanhpho like ? escape '') and (? is null or bdct1_0.phuong_xa like ? escape '') and (? is null or bdct1_0.gia_thang>=?) and (? is null or bdct1_0.gia_thang<=?) and (? is null or bdct1_0.dien_tich_m2>=?) and (? is null or bdct1_0.dien_tich_m2<=?) and (? is null or bdct1_0.trang_thai=?)
Hibernate: select u1_0.id,u1_0.avatar,u1_0.email,u1_0.fullname,u1_0.hash_password,u1_0.ngay_cap_nhat,u1_0.ngay_tao,u1_0.role,u1_0.so_dien_thoai from user u1_0 where u1_0.email=?
Hibernate: select bdct1_0.id,bdct1_0.dia_chi_day_du,bdct1_0.dien_tich_m2,bdct1_0.gia_thang,bdct1_0.kinh_do,bdct1_0.mo_ta,bdct1_0.ngay_cap_nhat,bdct1_0.ngay_co_the_vao_o,bdct1_0.ngay_dang,bdct1_0.id_nguoi_dang,bdct1_0.phuong_xa,bdct1_0.tieu_de,bdct1_0.tinh_thanhpho,bdct1_0.trang_thai,bdct1_0.vi_do from bai_dang_cho_thue bdct1_0 where (? is null or bdct1_0.tinh_thanhpho like ? escape '') and (? is null or bdct1_0.phuong_xa like ? escape '') and (? is null or bdct1_0.gia_thang>=?) and (? is null or bdct1_0.gia_thang<=?) and (? is null or bdct1_0.dien_tich_m2>=?) and (? is null or bdct1_0.dien_tich_m2<=?) and (? is null or bdct1_0.trang_thai=?) order by bdct1_0.ngay_dang desc
Hibernate: select count(bdct1_0.id) from bai_dang_cho_thue bdct1_0 where (? is null or bdct1_0.tinh_thanhpho like ? escape '') and (? is null or bdct1_0.phuong_xa like ? escape '') and (? is null or bdct1_0.gia_thang>=?) and (? is null or bdct1_0.gia_thang<=?) and (? is null or bdct1_0.dien_tich_m2>=?) and (? is null or bdct1_0.dien_tich_m2<=?) and (? is null or bdct1_0.trang_thai=?)
Hibernate: select u1_0.id,u1_0.avatar,u1_0.email,u1_0.fullname,u1_0.hash_password,u1_0.ngay_cap_nhat,u1_0.ngay_tao,u1_0.role,u1_0.so_dien_thoai from user u1_0 where u1_0.email=?
Hibernate: select bdct1_0.id,bdct1_0.dia_chi_day_du,bdct1_0.dien_tich_m2,bdct1_0.gia_thang,bdct1_0.kinh_do,bdct1_0.mo_ta,bdct1_0.ngay_cap_nhat,bdct1_0.ngay_co_the_vao_o,bdct1_0.ngay_dang,bdct1_0.id_nguoi_dang,bdct1_0.phuong_xa,bdct1_0.tieu_de,bdct1_0.tinh_thanhpho,bdct1_0.trang_thai,bdct1_0.vi_do from bai_dang_cho_thue bdct1_0 where (? is null or bdct1_0.tinh_thanhpho like ? escape '') and (? is null or bdct1_0.phuong_xa like ? escape '') and (? is null or bdct1_0.gia_thang>=?) and (? is null or bdct1_0.gia_thang<=?) and (? is null or bdct1_0.dien_tich_m2>=?) and (? is null or bdct1_0.dien_tich_m2<=?) and (? is null or bdct1_0.trang_thai=?) order by bdct1_0.ngay_dang desc
Hibernate: select count(bdct1_0.id) from bai_dang_cho_thue bdct1_0 where (? is null or bdct1_0.tinh_thanhpho like ? escape '') and (? is null or bdct1_0.phuong_xa like ? escape '') and (? is null or bdct1_0.gia_thang>=?) and (? is null or bdct1_0.gia_thang<=?) and (? is null or bdct1_0.dien_tich_m2>=?) and (? is null or bdct1_0.dien_tich_m2<=?) and (? is null or bdct1_0.trang_thai=?)
Hibernate: select u1_0.id,u1_0.avatar,u1_0.email,u1_0.fullname,u1_0.hash_password,u1_0.ngay_cap_nhat,u1_0.ngay_tao,u1_0.role,u1_0.so_dien_thoai from user u1_0 where u1_0.email=?
Hibernate: select bdct1_0.id,bdct1_0.dia_chi_day_du,bdct1_0.dien_tich_m2,bdct1_0.gia_thang,bdct1_0.kinh_do,bdct1_0.mo_ta,bdct1_0.ngay_cap_nhat,bdct1_0.ngay_co_the_vao_o,bdct1_0.ngay_dang,bdct1_0.id_nguoi_dang,bdct1_0.phuong_xa,bdct1_0.tieu_de,bdct1_0.tinh_thanhpho,bdct1_0.trang_thai,bdct1_0.vi_do from bai_dang_cho_thue bdct1_0 where (? is null or bdct1_0.tinh_thanhpho like ? escape '') and (? is null or bdct1_0.phuong_xa like ? escape '') and (? is null or bdct1_0.gia_thang>=?) and (? is null or bdct1_0.gia_thang<=?) and (? is null or bdct1_0.dien_tich_m2>=?) and (? is null or bdct1_0.dien_tich_m2<=?) and (? is null or bdct1_0.trang_thai=?) order by bdct1_0.ngay_dang desc
Hibernate: select count(bdct1_0.id) from bai_dang_cho_thue bdct1_0 where (? is null or bdct1_0.tinh_thanhpho like ? escape '') and (? is null or bdct1_0.phuong_xa like ? escape '') and (? is null or bdct1_0.gia_thang>=?) and (? is null or bdct1_0.gia_thang<=?) and (? is null or bdct1_0.dien_tich_m2>=?) and (? is null or bdct1_0.dien_tich_m2<=?) and (? is null or bdct1_0.trang_thai=?)
Hibernate: select u1_0.id,u1_0.avatar,u1_0.email,u1_0.fullname,u1_0.hash_password,u1_0.ngay_cap_nhat,u1_0.ngay_tao,u1_0.role,u1_0.so_dien_thoai from user u1_0 where u1_0.email=?
Hibernate: select bdct1_0.id,bdct1_0.dia_chi_day_du,bdct1_0.dien_tich_m2,bdct1_0.gia_thang,bdct1_0.kinh_do,bdct1_0.mo_ta,bdct1_0.ngay_cap_nhat,bdct1_0.ngay_co_the_vao_o,bdct1_0.ngay_dang,bdct1_0.id_nguoi_dang,bdct1_0.phuong_xa,bdct1_0.tieu_de,bdct1_0.tinh_thanhpho,bdct1_0.trang_thai,bdct1_0.vi_do from bai_dang_cho_thue bdct1_0 where (? is null or bdct1_0.tinh_thanhpho like ? escape '') and (? is null or bdct1_0.phuong_xa like ? escape '') and (? is null or bdct1_0.gia_thang>=?) and (? is null or bdct1_0.gia_thang<=?) and (? is null or bdct1_0.dien_tich_m2>=?) and (? is null or bdct1_0.dien_tich_m2<=?) and (? is null or bdct1_0.trang_thai=?) order by bdct1_0.ngay_dang desc
Hibernate: select count(bdct1_0.id) from bai_dang_cho_thue bdct1_0 where (? is null or bdct1_0.tinh_thanhpho like ? escape '') and (? is null or bdct1_0.phuong_xa like ? escape '') and (? is null or bdct1_0.gia_thang>=?) and (? is null or bdct1_0.gia_thang<=?) and (? is null or bdct1_0.dien_tich_m2>=?) and (? is null or bdct1_0.dien_tich_m2<=?) and (? is null or bdct1_0.trang_thai=?)
Hibernate: select u1_0.id,u1_0.avatar,u1_0.email,u1_0.fullname,u1_0.hash_password,u1_0.ngay_cap_nhat,u1_0.ngay_tao,u1_0.role,u1_0.so_dien_thoai from user u1_0 where u1_0.email=?
Hibernate: select bdct1_0.id,bdct1_0.dia_chi_day_du,bdct1_0.dien_tich_m2,bdct1_0.gia_thang,bdct1_0.kinh_do,bdct1_0.mo_ta,bdct1_0.ngay_cap_nhat,bdct1_0.ngay_co_the_vao_o,bdct1_0.ngay_dang,bdct1_0.id_nguoi_dang,bdct1_0.phuong_xa,bdct1_0.tieu_de,bdct1_0.tinh_thanhpho,bdct1_0.trang_thai,bdct1_0.vi_do from bai_dang_cho_thue bdct1_0 where (? is null or bdct1_0.tinh_thanhpho like ? escape '') and (? is null or bdct1_0.phuong_xa like ? escape '') and (? is null or bdct1_0.gia_thang>=?) and (? is null or bdct1_0.gia_thang<=?) and (? is null or bdct1_0.dien_tich_m2>=?) and (? is null or bdct1_0.dien_tich_m2<=?) and (? is null or bdct1_0.trang_thai=?) order by bdct1_0.ngay_dang desc
Hibernate: select count(bdct1_0.id) from bai_dang_cho_thue bdct1_0 where (? is null or bdct1_0.tinh_thanhpho like ? escape '') and (? is null or bdct1_0.phuong_xa like ? escape '') and (? is null or bdct1_0.gia_thang>=?) and (? is null or bdct1_0.gia_thang<=?) and (? is null or bdct1_0.dien_tich_m2>=?) and (? is null or bdct1_0.dien_tich_m2<=?) and (? is null or bdct1_0.trang_thai=?)
Hibernate: select u1_0.id,u1_0.avatar,u1_0.email,u1_0.fullname,u1_0.hash_password,u1_0.ngay_cap_nhat,u1_0.ngay_tao,u1_0.role,u1_0.so_dien_thoai from user u1_0 where u1_0.email=?
Hibernate: select bdct1_0.id,bdct1_0.dia_chi_day_du,bdct1_0.dien_tich_m2,bdct1_0.gia_thang,bdct1_0.kinh_do,bdct1_0.mo_ta,bdct1_0.ngay_cap_nhat,bdct1_0.ngay_co_the_vao_o,bdct1_0.ngay_dang,bdct1_0.id_nguoi_dang,bdct1_0.phuong_xa,bdct1_0.tieu_de,bdct1_0.tinh_thanhpho,bdct1_0.trang_thai,bdct1_0.vi_do from bai_dang_cho_thue bdct1_0 where (? is null or bdct1_0.tinh_thanhpho like ? escape '') and (? is null or bdct1_0.phuong_xa like ? escape '') and (? is null or bdct1_0.gia_thang>=?) and (? is null or bdct1_0.gia_thang<=?) and (? is null or bdct1_0.dien_tich_m2>=?) and (? is null or bdct1_0.dien_tich_m2<=?) and (? is null or bdct1_0.trang_thai=?) order by bdct1_0.ngay_dang desc
Hibernate: select count(bdct1_0.id) from bai_dang_cho_thue bdct1_0 where (? is null or bdct1_0.tinh_thanhpho like ? escape '') and (? is null or bdct1_0.phuong_xa like ? escape '') and (? is null or bdct1_0.gia_thang>=?) and (? is null or bdct1_0.gia_thang<=?) and (? is null or bdct1_0.dien_tich_m2>=?) and (? is null or bdct1_0.dien_tich_m2<=?) and (? is null or bdct1_0.trang_thai=?)
Hibernate: select u1_0.id,u1_0.avatar,u1_0.email,u1_0.fullname,u1_0.hash_password,u1_0.ngay_cap_nhat,u1_0.ngay_tao,u1_0.role,u1_0.so_dien_thoai from user u1_0 where u1_0.email=?
Hibernate: select bdct1_0.id,bdct1_0.dia_chi_day_du,bdct1_0.dien_tich_m2,bdct1_0.gia_thang,bdct1_0.kinh_do,bdct1_0.mo_ta,bdct1_0.ngay_cap_nhat,bdct1_0.ngay_co_the_vao_o,bdct1_0.ngay_dang,bdct1_0.id_nguoi_dang,bdct1_0.phuong_xa,bdct1_0.tieu_de,bdct1_0.tinh_thanhpho,bdct1_0.trang_thai,bdct1_0.vi_do from bai_dang_cho_thue bdct1_0 where (? is null or bdct1_0.tinh_thanhpho like ? escape '') and (? is null or bdct1_0.phuong_xa like ? escape '') and (? is null or bdct1_0.gia_thang>=?) and (? is null or bdct1_0.gia_thang<=?) and (? is null or bdct1_0.dien_tich_m2>=?) and (? is null or bdct1_0.dien_tich_m2<=?) and (? is null or bdct1_0.trang_thai=?) order by bdct1_0.ngay_dang desc
Hibernate: select count(bdct1_0.id) from bai_dang_cho_thue bdct1_0 where (? is null or bdct1_0.tinh_thanhpho like ? escape '') and (? is null or bdct1_0.phuong_xa like ? escape '') and (? is null or bdct1_0.gia_thang>=?) and (? is null or bdct1_0.gia_thang<=?) and (? is null or bdct1_0.dien_tich_m2>=?) and (? is null or bdct1_0.dien_tich_m2<=?) and (? is null or bdct1_0.trang_thai=?)
Hibernate: select u1_0.id,u1_0.avatar,u1_0.email,u1_0.fullname,u1_0.hash_password,u1_0.ngay_cap_nhat,u1_0.ngay_tao,u1_0.role,u1_0.so_dien_thoai from user u1_0 where u1_0.email=?
Hibernate: select bdct1_0.id,bdct1_0.dia_chi_day_du,bdct1_0.dien_tich_m2,bdct1_0.gia_thang,bdct1_0.kinh_do,bdct1_0.mo_ta,bdct1_0.ngay_cap_nhat,bdct1_0.ngay_co_the_vao_o,bdct1_0.ngay_dang,bdct1_0.id_nguoi_dang,bdct1_0.phuong_xa,bdct1_0.tieu_de,bdct1_0.tinh_thanhpho,bdct1_0.trang_thai,bdct1_0.vi_do from bai_dang_cho_thue bdct1_0 where (? is null or bdct1_0.tinh_thanhpho like ? escape '') and (? is null or bdct1_0.phuong_xa like ? escape '') and (? is null or bdct1_0.gia_thang>=?) and (? is null or bdct1_0.gia_thang<=?) and (? is null or bdct1_0.dien_tich_m2>=?) and (? is null or bdct1_0.dien_tich_m2<=?) and (? is null or bdct1_0.trang_thai=?) order by bdct1_0.ngay_dang desc
Hibernate: select count(bdct1_0.id) from bai_dang_cho_thue bdct1_0 where (? is null or bdct1_0.tinh_thanhpho like ? escape '') and (? is null or bdct1_0.phuong_xa like ? escape '') and (? is null or bdct1_0.gia_thang>=?) and (? is null or bdct1_0.gia_thang<=?) and (? is null or bdct1_0.dien_tich_m2>=?) and (? is null or bdct1_0.dien_tich_m2<=?) and (? is null or bdct1_0.trang_thai=?)
Hibernate: select u1_0.id,u1_0.avatar,u1_0.email,u1_0.fullname,u1_0.hash_password,u1_0.ngay_cap_nhat,u1_0.ngay_tao,u1_0.role,u1_0.so_dien_thoai from user u1_0 where u1_0.email=?
Hibernate: select bdct1_0.id,bdct1_0.dia_chi_day_du,bdct1_0.dien_tich_m2,bdct1_0.gia_thang,bdct1_0.kinh_do,bdct1_0.mo_ta,bdct1_0.ngay_cap_nhat,bdct1_0.ngay_co_the_vao_o,bdct1_0.ngay_dang,bdct1_0.id_nguoi_dang,bdct1_0.phuong_xa,bdct1_0.tieu_de,bdct1_0.tinh_thanhpho,bdct1_0.trang_thai,bdct1_0.vi_do from bai_dang_cho_thue bdct1_0 where (? is null or bdct1_0.tinh_thanhpho like ? escape '') and (? is null or bdct1_0.phuong_xa like ? escape '') and (? is null or bdct1_0.gia_thang>=?) and (? is null or bdct1_0.gia_thang<=?) and (? is null or bdct1_0.dien_tich_m2>=?) and (? is null or bdct1_0.dien_tich_m2<=?) and (? is null or bdct1_0.trang_thai=?) order by bdct1_0.ngay_dang desc
Hibernate: select count(bdct1_0.id) from bai_dang_cho_thue bdct1_0 where (? is null or bdct1_0.tinh_thanhpho like ? escape '') and (? is null or bdct1_0.phuong_xa like ? escape '') and (? is null or bdct1_0.gia_thang>=?) and (? is null or bdct1_0.gia_thang<=?) and (? is null or bdct1_0.dien_tich_m2>=?) and (? is null or bdct1_0.dien_tich_m2<=?) and (? is null or bdct1_0.trang_thai=?)
Hibernate: select u1_0.id,u1_0.avatar,u1_0.email,u1_0.fullname,u1_0.hash_password,u1_0.ngay_cap_nhat,u1_0.ngay_tao,u1_0.role,u1_0.so_dien_thoai from user u1_0 where u1_0.email=?
Hibernate: select bdct1_0.id,bdct1_0.dia_chi_day_du,bdct1_0.dien_tich_m2,bdct1_0.gia_thang,bdct1_0.kinh_do,bdct1_0.mo_ta,bdct1_0.ngay_cap_nhat,bdct1_0.ngay_co_the_vao_o,bdct1_0.ngay_dang,bdct1_0.id_nguoi_dang,bdct1_0.phuong_xa,bdct1_0.tieu_de,bdct1_0.tinh_thanhpho,bdct1_0.trang_thai,bdct1_0.vi_do from bai_dang_cho_thue bdct1_0 where (? is null or bdct1_0.tinh_thanhpho like ? escape '') and (? is null or bdct1_0.phuong_xa like ? escape '') and (? is null or bdct1_0.gia_thang>=?) and (? is null or bdct1_0.gia_thang<=?) and (? is null or bdct1_0.dien_tich_m2>=?) and (? is null or bdct1_0.dien_tich_m2<=?) and (? is null or bdct1_0.trang_thai=?) order by bdct1_0.ngay_dang desc
Hibernate: select count(bdct1_0.id) from bai_dang_cho_thue bdct1_0 where (? is null or bdct1_0.tinh_thanhpho like ? escape '') and (? is null or bdct1_0.phuong_xa like ? escape '') and (? is null or bdct1_0.gia_thang>=?) and (? is null or bdct1_0.gia_thang<=?) and (? is null or bdct1_0.dien_tich_m2>=?) and (? is null or bdct1_0.dien_tich_m2<=?) and (? is null or bdct1_0.trang_thai=?)
Hibernate: select u1_0.id,u1_0.avatar,u1_0.email,u1_0.fullname,u1_0.hash_password,u1_0.ngay_cap_nhat,u1_0.ngay_tao,u1_0.role,u1_0.so_dien_thoai from user u1_0 where u1_0.email=?
Hibernate: select bdct1_0.id,bdct1_0.dia_chi_day_du,bdct1_0.dien_tich_m2,bdct1_0.gia_thang,bdct1_0.kinh_do,bdct1_0.mo_ta,bdct1_0.ngay_cap_nhat,bdct1_0.ngay_co_the_vao_o,bdct1_0.ngay_dang,bdct1_0.id_nguoi_dang,bdct1_0.phuong_xa,bdct1_0.tieu_de,bdct1_0.tinh_thanhpho,bdct1_0.trang_thai,bdct1_0.vi_do from bai_dang_cho_thue bdct1_0 where (? is null or bdct1_0.tinh_thanhpho like ? escape '') and (? is null or bdct1_0.phuong_xa like ? escape '') and (? is null or bdct1_0.gia_thang>=?) and (? is null or bdct1_0.gia_thang<=?) and (? is null or bdct1_0.dien_tich_m2>=?) and (? is null or bdct1_0.dien_tich_m2<=?) and (? is null or bdct1_0.trang_thai=?) order by bdct1_0.ngay_dang desc
Hibernate: select count(bdct1_0.id) from bai_dang_cho_thue bdct1_0 where (? is null or bdct1_0.tinh_thanhpho like ? escape '') and (? is null or bdct1_0.phuong_xa like ? escape '') and (? is null or bdct1_0.gia_thang>=?) and (? is null or bdct1_0.gia_thang<=?) and (? is null or bdct1_0.dien_tich_m2>=?) and (? is null or bdct1_0.dien_tich_m2<=?) and (? is null or bdct1_0.trang_thai=?)
Hibernate: select u1_0.id,u1_0.avatar,u1_0.email,u1_0.fullname,u1_0.hash_password,u1_0.ngay_cap_nhat,u1_0.ngay_tao,u1_0.role,u1_0.so_dien_thoai from user u1_0 where u1_0.email=?
Hibernate: select bdct1_0.id,bdct1_0.dia_chi_day_du,bdct1_0.dien_tich_m2,bdct1_0.gia_thang,bdct1_0.kinh_do,bdct1_0.mo_ta,bdct1_0.ngay_cap_nhat,bdct1_0.ngay_co_the_vao_o,bdct1_0.ngay_dang,bdct1_0.id_nguoi_dang,bdct1_0.phuong_xa,bdct1_0.tieu_de,bdct1_0.tinh_thanhpho,bdct1_0.trang_thai,bdct1_0.vi_do from bai_dang_cho_thue bdct1_0 where (? is null or bdct1_0.tinh_thanhpho like ? escape '') and (? is null or bdct1_0.phuong_xa like ? escape '') and (? is null or bdct1_0.gia_thang>=?) and (? is null or bdct1_0.gia_thang<=?) and (? is null or bdct1_0.dien_tich_m2>=?) and (? is null or bdct1_0.dien_tich_m2<=?) and (? is null or bdct1_0.trang_thai=?) order by bdct1_0.ngay_dang desc
Hibernate: select count(bdct1_0.id) from bai_dang_cho_thue bdct1_0 where (? is null or bdct1_0.tinh_thanhpho like ? escape '') and (? is null or bdct1_0.phuong_xa like ? escape '') and (? is null or bdct1_0.gia_thang>=?) and (? is null or bdct1_0.gia_thang<=?) and (? is null or bdct1_0.dien_tich_m2>=?) and (? is null or bdct1_0.dien_tich_m2<=?) and (? is null or bdct1_0.trang_thai=?)
Hibernate: select u1_0.id,u1_0.avatar,u1_0.email,u1_0.fullname,u1_0.hash_password,u1_0.ngay_cap_nhat,u1_0.ngay_tao,u1_0.role,u1_0.so_dien_thoai from user u1_0 where u1_0.email=?
Hibernate: select bdct1_0.id,bdct1_0.dia_chi_day_du,bdct1_0.dien_tich_m2,bdct1_0.gia_thang,bdct1_0.kinh_do,bdct1_0.mo_ta,bdct1_0.ngay_cap_nhat,bdct1_0.ngay_co_the_vao_o,bdct1_0.ngay_dang,bdct1_0.id_nguoi_dang,bdct1_0.phuong_xa,bdct1_0.tieu_de,bdct1_0.tinh_thanhpho,bdct1_0.trang_thai,bdct1_0.vi_do from bai_dang_cho_thue bdct1_0 where (? is null or bdct1_0.tinh_thanhpho like ? escape '') and (? is null or bdct1_0.phuong_xa like ? escape '') and (? is null or bdct1_0.gia_thang>=?) and (? is null or bdct1_0.gia_thang<=?) and (? is null or bdct1_0.dien_tich_m2>=?) and (? is null or bdct1_0.dien_tich_m2<=?) and (? is null or bdct1_0.trang_thai=?) order by bdct1_0.ngay_dang desc
Hibernate: select count(bdct1_0.id) from bai_dang_cho_thue bdct1_0 where (? is null or bdct1_0.tinh_thanhpho like ? escape '') and (? is null or bdct1_0.phuong_xa like ? escape '') and (? is null or bdct1_0.gia_thang>=?) and (? is null or bdct1_0.gia_thang<=?) and (? is null or bdct1_0.dien_tich_m2>=?) and (? is null or bdct1_0.dien_tich_m2<=?) and (? is null or bdct1_0.trang_thai=?)
Hibernate: select u1_0.id,u1_0.avatar,u1_0.email,u1_0.fullname,u1_0.hash_password,u1_0.ngay_cap_nhat,u1_0.ngay_tao,u1_0.role,u1_0.so_dien_thoai from user u1_0 where u1_0.email=?
Hibernate: select bdct1_0.id,bdct1_0.dia_chi_day_du,bdct1_0.dien_tich_m2,bdct1_0.gia_thang,bdct1_0.kinh_do,bdct1_0.mo_ta,bdct1_0.ngay_cap_nhat,bdct1_0.ngay_co_the_vao_o,bdct1_0.ngay_dang,bdct1_0.id_nguoi_dang,bdct1_0.phuong_xa,bdct1_0.tieu_de,bdct1_0.tinh_thanhpho,bdct1_0.trang_thai,bdct1_0.vi_do from bai_dang_cho_thue bdct1_0 where (? is null or bdct1_0.tinh_thanhpho like ? escape '') and (? is null or bdct1_0.phuong_xa like ? escape '') and (? is null or bdct1_0.gia_thang>=?) and (? is null or bdct1_0.gia_thang<=?) and (? is null or bdct1_0.dien_tich_m2>=?) and (? is null or bdct1_0.dien_tich_m2<=?) and (? is null or bdct1_0.trang_thai=?) order by bdct1_0.ngay_dang desc
Hibernate: select count(bdct1_0.id) from bai_dang_cho_thue bdct1_0 where (? is null or bdct1_0.tinh_thanhpho like ? escape '') and (? is null or bdct1_0.phuong_xa like ? escape '') and (? is null or bdct1_0.gia_thang>=?) and (? is null or bdct1_0.gia_thang<=?) and (? is null or bdct1_0.dien_tich_m2>=?) and (? is null or bdct1_0.dien_tich_m2<=?) and (? is null or bdct1_0.trang_thai=?)
Hibernate: select u1_0.id,u1_0.avatar,u1_0.email,u1_0.fullname,u1_0.hash_password,u1_0.ngay_cap_nhat,u1_0.ngay_tao,u1_0.role,u1_0.so_dien_thoai from user u1_0 where u1_0.email=?
Hibernate: select bdct1_0.id,bdct1_0.dia_chi_day_du,bdct1_0.dien_tich_m2,bdct1_0.gia_thang,bdct1_0.kinh_do,bdct1_0.mo_ta,bdct1_0.ngay_cap_nhat,bdct1_0.ngay_co_the_vao_o,bdct1_0.ngay_dang,bdct1_0.id_nguoi_dang,bdct1_0.phuong_xa,bdct1_0.tieu_de,bdct1_0.tinh_thanhpho,bdct1_0.trang_thai,bdct1_0.vi_do from bai_dang_cho_thue bdct1_0 where (? is null or bdct1_0.tinh_thanhpho like ? escape '') and (? is null or bdct1_0.phuong_xa like ? escape '') and (? is null or bdct1_0.gia_thang>=?) and (? is null or bdct1_0.gia_thang<=?) and (? is null or bdct1_0.dien_tich_m2>=?) and (? is null or bdct1_0.dien_tich_m2<=?) and (? is null or bdct1_0.trang_thai=?) order by bdct1_0.ngay_dang desc
Hibernate: select count(bdct1_0.id) from bai_dang_cho_thue bdct1_0 where (? is null or bdct1_0.tinh_thanhpho like ? escape '') and (? is null or bdct1_0.phuong_xa like ? escape '') and (? is null or bdct1_0.gia_thang>=?) and (? is null or bdct1_0.gia_thang<=?) and (? is null or bdct1_0.dien_tich_m2>=?) and (? is null or bdct1_0.dien_tich_m2<=?) and (? is null or bdct1_0.trang_thai=?)
Hibernate: select u1_0.id,u1_0.avatar,u1_0.email,u1_0.fullname,u1_0.hash_password,u1_0.ngay_cap_nhat,u1_0.ngay_tao,u1_0.role,u1_0.so_dien_thoai from user u1_0 where u1_0.email=?
Hibernate: select bdct1_0.id,bdct1_0.dia_chi_day_du,bdct1_0.dien_tich_m2,bdct1_0.gia_thang,bdct1_0.kinh_do,bdct1_0.mo_ta,bdct1_0.ngay_cap_nhat,bdct1_0.ngay_co_the_vao_o,bdct1_0.ngay_dang,bdct1_0.id_nguoi_dang,bdct1_0.phuong_xa,bdct1_0.tieu_de,bdct1_0.tinh_thanhpho,bdct1_0.trang_thai,bdct1_0.vi_do from bai_dang_cho_thue bdct1_0 where (? is null or bdct1_0.tinh_thanhpho like ? escape '') and (? is null or bdct1_0.phuong_xa like ? escape '') and (? is null or bdct1_0.gia_thang>=?) and (? is null or bdct1_0.gia_thang<=?) and (? is null or bdct1_0.dien_tich_m2>=?) and (? is null or bdct1_0.dien_tich_m2<=?) and (? is null or bdct1_0.trang_thai=?) order by bdct1_0.ngay_dang desc
Hibernate: select count(bdct1_0.id) from bai_dang_cho_thue bdct1_0 where (? is null or bdct1_0.tinh_thanhpho like ? escape '') and (? is null or bdct1_0.phuong_xa like ? escape '') and (? is null or bdct1_0.gia_thang>=?) and (? is null or bdct1_0.gia_thang<=?) and (? is null or bdct1_0.dien_tich_m2>=?) and (? is null or bdct1_0.dien_tich_m2<=?) and (? is null or bdct1_0.trang_thai=?)
Hibernate: select u1_0.id,u1_0.avatar,u1_0.email,u1_0.fullname,u1_0.hash_password,u1_0.ngay_cap_nhat,u1_0.ngay_tao,u1_0.role,u1_0.so_dien_thoai from user u1_0 where u1_0.email=?
Hibernate: select bdct1_0.id,bdct1_0.dia_chi_day_du,bdct1_0.dien_tich_m2,bdct1_0.gia_thang,bdct1_0.kinh_do,bdct1_0.mo_ta,bdct1_0.ngay_cap_nhat,bdct1_0.ngay_co_the_vao_o,bdct1_0.ngay_dang,bdct1_0.id_nguoi_dang,bdct1_0.phuong_xa,bdct1_0.tieu_de,bdct1_0.tinh_thanhpho,bdct1_0.trang_thai,bdct1_0.vi_do from bai_dang_cho_thue bdct1_0 where (? is null or bdct1_0.tinh_thanhpho like ? escape '') and (? is null or bdct1_0.phuong_xa like ? escape '') and (? is null or bdct1_0.gia_thang>=?) and (? is null or bdct1_0.gia_thang<=?) and (? is null or bdct1_0.dien_tich_m2>=?) and (? is null or bdct1_0.dien_tich_m2<=?) and (? is null or bdct1_0.trang_thai=?) order by bdct1_0.ngay_dang desc
Hibernate: select count(bdct1_0.id) from bai_dang_cho_thue bdct1_0 where (? is null or bdct1_0.tinh_thanhpho like ? escape '') and (? is null or bdct1_0.phuong_xa like ? escape '') and (? is null or bdct1_0.gia_thang>=?) and (? is null or bdct1_0.gia_thang<=?) and (? is null or bdct1_0.dien_tich_m2>=?) and (? is null or bdct1_0.dien_tich_m2<=?) and (? is null or bdct1_0.trang_thai=?)
Hibernate: select u1_0.id,u1_0.avatar,u1_0.email,u1_0.fullname,u1_0.hash_password,u1_0.ngay_cap_nhat,u1_0.ngay_tao,u1_0.role,u1_0.so_dien_thoai from user u1_0 where u1_0.email=?
Hibernate: select bdct1_0.id,bdct1_0.dia_chi_day_du,bdct1_0.dien_tich_m2,bdct1_0.gia_thang,bdct1_0.kinh_do,bdct1_0.mo_ta,bdct1_0.ngay_cap_nhat,bdct1_0.ngay_co_the_vao_o,bdct1_0.ngay_dang,bdct1_0.id_nguoi_dang,bdct1_0.phuong_xa,bdct1_0.tieu_de,bdct1_0.tinh_thanhpho,bdct1_0.trang_thai,bdct1_0.vi_do from bai_dang_cho_thue bdct1_0 where (? is null or bdct1_0.tinh_thanhpho like ? escape '') and (? is null or bdct1_0.phuong_xa like ? escape '') and (? is null or bdct1_0.gia_thang>=?) and (? is null or bdct1_0.gia_thang<=?) and (? is null or bdct1_0.dien_tich_m2>=?) and (? is null or bdct1_0.dien_tich_m2<=?) and (? is null or bdct1_0.trang_thai=?) order by bdct1_0.ngay_dang desc
Hibernate: select count(bdct1_0.id) from bai_dang_cho_thue bdct1_0 where (? is null or bdct1_0.tinh_thanhpho like ? escape '') and (? is null or bdct1_0.phuong_xa like ? escape '') and (? is null or bdct1_0.gia_thang>=?) and (? is null or bdct1_0.gia_thang<=?) and (? is null or bdct1_0.dien_tich_m2>=?) and (? is null or bdct1_0.dien_tich_m2<=?) and (? is null or bdct1_0.trang_thai=?)
Hibernate: select u1_0.id,u1_0.avatar,u1_0.email,u1_0.fullname,u1_0.hash_password,u1_0.ngay_cap_nhat,u1_0.ngay_tao,u1_0.role,u1_0.so_dien_thoai from user u1_0 where u1_0.email=?
Hibernate: select bdct1_0.id,bdct1_0.dia_chi_day_du,bdct1_0.dien_tich_m2,bdct1_0.gia_thang,bdct1_0.kinh_do,bdct1_0.mo_ta,bdct1_0.ngay_cap_nhat,bdct1_0.ngay_co_the_vao_o,bdct1_0.ngay_dang,bdct1_0.id_nguoi_dang,bdct1_0.phuong_xa,bdct1_0.tieu_de,bdct1_0.tinh_thanhpho,bdct1_0.trang_thai,bdct1_0.vi_do from bai_dang_cho_thue bdct1_0 where (? is null or bdct1_0.tinh_thanhpho like ? escape '') and (? is null or bdct1_0.phuong_xa like ? escape '') and (? is null or bdct1_0.gia_thang>=?) and (? is null or bdct1_0.gia_thang<=?) and (? is null or bdct1_0.dien_tich_m2>=?) and (? is null or bdct1_0.dien_tich_m2<=?) and (? is null or bdct1_0.trang_thai=?) order by bdct1_0.ngay_dang desc
Hibernate: select count(bdct1_0.id) from bai_dang_cho_thue bdct1_0 where (? is null or bdct1_0.tinh_thanhpho like ? escape '') and (? is null or bdct1_0.phuong_xa like ? escape '') and (? is null or bdct1_0.gia_thang>=?) and (? is null or bdct1_0.gia_thang<=?) and (? is null or bdct1_0.dien_tich_m2>=?) and (? is null or bdct1_0.dien_tich_m2<=?) and (? is null or bdct1_0.trang_thai=?)
Hibernate: select u1_0.id,u1_0.avatar,u1_0.email,u1_0.fullname,u1_0.hash_password,u1_0.ngay_cap_nhat,u1_0.ngay_tao,u1_0.role,u1_0.so_dien_thoai from user u1_0 where u1_0.email=?
Hibernate: select bdct1_0.id,bdct1_0.dia_chi_day_du,bdct1_0.dien_tich_m2,bdct1_0.gia_thang,bdct1_0.kinh_do,bdct1_0.mo_ta,bdct1_0.ngay_cap_nhat,bdct1_0.ngay_co_the_vao_o,bdct1_0.ngay_dang,bdct1_0.id_nguoi_dang,bdct1_0.phuong_xa,bdct1_0.tieu_de,bdct1_0.tinh_thanhpho,bdct1_0.trang_thai,bdct1_0.vi_do from bai_dang_cho_thue bdct1_0 where (? is null or bdct1_0.tinh_thanhpho like ? escape '') and (? is null or bdct1_0.phuong_xa like ? escape '') and (? is null or bdct1_0.gia_thang>=?) and (? is null or bdct1_0.gia_thang<=?) and (? is null or bdct1_0.dien_tich_m2>=?) and (? is null or bdct1_0.dien_tich_m2<=?) and (? is null or bdct1_0.trang_thai=?) order by bdct1_0.ngay_dang desc
Hibernate: select count(bdct1_0.id) from bai_dang_cho_thue bdct1_0 where (? is null or bdct1_0.tinh_thanhpho like ? escape '') and (? is null or bdct1_0.phuong_xa like ? escape '') and (? is null or bdct1_0.gia_thang>=?) and (? is null or bdct1_0.gia_thang<=?) and (? is null or bdct1_0.dien_tich_m2>=?) and (? is null or bdct1_0.dien_tich_m2<=?) and (? is null or bdct1_0.trang_thai=?)
Hibernate: select u1_0.id,u1_0.avatar,u1_0.email,u1_0.fullname,u1_0.hash_password,u1_0.ngay_cap_nhat,u1_0.ngay_tao,u1_0.role,u1_0.so_dien_thoai from user u1_0 where u1_0.email=?
Hibernate: select bdct1_0.id,bdct1_0.dia_chi_day_du,bdct1_0.dien_tich_m2,bdct1_0.gia_thang,bdct1_0.kinh_do,bdct1_0.mo_ta,bdct1_0.ngay_cap_nhat,bdct1_0.ngay_co_the_vao_o,bdct1_0.ngay_dang,bdct1_0.id_nguoi_dang,bdct1_0.phuong_xa,bdct1_0.tieu_de,bdct1_0.tinh_thanhpho,bdct1_0.trang_thai,bdct1_0.vi_do from bai_dang_cho_thue bdct1_0 where (? is null or bdct1_0.tinh_thanhpho like ? escape '') and (? is null or bdct1_0.phuong_xa like ? escape '') and (? is null or bdct1_0.gia_thang>=?) and (? is null or bdct1_0.gia_thang<=?) and (? is null or bdct1_0.dien_tich_m2>=?) and (? is null or bdct1_0.dien_tich_m2<=?) and (? is null or bdct1_0.trang_thai=?) order by bdct1_0.ngay_dang desc
Hibernate: select count(bdct1_0.id) from bai_dang_cho_thue bdct1_0 where (? is null or bdct1_0.tinh_thanhpho like ? escape '') and (? is null or bdct1_0.phuong_xa like ? escape '') and (? is null or bdct1_0.gia_thang>=?) and (? is null or bdct1_0.gia_thang<=?) and (? is null or bdct1_0.dien_tich_m2>=?) and (? is null or bdct1_0.dien_tich_m2<=?) and (? is null or bdct1_0.trang_thai=?)
Hibernate: select u1_0.id,u1_0.avatar,u1_0.email,u1_0.fullname,u1_0.hash_password,u1_0.ngay_cap_nhat,u1_0.ngay_tao,u1_0.role,u1_0.so_dien_thoai from user u1_0 where u1_0.email=?
Hibernate: select bdct1_0.id,bdct1_0.dia_chi_day_du,bdct1_0.dien_tich_m2,bdct1_0.gia_thang,bdct1_0.kinh_do,bdct1_0.mo_ta,bdct1_0.ngay_cap_nhat,bdct1_0.ngay_co_the_vao_o,bdct1_0.ngay_dang,bdct1_0.id_nguoi_dang,bdct1_0.phuong_xa,bdct1_0.tieu_de,bdct1_0.tinh_thanhpho,bdct1_0.trang_thai,bdct1_0.vi_do from bai_dang_cho_thue bdct1_0 where (? is null or bdct1_0.tinh_thanhpho like ? escape '') and (? is null or bdct1_0.phuong_xa like ? escape '') and (? is null or bdct1_0.gia_thang>=?) and (? is null or bdct1_0.gia_thang<=?) and (? is null or bdct1_0.dien_tich_m2>=?) and (? is null or bdct1_0.dien_tich_m2<=?) and (? is null or bdct1_0.trang_thai=?) order by bdct1_0.ngay_dang desc
Hibernate: select count(bdct1_0.id) from bai_dang_cho_thue bdct1_0 where (? is null or bdct1_0.tinh_thanhpho like ? escape '') and (? is null or bdct1_0.phuong_xa like ? escape '') and (? is null or bdct1_0.gia_thang>=?) and (? is null or bdct1_0.gia_thang<=?) and (? is null or bdct1_0.dien_tich_m2>=?) and (? is null or bdct1_0.dien_tich_m2<=?) and (? is null or bdct1_0.trang_thai=?)
Hibernate: select u1_0.id,u1_0.avatar,u1_0.email,u1_0.fullname,u1_0.hash_password,u1_0.ngay_cap_nhat,u1_0.ngay_tao,u1_0.role,u1_0.so_dien_thoai from user u1_0 where u1_0.email=?
Hibernate: select bdct1_0.id,bdct1_0.dia_chi_day_du,bdct1_0.dien_tich_m2,bdct1_0.gia_thang,bdct1_0.kinh_do,bdct1_0.mo_ta,bdct1_0.ngay_cap_nhat,bdct1_0.ngay_co_the_vao_o,bdct1_0.ngay_dang,bdct1_0.id_nguoi_dang,bdct1_0.phuong_xa,bdct1_0.tieu_de,bdct1_0.tinh_thanhpho,bdct1_0.trang_thai,bdct1_0.vi_do from bai_dang_cho_thue bdct1_0 where (? is null or bdct1_0.tinh_thanhpho like ? escape '') and (? is null or bdct1_0.phuong_xa like ? escape '') and (? is null or bdct1_0.gia_thang>=?) and (? is null or bdct1_0.gia_thang<=?) and (? is null or bdct1_0.dien_tich_m2>=?) and (? is null or bdct1_0.dien_tich_m2<=?) and (? is null or bdct1_0.trang_thai=?) order by bdct1_0.ngay_dang desc
Hibernate: select count(bdct1_0.id) from bai_dang_cho_thue bdct1_0 where (? is null or bdct1_0.tinh_thanhpho like ? escape '') and (? is null or bdct1_0.phuong_xa like ? escape '') and (? is null or bdct1_0.gia_thang>=?) and (? is null or bdct1_0.gia_thang<=?) and (? is null or bdct1_0.dien_tich_m2>=?) and (? is null or bdct1_0.dien_tich_m2<=?) and (? is null or bdct1_0.trang_thai=?)
Hibernate: select u1_0.id,u1_0.avatar,u1_0.email,u1_0.fullname,u1_0.hash_password,u1_0.ngay_cap_nhat,u1_0.ngay_tao,u1_0.role,u1_0.so_dien_thoai from user u1_0 where u1_0.email=?
Hibernate: select bdct1_0.id,bdct1_0.dia_chi_day_du,bdct1_0.dien_tich_m2,bdct1_0.gia_thang,bdct1_0.kinh_do,bdct1_0.mo_ta,bdct1_0.ngay_cap_nhat,bdct1_0.ngay_co_the_vao_o,bdct1_0.ngay_dang,bdct1_0.id_nguoi_dang,bdct1_0.phuong_xa,bdct1_0.tieu_de,bdct1_0.tinh_thanhpho,bdct1_0.trang_thai,bdct1_0.vi_do from bai_dang_cho_thue bdct1_0 where (? is null or bdct1_0.tinh_thanhpho like ? escape '') and (? is null or bdct1_0.phuong_xa like ? escape '') and (? is null or bdct1_0.gia_thang>=?) and (? is null or bdct1_0.gia_thang<=?) and (? is null or bdct1_0.dien_tich_m2>=?) and (? is null or bdct1_0.dien_tich_m2<=?) and (? is null or bdct1_0.trang_thai=?) order by bdct1_0.ngay_dang desc
Hibernate: select count(bdct1_0.id) from bai_dang_cho_thue bdct1_0 where (? is null or bdct1_0.tinh_thanhpho like ? escape '') and (? is null or bdct1_0.phuong_xa like ? escape '') and (? is null or bdct1_0.gia_thang>=?) and (? is null or bdct1_0.gia_thang<=?) and (? is null or bdct1_0.dien_tich_m2>=?) and (? is null or bdct1_0.dien_tich_m2<=?) and (? is null or bdct1_0.trang_thai=?)
Hibernate: select u1_0.id,u1_0.avatar,u1_0.email,u1_0.fullname,u1_0.hash_password,u1_0.ngay_cap_nhat,u1_0.ngay_tao,u1_0.role,u1_0.so_dien_thoai from user u1_0 where u1_0.email=?
Hibernate: select bdct1_0.id,bdct1_0.dia_chi_day_du,bdct1_0.dien_tich_m2,bdct1_0.gia_thang,bdct1_0.kinh_do,bdct1_0.mo_ta,bdct1_0.ngay_cap_nhat,bdct1_0.ngay_co_the_vao_o,bdct1_0.ngay_dang,bdct1_0.id_nguoi_dang,bdct1_0.phuong_xa,bdct1_0.tieu_de,bdct1_0.tinh_thanhpho,bdct1_0.trang_thai,bdct1_0.vi_do from bai_dang_cho_thue bdct1_0 where (? is null or bdct1_0.tinh_thanhpho like ? escape '') and (? is null or bdct1_0.phuong_xa like ? escape '') and (? is null or bdct1_0.gia_thang>=?) and (? is null or bdct1_0.gia_thang<=?) and (? is null or bdct1_0.dien_tich_m2>=?) and (? is null or bdct1_0.dien_tich_m2<=?) and (? is null or bdct1_0.trang_thai=?) order by bdct1_0.ngay_dang desc
Hibernate: select count(bdct1_0.id) from bai_dang_cho_thue bdct1_0 where (? is null or bdct1_0.tinh_thanhpho like ? escape '') and (? is null or bdct1_0.phuong_xa like ? escape '') and (? is null or bdct1_0.gia_thang>=?) and (? is null or bdct1_0.gia_thang<=?) and (? is null or bdct1_0.dien_tich_m2>=?) and (? is null or bdct1_0.dien_tich_m2<=?) and (? is null or bdct1_0.trang_thai=?)
Hibernate: select u1_0.id,u1_0.avatar,u1_0.email,u1_0.fullname,u1_0.hash_password,u1_0.ngay_cap_nhat,u1_0.ngay_tao,u1_0.role,u1_0.so_dien_thoai from user u1_0 where u1_0.email=?
Hibernate: select bdct1_0.id,bdct1_0.dia_chi_day_du,bdct1_0.dien_tich_m2,bdct1_0.gia_thang,bdct1_0.kinh_do,bdct1_0.mo_ta,bdct1_0.ngay_cap_nhat,bdct1_0.ngay_co_the_vao_o,bdct1_0.ngay_dang,bdct1_0.id_nguoi_dang,bdct1_0.phuong_xa,bdct1_0.tieu_de,bdct1_0.tinh_thanhpho,bdct1_0.trang_thai,bdct1_0.vi_do from bai_dang_cho_thue bdct1_0 where (? is null or bdct1_0.tinh_thanhpho like ? escape '') and (? is null or bdct1_0.phuong_xa like ? escape '') and (? is null or bdct1_0.gia_thang>=?) and (? is null or bdct1_0.gia_thang<=?) and (? is null or bdct1_0.dien_tich_m2>=?) and (? is null or bdct1_0.dien_tich_m2<=?) and (? is null or bdct1_0.trang_thai=?) order by bdct1_0.ngay_dang desc
Hibernate: select count(bdct1_0.id) from bai_dang_cho_thue bdct1_0 where (? is null or bdct1_0.tinh_thanhpho like ? escape '') and (? is null or bdct1_0.phuong_xa like ? escape '') and (? is null or bdct1_0.gia_thang>=?) and (? is null or bdct1_0.gia_thang<=?) and (? is null or bdct1_0.dien_tich_m2>=?) and (? is null or bdct1_0.dien_tich_m2<=?) and (? is null or bdct1_0.trang_thai=?)
Hibernate: select u1_0.id,u1_0.avatar,u1_0.email,u1_0.fullname,u1_0.hash_password,u1_0.ngay_cap_nhat,u1_0.ngay_tao,u1_0.role,u1_0.so_dien_thoai from user u1_0 where u1_0.email=?
Hibernate: select bdct1_0.id,bdct1_0.dia_chi_day_du,bdct1_0.dien_tich_m2,bdct1_0.gia_thang,bdct1_0.kinh_do,bdct1_0.mo_ta,bdct1_0.ngay_cap_nhat,bdct1_0.ngay_co_the_vao_o,bdct1_0.ngay_dang,bdct1_0.id_nguoi_dang,bdct1_0.phuong_xa,bdct1_0.tieu_de,bdct1_0.tinh_thanhpho,bdct1_0.trang_thai,bdct1_0.vi_do from bai_dang_cho_thue bdct1_0 where (? is null or bdct1_0.tinh_thanhpho like ? escape '') and (? is null or bdct1_0.phuong_xa like ? escape '') and (? is null or bdct1_0.gia_thang>=?) and (? is null or bdct1_0.gia_thang<=?) and (? is null or bdct1_0.dien_tich_m2>=?) and (? is null or bdct1_0.dien_tich_m2<=?) and (? is null or bdct1_0.trang_thai=?) order by bdct1_0.ngay_dang desc
Hibernate: select count(bdct1_0.id) from bai_dang_cho_thue bdct1_0 where (? is null or bdct1_0.tinh_thanhpho like ? escape '') and (? is null or bdct1_0.phuong_xa like ? escape '') and (? is null or bdct1_0.gia_thang>=?) and (? is null or bdct1_0.gia_thang<=?) and (? is null or bdct1_0.dien_tich_m2>=?) and (? is null or bdct1_0.dien_tich_m2<=?) and (? is null or bdct1_0.trang_thai=?)
Hibernate: select u1_0.id,u1_0.avatar,u1_0.email,u1_0.fullname,u1_0.hash_password,u1_0.ngay_cap_nhat,u1_0.ngay_tao,u1_0.role,u1_0.so_dien_thoai from user u1_0 where u1_0.email=?
Hibernate: select bdct1_0.id,bdct1_0.dia_chi_day_du,bdct1_0.dien_tich_m2,bdct1_0.gia_thang,bdct1_0.kinh_do,bdct1_0.mo_ta,bdct1_0.ngay_cap_nhat,bdct1_0.ngay_co_the_vao_o,bdct1_0.ngay_dang,bdct1_0.id_nguoi_dang,bdct1_0.phuong_xa,bdct1_0.tieu_de,bdct1_0.tinh_thanhpho,bdct1_0.trang_thai,bdct1_0.vi_do from bai_dang_cho_thue bdct1_0 where (? is null or bdct1_0.tinh_thanhpho like ? escape '') and (? is null or bdct1_0.phuong_xa like ? escape '') and (? is null or bdct1_0.gia_thang>=?) and (? is null or bdct1_0.gia_thang<=?) and (? is null or bdct1_0.dien_tich_m2>=?) and (? is null or bdct1_0.dien_tich_m2<=?) and (? is null or bdct1_0.trang_thai=?) order by bdct1_0.ngay_dang desc
Hibernate: select count(bdct1_0.id) from bai_dang_cho_thue bdct1_0 where (? is null or bdct1_0.tinh_thanhpho like ? escape '') and (? is null or bdct1_0.phuong_xa like ? escape '') and (? is null or bdct1_0.gia_thang>=?) and (? is null or bdct1_0.gia_thang<=?) and (? is null or bdct1_0.dien_tich_m2>=?) and (? is null or bdct1_0.dien_tich_m2<=?) and (? is null or bdct1_0.trang_thai=?)
Hibernate: select u1_0.id,u1_0.avatar,u1_0.email,u1_0.fullname,u1_0.hash_password,u1_0.ngay_cap_nhat,u1_0.ngay_tao,u1_0.role,u1_0.so_dien_thoai from user u1_0 where u1_0.email=?
Hibernate: select bdct1_0.id,bdct1_0.dia_chi_day_du,bdct1_0.dien_tich_m2,bdct1_0.gia_thang,bdct1_0.kinh_do,bdct1_0.mo_ta,bdct1_0.ngay_cap_nhat,bdct1_0.ngay_co_the_vao_o,bdct1_0.ngay_dang,bdct1_0.id_nguoi_dang,bdct1_0.phuong_xa,bdct1_0.tieu_de,bdct1_0.tinh_thanhpho,bdct1_0.trang_thai,bdct1_0.vi_do from bai_dang_cho_thue bdct1_0 where (? is null or bdct1_0.tinh_thanhpho like ? escape '') and (? is null or bdct1_0.phuong_xa like ? escape '') and (? is null or bdct1_0.gia_thang>=?) and (? is null or bdct1_0.gia_thang<=?) and (? is null or bdct1_0.dien_tich_m2>=?) and (? is null or bdct1_0.dien_tich_m2<=?) and (? is null or bdct1_0.trang_thai=?) order by bdct1_0.ngay_dang desc
Hibernate: select count(bdct1_0.id) from bai_dang_cho_thue bdct1_0 where (? is null or bdct1_0.tinh_thanhpho like ? escape '') and (? is null or bdct1_0.phuong_xa like ? escape '') and (? is null or bdct1_0.gia_thang>=?) and (? is null or bdct1_0.gia_thang<=?) and (? is null or bdct1_0.dien_tich_m2>=?) and (? is null or bdct1_0.dien_tich_m2<=?) and (? is null or bdct1_0.trang_thai=?)
Hibernate: select u1_0.id,u1_0.avatar,u1_0.email,u1_0.fullname,u1_0.hash_password,u1_0.ngay_cap_nhat,u1_0.ngay_tao,u1_0.role,u1_0.so_dien_thoai from user u1_0 where u1_0.email=?
Hibernate: select bdct1_0.id,bdct1_0.dia_chi_day_du,bdct1_0.dien_tich_m2,bdct1_0.gia_thang,bdct1_0.kinh_do,bdct1_0.mo_ta,bdct1_0.ngay_cap_nhat,bdct1_0.ngay_co_the_vao_o,bdct1_0.ngay_dang,bdct1_0.id_nguoi_dang,bdct1_0.phuong_xa,bdct1_0.tieu_de,bdct1_0.tinh_thanhpho,bdct1_0.trang_thai,bdct1_0.vi_do from bai_dang_cho_thue bdct1_0 where (? is null or bdct1_0.tinh_thanhpho like ? escape '') and (? is null or bdct1_0.phuong_xa like ? escape '') and (? is null or bdct1_0.gia_thang>=?) and (? is null or bdct1_0.gia_thang<=?) and (? is null or bdct1_0.dien_tich_m2>=?) and (? is null or bdct1_0.dien_tich_m2<=?) and (? is null or bdct1_0.trang_thai=?) order by bdct1_0.ngay_dang desc
Hibernate: select count(bdct1_0.id) from bai_dang_cho_thue bdct1_0 where (? is null or bdct1_0.tinh_thanhpho like ? escape '') and (? is null or bdct1_0.phuong_xa like ? escape '') and (? is null or bdct1_0.gia_thang>=?) and (? is null or bdct1_0.gia_thang<=?) and (? is null or bdct1_0.dien_tich_m2>=?) and (? is null or bdct1_0.dien_tich_m2<=?) and (? is null or bdct1_0.trang_thai=?)
Hibernate: select u1_0.id,u1_0.avatar,u1_0.email,u1_0.fullname,u1_0.hash_password,u1_0.ngay_cap_nhat,u1_0.ngay_tao,u1_0.role,u1_0.so_dien_thoai from user u1_0 where u1_0.email=?
Hibernate: select bdct1_0.id,bdct1_0.dia_chi_day_du,bdct1_0.dien_tich_m2,bdct1_0.gia_thang,bdct1_0.kinh_do,bdct1_0.mo_ta,bdct1_0.ngay_cap_nhat,bdct1_0.ngay_co_the_vao_o,bdct1_0.ngay_dang,bdct1_0.id_nguoi_dang,bdct1_0.phuong_xa,bdct1_0.tieu_de,bdct1_0.tinh_thanhpho,bdct1_0.trang_thai,bdct1_0.vi_do from bai_dang_cho_thue bdct1_0 where (? is null or bdct1_0.tinh_thanhpho like ? escape '') and (? is null or bdct1_0.phuong_xa like ? escape '') and (? is null or bdct1_0.gia_thang>=?) and (? is null or bdct1_0.gia_thang<=?) and (? is null or bdct1_0.dien_tich_m2>=?) and (? is null or bdct1_0.dien_tich_m2<=?) and (? is null or bdct1_0.trang_thai=?) order by bdct1_0.ngay_dang desc
Hibernate: select count(bdct1_0.id) from bai_dang_cho_thue bdct1_0 where (? is null or bdct1_0.tinh_thanhpho like ? escape '') and (? is null or bdct1_0.phuong_xa like ? escape '') and (? is null or bdct1_0.gia_thang>=?) and (? is null or bdct1_0.gia_thang<=?) and (? is null or bdct1_0.dien_tich_m2>=?) and (? is null or bdct1_0.dien_tich_m2<=?) and (? is null or bdct1_0.trang_thai=?)
Hibernate: select u1_0.id,u1_0.avatar,u1_0.email,u1_0.fullname,u1_0.hash_password,u1_0.ngay_cap_nhat,u1_0.ngay_tao,u1_0.role,u1_0.so_dien_thoai from user u1_0 where u1_0.email=?
Hibernate: select bdct1_0.id,bdct1_0.dia_chi_day_du,bdct1_0.dien_tich_m2,bdct1_0.gia_thang,bdct1_0.kinh_do,bdct1_0.mo_ta,bdct1_0.ngay_cap_nhat,bdct1_0.ngay_co_the_vao_o,bdct1_0.ngay_dang,bdct1_0.id_nguoi_dang,bdct1_0.phuong_xa,bdct1_0.tieu_de,bdct1_0.tinh_thanhpho,bdct1_0.trang_thai,bdct1_0.vi_do from bai_dang_cho_thue bdct1_0 where (? is null or bdct1_0.tinh_thanhpho like ? escape '') and (? is null or bdct1_0.phuong_xa like ? escape '') and (? is null or bdct1_0.gia_thang>=?) and (? is null or bdct1_0.gia_thang<=?) and (? is null or bdct1_0.dien_tich_m2>=?) and (? is null or bdct1_0.dien_tich_m2<=?) and (? is null or bdct1_0.trang_thai=?) order by bdct1_0.ngay_dang desc
Hibernate: select count(bdct1_0.id) from bai_dang_cho_thue bdct1_0 where (? is null or bdct1_0.tinh_thanhpho like ? escape '') and (? is null or bdct1_0.phuong_xa like ? escape '') and (? is null or bdct1_0.gia_thang>=?) and (? is null or bdct1_0.gia_thang<=?) and (? is null or bdct1_0.dien_tich_m2>=?) and (? is null or bdct1_0.dien_tich_m2<=?) and (? is null or bdct1_0.trang_thai=?)
Hibernate: select u1_0.id,u1_0.avatar,u1_0.email,u1_0.fullname,u1_0.hash_password,u1_0.ngay_cap_nhat,u1_0.ngay_tao,u1_0.role,u1_0.so_dien_thoai from user u1_0 where u1_0.email=?
Hibernate: select bdct1_0.id,bdct1_0.dia_chi_day_du,bdct1_0.dien_tich_m2,bdct1_0.gia_thang,bdct1_0.kinh_do,bdct1_0.mo_ta,bdct1_0.ngay_cap_nhat,bdct1_0.ngay_co_the_vao_o,bdct1_0.ngay_dang,bdct1_0.id_nguoi_dang,bdct1_0.phuong_xa,bdct1_0.tieu_de,bdct1_0.tinh_thanhpho,bdct1_0.trang_thai,bdct1_0.vi_do from bai_dang_cho_thue bdct1_0 where (? is null or bdct1_0.tinh_thanhpho like ? escape '') and (? is null or bdct1_0.phuong_xa like ? escape '') and (? is null or bdct1_0.gia_thang>=?) and (? is null or bdct1_0.gia_thang<=?) and (? is null or bdct1_0.dien_tich_m2>=?) and (? is null or bdct1_0.dien_tich_m2<=?) and (? is null or bdct1_0.trang_thai=?) order by bdct1_0.ngay_dang desc
Hibernate: select count(bdct1_0.id) from bai_dang_cho_thue bdct1_0 where (? is null or bdct1_0.tinh_thanhpho like ? escape '') and (? is null or bdct1_0.phuong_xa like ? escape '') and (? is null or bdct1_0.gia_thang>=?) and (? is null or bdct1_0.gia_thang<=?) and (? is null or bdct1_0.dien_tich_m2>=?) and (? is null or bdct1_0.dien_tich_m2<=?) and (? is null or bdct1_0.trang_thai=?)
Hibernate: select u1_0.id,u1_0.avatar,u1_0.email,u1_0.fullname,u1_0.hash_password,u1_0.ngay_cap_nhat,u1_0.ngay_tao,u1_0.role,u1_0.so_dien_thoai from user u1_0 where u1_0.email=?
Hibernate: select bdct1_0.id,bdct1_0.dia_chi_day_du,bdct1_0.dien_tich_m2,bdct1_0.gia_thang,bdct1_0.kinh_do,bdct1_0.mo_ta,bdct1_0.ngay_cap_nhat,bdct1_0.ngay_co_the_vao_o,bdct1_0.ngay_dang,bdct1_0.id_nguoi_dang,bdct1_0.phuong_xa,bdct1_0.tieu_de,bdct1_0.tinh_thanhpho,bdct1_0.trang_thai,bdct1_0.vi_do from bai_dang_cho_thue bdct1_0 where (? is null or bdct1_0.tinh_thanhpho like ? escape '') and (? is null or bdct1_0.phuong_xa like ? escape '') and (? is null or bdct1_0.gia_thang>=?) and (? is null or bdct1_0.gia_thang<=?) and (? is null or bdct1_0.dien_tich_m2>=?) and (? is null or bdct1_0.dien_tich_m2<=?) and (? is null or bdct1_0.trang_thai=?) order by bdct1_0.ngay_dang desc
Hibernate: select count(bdct1_0.id) from bai_dang_cho_thue bdct1_0 where (? is null or bdct1_0.tinh_thanhpho like ? escape '') and (? is null or bdct1_0.phuong_xa like ? escape '') and (? is null or bdct1_0.gia_thang>=?) and (? is null or bdct1_0.gia_thang<=?) and (? is null or bdct1_0.dien_tich_m2>=?) and (? is null or bdct1_0.dien_tich_m2<=?) and (? is null or bdct1_0.trang_thai=?)
Hibernate: select u1_0.id,u1_0.avatar,u1_0.email,u1_0.fullname,u1_0.hash_password,u1_0.ngay_cap_nhat,u1_0.ngay_tao,u1_0.role,u1_0.so_dien_thoai from user u1_0 where u1_0.email=?
Hibernate: select bdct1_0.id,bdct1_0.dia_chi_day_du,bdct1_0.dien_tich_m2,bdct1_0.gia_thang,bdct1_0.kinh_do,bdct1_0.mo_ta,bdct1_0.ngay_cap_nhat,bdct1_0.ngay_co_the_vao_o,bdct1_0.ngay_dang,bdct1_0.id_nguoi_dang,bdct1_0.phuong_xa,bdct1_0.tieu_de,bdct1_0.tinh_thanhpho,bdct1_0.trang_thai,bdct1_0.vi_do from bai_dang_cho_thue bdct1_0 where (? is null or bdct1_0.tinh_thanhpho like ? escape '') and (? is null or bdct1_0.phuong_xa like ? escape '') and (? is null or bdct1_0.gia_thang>=?) and (? is null or bdct1_0.gia_thang<=?) and (? is null or bdct1_0.dien_tich_m2>=?) and (? is null or bdct1_0.dien_tich_m2<=?) and (? is null or bdct1_0.trang_thai=?) order by bdct1_0.ngay_dang desc
Hibernate: select count(bdct1_0.id) from bai_dang_cho_thue bdct1_0 where (? is null or bdct1_0.tinh_thanhpho like ? escape '') and (? is null or bdct1_0.phuong_xa like ? escape '') and (? is null or bdct1_0.gia_thang>=?) and (? is null or bdct1_0.gia_thang<=?) and (? is null or bdct1_0.dien_tich_m2>=?) and (? is null or bdct1_0.dien_tich_m2<=?) and (? is null or bdct1_0.trang_thai=?)
Hibernate: select u1_0.id,u1_0.avatar,u1_0.email,u1_0.fullname,u1_0.hash_password,u1_0.ngay_cap_nhat,u1_0.ngay_tao,u1_0.role,u1_0.so_dien_thoai from user u1_0 where u1_0.email=?
Hibernate: select bdct1_0.id,bdct1_0.dia_chi_day_du,bdct1_0.dien_tich_m2,bdct1_0.gia_thang,bdct1_0.kinh_do,bdct1_0.mo_ta,bdct1_0.ngay_cap_nhat,bdct1_0.ngay_co_the_vao_o,bdct1_0.ngay_dang,bdct1_0.id_nguoi_dang,bdct1_0.phuong_xa,bdct1_0.tieu_de,bdct1_0.tinh_thanhpho,bdct1_0.trang_thai,bdct1_0.vi_do from bai_dang_cho_thue bdct1_0 where (? is null or bdct1_0.tinh_thanhpho like ? escape '') and (? is null or bdct1_0.phuong_xa like ? escape '') and (? is null or bdct1_0.gia_thang>=?) and (? is null or bdct1_0.gia_thang<=?) and (? is null or bdct1_0.dien_tich_m2>=?) and (? is null or bdct1_0.dien_tich_m2<=?) and (? is null or bdct1_0.trang_thai=?) order by bdct1_0.ngay_dang desc
Hibernate: select count(bdct1_0.id) from bai_dang_cho_thue bdct1_0 where (? is null or bdct1_0.tinh_thanhpho like ? escape '') and (? is null or bdct1_0.phuong_xa like ? escape '') and (? is null or bdct1_0.gia_thang>=?) and (? is null or bdct1_0.gia_thang<=?) and (? is null or bdct1_0.dien_tich_m2>=?) and (? is null or bdct1_0.dien_tich_m2<=?) and (? is null or bdct1_0.trang_thai=?)
Hibernate: select u1_0.id,u1_0.avatar,u1_0.email,u1_0.fullname,u1_0.hash_password,u1_0.ngay_cap_nhat,u1_0.ngay_tao,u1_0.role,u1_0.so_dien_thoai from user u1_0 where u1_0.email=?
Hibernate: select bdct1_0.id,bdct1_0.dia_chi_day_du,bdct1_0.dien_tich_m2,bdct1_0.gia_thang,bdct1_0.kinh_do,bdct1_0.mo_ta,bdct1_0.ngay_cap_nhat,bdct1_0.ngay_co_the_vao_o,bdct1_0.ngay_dang,bdct1_0.id_nguoi_dang,bdct1_0.phuong_xa,bdct1_0.tieu_de,bdct1_0.tinh_thanhpho,bdct1_0.trang_thai,bdct1_0.vi_do from bai_dang_cho_thue bdct1_0 where (? is null or bdct1_0.tinh_thanhpho like ? escape '') and (? is null or bdct1_0.phuong_xa like ? escape '') and (? is null or bdct1_0.gia_thang>=?) and (? is null or bdct1_0.gia_thang<=?) and (? is null or bdct1_0.dien_tich_m2>=?) and (? is null or bdct1_0.dien_tich_m2<=?) and (? is null or bdct1_0.trang_thai=?) order by bdct1_0.ngay_dang desc
Hibernate: select count(bdct1_0.id) from bai_dang_cho_thue bdct1_0 where (? is null or bdct1_0.tinh_thanhpho like ? escape '') and (? is null or bdct1_0.phuong_xa like ? escape '') and (? is null or bdct1_0.gia_thang>=?) and (? is null or bdct1_0.gia_thang<=?) and (? is null or bdct1_0.dien_tich_m2>=?) and (? is null or bdct1_0.dien_tich_m2<=?) and (? is null or bdct1_0.trang_thai=?)
Hibernate: select u1_0.id,u1_0.avatar,u1_0.email,u1_0.fullname,u1_0.hash_password,u1_0.ngay_cap_nhat,u1_0.ngay_tao,u1_0.role,u1_0.so_dien_thoai from user u1_0 where u1_0.email=?
Hibernate: select bdct1_0.id,bdct1_0.dia_chi_day_du,bdct1_0.dien_tich_m2,bdct1_0.gia_thang,bdct1_0.kinh_do,bdct1_0.mo_ta,bdct1_0.ngay_cap_nhat,bdct1_0.ngay_co_the_vao_o,bdct1_0.ngay_dang,bdct1_0.id_nguoi_dang,bdct1_0.phuong_xa,bdct1_0.tieu_de,bdct1_0.tinh_thanhpho,bdct1_0.trang_thai,bdct1_0.vi_do from bai_dang_cho_thue bdct1_0 where (? is null or bdct1_0.tinh_thanhpho like ? escape '') and (? is null or bdct1_0.phuong_xa like ? escape '') and (? is null or bdct1_0.gia_thang>=?) and (? is null or bdct1_0.gia_thang<=?) and (? is null or bdct1_0.dien_tich_m2>=?) and (? is null or bdct1_0.dien_tich_m2<=?) and (? is null or bdct1_0.trang_thai=?) order by bdct1_0.ngay_dang desc
Hibernate: select count(bdct1_0.id) from bai_dang_cho_thue bdct1_0 where (? is null or bdct1_0.tinh_thanhpho like ? escape '') and (? is null or bdct1_0.phuong_xa like ? escape '') and (? is null or bdct1_0.gia_thang>=?) and (? is null or bdct1_0.gia_thang<=?) and (? is null or bdct1_0.dien_tich_m2>=?) and (? is null or bdct1_0.dien_tich_m2<=?) and (? is null or bdct1_0.trang_thai=?)
Hibernate: select u1_0.id,u1_0.avatar,u1_0.email,u1_0.fullname,u1_0.hash_password,u1_0.ngay_cap_nhat,u1_0.ngay_tao,u1_0.role,u1_0.so_dien_thoai from user u1_0 where u1_0.email=?
Hibernate: select bdct1_0.id,bdct1_0.dia_chi_day_du,bdct1_0.dien_tich_m2,bdct1_0.gia_thang,bdct1_0.kinh_do,bdct1_0.mo_ta,bdct1_0.ngay_cap_nhat,bdct1_0.ngay_co_the_vao_o,bdct1_0.ngay_dang,bdct1_0.id_nguoi_dang,bdct1_0.phuong_xa,bdct1_0.tieu_de,bdct1_0.tinh_thanhpho,bdct1_0.trang_thai,bdct1_0.vi_do from bai_dang_cho_thue bdct1_0 where (? is null or bdct1_0.tinh_thanhpho like ? escape '') and (? is null or bdct1_0.phuong_xa like ? escape '') and (? is null or bdct1_0.gia_thang>=?) and (? is null or bdct1_0.gia_thang<=?) and (? is null or bdct1_0.dien_tich_m2>=?) and (? is null or bdct1_0.dien_tich_m2<=?) and (? is null or bdct1_0.trang_thai=?) order by bdct1_0.ngay_dang desc
Hibernate: select count(bdct1_0.id) from bai_dang_cho_thue bdct1_0 where (? is null or bdct1_0.tinh_thanhpho like ? escape '') and (? is null or bdct1_0.phuong_xa like ? escape '') and (? is null or bdct1_0.gia_thang>=?) and (? is null or bdct1_0.gia_thang<=?) and (? is null or bdct1_0.dien_tich_m2>=?) and (? is null or bdct1_0.dien_tich_m2<=?) and (? is null or bdct1_0.trang_thai=?)
Hibernate: select u1_0.id,u1_0.avatar,u1_0.email,u1_0.fullname,u1_0.hash_password,u1_0.ngay_cap_nhat,u1_0.ngay_tao,u1_0.role,u1_0.so_dien_thoai from user u1_0 where u1_0.email=?
Hibernate: select bdct1_0.id,bdct1_0.dia_chi_day_du,bdct1_0.dien_tich_m2,bdct1_0.gia_thang,bdct1_0.kinh_do,bdct1_0.mo_ta,bdct1_0.ngay_cap_nhat,bdct1_0.ngay_co_the_vao_o,bdct1_0.ngay_dang,bdct1_0.id_nguoi_dang,bdct1_0.phuong_xa,bdct1_0.tieu_de,bdct1_0.tinh_thanhpho,bdct1_0.trang_thai,bdct1_0.vi_do from bai_dang_cho_thue bdct1_0 where (? is null or bdct1_0.tinh_thanhpho like ? escape '') and (? is null or bdct1_0.phuong_xa like ? escape '') and (? is null or bdct1_0.gia_thang>=?) and (? is null or bdct1_0.gia_thang<=?) and (? is null or bdct1_0.dien_tich_m2>=?) and (? is null or bdct1_0.dien_tich_m2<=?) and (? is null or bdct1_0.trang_thai=?) order by bdct1_0.ngay_dang desc
Hibernate: select count(bdct1_0.id) from bai_dang_cho_thue bdct1_0 where (? is null or bdct1_0.tinh_thanhpho like ? escape '') and (? is null or bdct1_0.phuong_xa like ? escape '') and (? is null or bdct1_0.gia_thang>=?) and (? is null or bdct1_0.gia_thang<=?) and (? is null or bdct1_0.dien_tich_m2>=?) and (? is null or bdct1_0.dien_tich_m2<=?) and (? is null or bdct1_0.trang_thai=?)
Hibernate: select u1_0.id,u1_0.avatar,u1_0.email,u1_0.fullname,u1_0.hash_password,u1_0.ngay_cap_nhat,u1_0.ngay_tao,u1_0.role,u1_0.so_dien_thoai from user u1_0 where u1_0.email=?
Hibernate: select bdct1_0.id,bdct1_0.dia_chi_day_du,bdct1_0.dien_tich_m2,bdct1_0.gia_thang,bdct1_0.kinh_do,bdct1_0.mo_ta,bdct1_0.ngay_cap_nhat,bdct1_0.ngay_co_the_vao_o,bdct1_0.ngay_dang,bdct1_0.id_nguoi_dang,bdct1_0.phuong_xa,bdct1_0.tieu_de,bdct1_0.tinh_thanhpho,bdct1_0.trang_thai,bdct1_0.vi_do from bai_dang_cho_thue bdct1_0 where (? is null or bdct1_0.tinh_thanhpho like ? escape '') and (? is null or bdct1_0.phuong_xa like ? escape '') and (? is null or bdct1_0.gia_thang>=?) and (? is null or bdct1_0.gia_thang<=?) and (? is null or bdct1_0.dien_tich_m2>=?) and (? is null or bdct1_0.dien_tich_m2<=?) and (? is null or bdct1_0.trang_thai=?) order by bdct1_0.ngay_dang desc
Hibernate: select count(bdct1_0.id) from bai_dang_cho_thue bdct1_0 where (? is null or bdct1_0.tinh_thanhpho like ? escape '') and (? is null or bdct1_0.phuong_xa like ? escape '') and (? is null or bdct1_0.gia_thang>=?) and (? is null or bdct1_0.gia_thang<=?) and (? is null or bdct1_0.dien_tich_m2>=?) and (? is null or bdct1_0.dien_tich_m2<=?) and (? is null or bdct1_0.trang_thai=?)
Hibernate: select u1_0.id,u1_0.avatar,u1_0.email,u1_0.fullname,u1_0.hash_password,u1_0.ngay_cap_nhat,u1_0.ngay_tao,u1_0.role,u1_0.so_dien_thoai from user u1_0 where u1_0.email=?
Hibernate: select bdct1_0.id,bdct1_0.dia_chi_day_du,bdct1_0.dien_tich_m2,bdct1_0.gia_thang,bdct1_0.kinh_do,bdct1_0.mo_ta,bdct1_0.ngay_cap_nhat,bdct1_0.ngay_co_the_vao_o,bdct1_0.ngay_dang,bdct1_0.id_nguoi_dang,bdct1_0.phuong_xa,bdct1_0.tieu_de,bdct1_0.tinh_thanhpho,bdct1_0.trang_thai,bdct1_0.vi_do from bai_dang_cho_thue bdct1_0 where (? is null or bdct1_0.tinh_thanhpho like ? escape '') and (? is null or bdct1_0.phuong_xa like ? escape '') and (? is null or bdct1_0.gia_thang>=?) and (? is null or bdct1_0.gia_thang<=?) and (? is null or bdct1_0.dien_tich_m2>=?) and (? is null or bdct1_0.dien_tich_m2<=?) and (? is null or bdct1_0.trang_thai=?) order by bdct1_0.ngay_dang desc
Hibernate: select count(bdct1_0.id) from bai_dang_cho_thue bdct1_0 where (? is null or bdct1_0.tinh_thanhpho like ? escape '') and (? is null or bdct1_0.phuong_xa like ? escape '') and (? is null or bdct1_0.gia_thang>=?) and (? is null or bdct1_0.gia_thang<=?) and (? is null or bdct1_0.dien_tich_m2>=?) and (? is null or bdct1_0.dien_tich_m2<=?) and (? is null or bdct1_0.trang_thai=?)
Hibernate: select u1_0.id,u1_0.avatar,u1_0.email,u1_0.fullname,u1_0.hash_password,u1_0.ngay_cap_nhat,u1_0.ngay_tao,u1_0.role,u1_0.so_dien_thoai from user u1_0 where u1_0.email=?
Hibernate: select bdct1_0.id,bdct1_0.dia_chi_day_du,bdct1_0.dien_tich_m2,bdct1_0.gia_thang,bdct1_0.kinh_do,bdct1_0.mo_ta,bdct1_0.ngay_cap_nhat,bdct1_0.ngay_co_the_vao_o,bdct1_0.ngay_dang,bdct1_0.id_nguoi_dang,bdct1_0.phuong_xa,bdct1_0.tieu_de,bdct1_0.tinh_thanhpho,bdct1_0.trang_thai,bdct1_0.vi_do from bai_dang_cho_thue bdct1_0 where (? is null or bdct1_0.tinh_thanhpho like ? escape '') and (? is null or bdct1_0.phuong_xa like ? escape '') and (? is null or bdct1_0.gia_thang>=?) and (? is null or bdct1_0.gia_thang<=?) and (? is null or bdct1_0.dien_tich_m2>=?) and (? is null or bdct1_0.dien_tich_m2<=?) and (? is null or bdct1_0.trang_thai=?) order by bdct1_0.ngay_dang desc
Hibernate: select count(bdct1_0.id) from bai_dang_cho_thue bdct1_0 where (? is null or bdct1_0.tinh_thanhpho like ? escape '') and (? is null or bdct1_0.phuong_xa like ? escape '') and (? is null or bdct1_0.gia_thang>=?) and (? is null or bdct1_0.gia_thang<=?) and (? is null or bdct1_0.dien_tich_m2>=?) and (? is null or bdct1_0.dien_tich_m2<=?) and (? is null or bdct1_0.trang_thai=?)
Hibernate: select u1_0.id,u1_0.avatar,u1_0.email,u1_0.fullname,u1_0.hash_password,u1_0.ngay_cap_nhat,u1_0.ngay_tao,u1_0.role,u1_0.so_dien_thoai from user u1_0 where u1_0.email=?
Hibernate: select bdct1_0.id,bdct1_0.dia_chi_day_du,bdct1_0.dien_tich_m2,bdct1_0.gia_thang,bdct1_0.kinh_do,bdct1_0.mo_ta,bdct1_0.ngay_cap_nhat,bdct1_0.ngay_co_the_vao_o,bdct1_0.ngay_dang,bdct1_0.id_nguoi_dang,bdct1_0.phuong_xa,bdct1_0.tieu_de,bdct1_0.tinh_thanhpho,bdct1_0.trang_thai,bdct1_0.vi_do from bai_dang_cho_thue bdct1_0 where (? is null or bdct1_0.tinh_thanhpho like ? escape '') and (? is null or bdct1_0.phuong_xa like ? escape '') and (? is null or bdct1_0.gia_thang>=?) and (? is null or bdct1_0.gia_thang<=?) and (? is null or bdct1_0.dien_tich_m2>=?) and (? is null or bdct1_0.dien_tich_m2<=?) and (? is null or bdct1_0.trang_thai=?) order by bdct1_0.ngay_dang desc
Hibernate: select count(bdct1_0.id) from bai_dang_cho_thue bdct1_0 where (? is null or bdct1_0.tinh_thanhpho like ? escape '') and (? is null or bdct1_0.phuong_xa like ? escape '') and (? is null or bdct1_0.gia_thang>=?) and (? is null or bdct1_0.gia_thang<=?) and (? is null or bdct1_0.dien_tich_m2>=?) and (? is null or bdct1_0.dien_tich_m2<=?) and (? is null or bdct1_0.trang_thai=?)
Hibernate: select u1_0.id,u1_0.avatar,u1_0.email,u1_0.fullname,u1_0.hash_password,u1_0.ngay_cap_nhat,u1_0.ngay_tao,u1_0.role,u1_0.so_dien_thoai from user u1_0 where u1_0.email=?
Hibernate: select bdct1_0.id,bdct1_0.dia_chi_day_du,bdct1_0.dien_tich_m2,bdct1_0.gia_thang,bdct1_0.kinh_do,bdct1_0.mo_ta,bdct1_0.ngay_cap_nhat,bdct1_0.ngay_co_the_vao_o,bdct1_0.ngay_dang,bdct1_0.id_nguoi_dang,bdct1_0.phuong_xa,bdct1_0.tieu_de,bdct1_0.tinh_thanhpho,bdct1_0.trang_thai,bdct1_0.vi_do from bai_dang_cho_thue bdct1_0 where (? is null or bdct1_0.tinh_thanhpho like ? escape '') and (? is null or bdct1_0.phuong_xa like ? escape '') and (? is null or bdct1_0.gia_thang>=?) and (? is null or bdct1_0.gia_thang<=?) and (? is null or bdct1_0.dien_tich_m2>=?) and (? is null or bdct1_0.dien_tich_m2<=?) and (? is null or bdct1_0.trang_thai=?) order by bdct1_0.ngay_dang desc
Hibernate: select count(bdct1_0.id) from bai_dang_cho_thue bdct1_0 where (? is null or bdct1_0.tinh_thanhpho like ? escape '') and (? is null or bdct1_0.phuong_xa like ? escape '') and (? is null or bdct1_0.gia_thang>=?) and (? is null or bdct1_0.gia_thang<=?) and (? is null or bdct1_0.dien_tich_m2>=?) and (? is null or bdct1_0.dien_tich_m2<=?) and (? is null or bdct1_0.trang_thai=?)
Hibernate: select u1_0.id,u1_0.avatar,u1_0.email,u1_0.fullname,u1_0.hash_password,u1_0.ngay_cap_nhat,u1_0.ngay_tao,u1_0.role,u1_0.so_dien_thoai from user u1_0 where u1_0.email=?
Hibernate: select bdct1_0.id,bdct1_0.dia_chi_day_du,bdct1_0.dien_tich_m2,bdct1_0.gia_thang,bdct1_0.kinh_do,bdct1_0.mo_ta,bdct1_0.ngay_cap_nhat,bdct1_0.ngay_co_the_vao_o,bdct1_0.ngay_dang,bdct1_0.id_nguoi_dang,bdct1_0.phuong_xa,bdct1_0.tieu_de,bdct1_0.tinh_thanhpho,bdct1_0.trang_thai,bdct1_0.vi_do from bai_dang_cho_thue bdct1_0 where (? is null or bdct1_0.tinh_thanhpho like ? escape '') and (? is null or bdct1_0.phuong_xa like ? escape '') and (? is null or bdct1_0.gia_thang>=?) and (? is null or bdct1_0.gia_thang<=?) and (? is null or bdct1_0.dien_tich_m2>=?) and (? is null or bdct1_0.dien_tich_m2<=?) and (? is null or bdct1_0.trang_thai=?) order by bdct1_0.ngay_dang desc
Hibernate: select count(bdct1_0.id) from bai_dang_cho_thue bdct1_0 where (? is null or bdct1_0.tinh_thanhpho like ? escape '') and (? is null or bdct1_0.phuong_xa like ? escape '') and (? is null or bdct1_0.gia_thang>=?) and (? is null or bdct1_0.gia_thang<=?) and (? is null or bdct1_0.dien_tich_m2>=?) and (? is null or bdct1_0.dien_tich_m2<=?) and (? is null or bdct1_0.trang_thai=?)
Hibernate: select u1_0.id,u1_0.avatar,u1_0.email,u1_0.fullname,u1_0.hash_password,u1_0.ngay_cap_nhat,u1_0.ngay_tao,u1_0.role,u1_0.so_dien_thoai from user u1_0 where u1_0.email=?
Hibernate: select bdct1_0.id,bdct1_0.dia_chi_day_du,bdct1_0.dien_tich_m2,bdct1_0.gia_thang,bdct1_0.kinh_do,bdct1_0.mo_ta,bdct1_0.ngay_cap_nhat,bdct1_0.ngay_co_the_vao_o,bdct1_0.ngay_dang,bdct1_0.id_nguoi_dang,bdct1_0.phuong_xa,bdct1_0.tieu_de,bdct1_0.tinh_thanhpho,bdct1_0.trang_thai,bdct1_0.vi_do from bai_dang_cho_thue bdct1_0 where (? is null or bdct1_0.tinh_thanhpho like ? escape '') and (? is null or bdct1_0.phuong_xa like ? escape '') and (? is null or bdct1_0.gia_thang>=?) and (? is null or bdct1_0.gia_thang<=?) and (? is null or bdct1_0.dien_tich_m2>=?) and (? is null or bdct1_0.dien_tich_m2<=?) and (? is null or bdct1_0.trang_thai=?) order by bdct1_0.ngay_dang desc
Hibernate: select count(bdct1_0.id) from bai_dang_cho_thue bdct1_0 where (? is null or bdct1_0.tinh_thanhpho like ? escape '') and (? is null or bdct1_0.phuong_xa like ? escape '') and (? is null or bdct1_0.gia_thang>=?) and (? is null or bdct1_0.gia_thang<=?) and (? is null or bdct1_0.dien_tich_m2>=?) and (? is null or bdct1_0.dien_tich_m2<=?) and (? is null or bdct1_0.trang_thai=?)
Hibernate: select u1_0.id,u1_0.avatar,u1_0.email,u1_0.fullname,u1_0.hash_password,u1_0.ngay_cap_nhat,u1_0.ngay_tao,u1_0.role,u1_0.so_dien_thoai from user u1_0 where u1_0.email=?
Hibernate: select bdct1_0.id,bdct1_0.dia_chi_day_du,bdct1_0.dien_tich_m2,bdct1_0.gia_thang,bdct1_0.kinh_do,bdct1_0.mo_ta,bdct1_0.ngay_cap_nhat,bdct1_0.ngay_co_the_vao_o,bdct1_0.ngay_dang,bdct1_0.id_nguoi_dang,bdct1_0.phuong_xa,bdct1_0.tieu_de,bdct1_0.tinh_thanhpho,bdct1_0.trang_thai,bdct1_0.vi_do from bai_dang_cho_thue bdct1_0 where (? is null or bdct1_0.tinh_thanhpho like ? escape '') and (? is null or bdct1_0.phuong_xa like ? escape '') and (? is null or bdct1_0.gia_thang>=?) and (? is null or bdct1_0.gia_thang<=?) and (? is null or bdct1_0.dien_tich_m2>=?) and (? is null or bdct1_0.dien_tich_m2<=?) and (? is null or bdct1_0.trang_thai=?) order by bdct1_0.ngay_dang desc
Hibernate: select count(bdct1_0.id) from bai_dang_cho_thue bdct1_0 where (? is null or bdct1_0.tinh_thanhpho like ? escape '') and (? is null or bdct1_0.phuong_xa like ? escape '') and (? is null or bdct1_0.gia_thang>=?) and (? is null or bdct1_0.gia_thang<=?) and (? is null or bdct1_0.dien_tich_m2>=?) and (? is null or bdct1_0.dien_tich_m2<=?) and (? is null or bdct1_0.trang_thai=?)
Hibernate: select u1_0.id,u1_0.avatar,u1_0.email,u1_0.fullname,u1_0.hash_password,u1_0.ngay_cap_nhat,u1_0.ngay_tao,u1_0.role,u1_0.so_dien_thoai from user u1_0 where u1_0.email=?
Hibernate: select bdct1_0.id,bdct1_0.dia_chi_day_du,bdct1_0.dien_tich_m2,bdct1_0.gia_thang,bdct1_0.kinh_do,bdct1_0.mo_ta,bdct1_0.ngay_cap_nhat,bdct1_0.ngay_co_the_vao_o,bdct1_0.ngay_dang,bdct1_0.id_nguoi_dang,bdct1_0.phuong_xa,bdct1_0.tieu_de,bdct1_0.tinh_thanhpho,bdct1_0.trang_thai,bdct1_0.vi_do from bai_dang_cho_thue bdct1_0 where (? is null or bdct1_0.tinh_thanhpho like ? escape '') and (? is null or bdct1_0.phuong_xa like ? escape '') and (? is null or bdct1_0.gia_thang>=?) and (? is null or bdct1_0.gia_thang<=?) and (? is null or bdct1_0.dien_tich_m2>=?) and (? is null or bdct1_0.dien_tich_m2<=?) and (? is null or bdct1_0.trang_thai=?) order by bdct1_0.ngay_dang desc
Hibernate: select count(bdct1_0.id) from bai_dang_cho_thue bdct1_0 where (? is null or bdct1_0.tinh_thanhpho like ? escape '') and (? is null or bdct1_0.phuong_xa like ? escape '') and (? is null or bdct1_0.gia_thang>=?) and (? is null or bdct1_0.gia_thang<=?) and (? is null or bdct1_0.dien_tich_m2>=?) and (? is null or bdct1_0.dien_tich_m2<=?) and (? is null or bdct1_0.trang_thai=?)
Hibernate: select u1_0.id,u1_0.avatar,u1_0.email,u1_0.fullname,u1_0.hash_password,u1_0.ngay_cap_nhat,u1_0.ngay_tao,u1_0.role,u1_0.so_dien_thoai from user u1_0 where u1_0.email=?
Hibernate: select bdct1_0.id,bdct1_0.dia_chi_day_du,bdct1_0.dien_tich_m2,bdct1_0.gia_thang,bdct1_0.kinh_do,bdct1_0.mo_ta,bdct1_0.ngay_cap_nhat,bdct1_0.ngay_co_the_vao_o,bdct1_0.ngay_dang,bdct1_0.id_nguoi_dang,bdct1_0.phuong_xa,bdct1_0.tieu_de,bdct1_0.tinh_thanhpho,bdct1_0.trang_thai,bdct1_0.vi_do from bai_dang_cho_thue bdct1_0 where (? is null or bdct1_0.tinh_thanhpho like ? escape '') and (? is null or bdct1_0.phuong_xa like ? escape '') and (? is null or bdct1_0.gia_thang>=?) and (? is null or bdct1_0.gia_thang<=?) and (? is null or bdct1_0.dien_tich_m2>=?) and (? is null or bdct1_0.dien_tich_m2<=?) and (? is null or bdct1_0.trang_thai=?) order by bdct1_0.ngay_dang desc
Hibernate: select count(bdct1_0.id) from bai_dang_cho_thue bdct1_0 where (? is null or bdct1_0.tinh_thanhpho like ? escape '') and (? is null or bdct1_0.phuong_xa like ? escape '') and (? is null or bdct1_0.gia_thang>=?) and (? is null or bdct1_0.gia_thang<=?) and (? is null or bdct1_0.dien_tich_m2>=?) and (? is null or bdct1_0.dien_tich_m2<=?) and (? is null or bdct1_0.trang_thai=?)
Hibernate: select u1_0.id,u1_0.avatar,u1_0.email,u1_0.fullname,u1_0.hash_password,u1_0.ngay_cap_nhat,u1_0.ngay_tao,u1_0.role,u1_0.so_dien_thoai from user u1_0 where u1_0.email=?
Hibernate: select bdct1_0.id,bdct1_0.dia_chi_day_du,bdct1_0.dien_tich_m2,bdct1_0.gia_thang,bdct1_0.kinh_do,bdct1_0.mo_ta,bdct1_0.ngay_cap_nhat,bdct1_0.ngay_co_the_vao_o,bdct1_0.ngay_dang,bdct1_0.id_nguoi_dang,bdct1_0.phuong_xa,bdct1_0.tieu_de,bdct1_0.tinh_thanhpho,bdct1_0.trang_thai,bdct1_0.vi_do from bai_dang_cho_thue bdct1_0 where (? is null or bdct1_0.tinh_thanhpho like ? escape '') and (? is null or bdct1_0.phuong_xa like ? escape '') and (? is null or bdct1_0.gia_thang>=?) and (? is null or bdct1_0.gia_thang<=?) and (? is null or bdct1_0.dien_tich_m2>=?) and (? is null or bdct1_0.dien_tich_m2<=?) and (? is null or bdct1_0.trang_thai=?) order by bdct1_0.ngay_dang desc
Hibernate: select count(bdct1_0.id) from bai_dang_cho_thue bdct1_0 where (? is null or bdct1_0.tinh_thanhpho like ? escape '') and (? is null or bdct1_0.phuong_xa like ? escape '') and (? is null or bdct1_0.gia_thang>=?) and (? is null or bdct1_0.gia_thang<=?) and (? is null or bdct1_0.dien_tich_m2>=?) and (? is null or bdct1_0.dien_tich_m2<=?) and (? is null or bdct1_0.trang_thai=?)
Hibernate: select u1_0.id,u1_0.avatar,u1_0.email,u1_0.fullname,u1_0.hash_password,u1_0.ngay_cap_nhat,u1_0.ngay_tao,u1_0.role,u1_0.so_dien_thoai from user u1_0 where u1_0.email=?
Hibernate: select bdct1_0.id,bdct1_0.dia_chi_day_du,bdct1_0.dien_tich_m2,bdct1_0.gia_thang,bdct1_0.kinh_do,bdct1_0.mo_ta,bdct1_0.ngay_cap_nhat,bdct1_0.ngay_co_the_vao_o,bdct1_0.ngay_dang,bdct1_0.id_nguoi_dang,bdct1_0.phuong_xa,bdct1_0.tieu_de,bdct1_0.tinh_thanhpho,bdct1_0.trang_thai,bdct1_0.vi_do from bai_dang_cho_thue bdct1_0 where (? is null or bdct1_0.tinh_thanhpho like ? escape '') and (? is null or bdct1_0.phuong_xa like ? escape '') and (? is null or bdct1_0.gia_thang>=?) and (? is null or bdct1_0.gia_thang<=?) and (? is null or bdct1_0.dien_tich_m2>=?) and (? is null or bdct1_0.dien_tich_m2<=?) and (? is null or bdct1_0.trang_thai=?) order by bdct1_0.ngay_dang desc
Hibernate: select count(bdct1_0.id) from bai_dang_cho_thue bdct1_0 where (? is null or bdct1_0.tinh_thanhpho like ? escape '') and (? is null or bdct1_0.phuong_xa like ? escape '') and (? is null or bdct1_0.gia_thang>=?) and (? is null or bdct1_0.gia_thang<=?) and (? is null or bdct1_0.dien_tich_m2>=?) and (? is null or bdct1_0.dien_tich_m2<=?) and (? is null or bdct1_0.trang_thai=?)
Hibernate: select u1_0.id,u1_0.avatar,u1_0.email,u1_0.fullname,u1_0.hash_password,u1_0.ngay_cap_nhat,u1_0.ngay_tao,u1_0.role,u1_0.so_dien_thoai from user u1_0 where u1_0.email=?
Hibernate: select bdct1_0.id,bdct1_0.dia_chi_day_du,bdct1_0.dien_tich_m2,bdct1_0.gia_thang,bdct1_0.kinh_do,bdct1_0.mo_ta,bdct1_0.ngay_cap_nhat,bdct1_0.ngay_co_the_vao_o,bdct1_0.ngay_dang,bdct1_0.id_nguoi_dang,bdct1_0.phuong_xa,bdct1_0.tieu_de,bdct1_0.tinh_thanhpho,bdct1_0.trang_thai,bdct1_0.vi_do from bai_dang_cho_thue bdct1_0 where (? is null or bdct1_0.tinh_thanhpho like ? escape '') and (? is null or bdct1_0.phuong_xa like ? escape '') and (? is null or bdct1_0.gia_thang>=?) and (? is null or bdct1_0.gia_thang<=?) and (? is null or bdct1_0.dien_tich_m2>=?) and (? is null or bdct1_0.dien_tich_m2<=?) and (? is null or bdct1_0.trang_thai=?) order by bdct1_0.ngay_dang desc
Hibernate: select count(bdct1_0.id) from bai_dang_cho_thue bdct1_0 where (? is null or bdct1_0.tinh_thanhpho like ? escape '') and (? is null or bdct1_0.phuong_xa like ? escape '') and (? is null or bdct1_0.gia_thang>=?) and (? is null or bdct1_0.gia_thang<=?) and (? is null or bdct1_0.dien_tich_m2>=?) and (? is null or bdct1_0.dien_tich_m2<=?) and (? is null or bdct1_0.trang_thai=?)
Hibernate: SELECT b.* FROM bai_dang_cho_thue b INNER JOIN user_tracking ut ON b.id = ut.bai_dang_id WHERE ut.user_id = ? AND ut.type = 'like' ORDER BY ut.id DESC
Hibernate: select u1_0.id,u1_0.avatar,u1_0.email,u1_0.fullname,u1_0.hash_password,u1_0.ngay_cap_nhat,u1_0.ngay_tao,u1_0.role,u1_0.so_dien_thoai from user u1_0 where u1_0.id=?
Hibernate: select hapt1_0.duong_dan_anh from hinh_anh_phong_tro hapt1_0 where hapt1_0.id_bai_dang_cho_thue=? and hapt1_0.la_anh_bia=1
Hibernate: select hapt1_0.duong_dan_anh from hinh_anh_phong_tro hapt1_0 where hapt1_0.id_bai_dang_cho_thue=? and hapt1_0.la_anh_bia=1
Hibernate: select u1_0.id,u1_0.avatar,u1_0.email,u1_0.fullname,u1_0.hash_password,u1_0.ngay_cap_nhat,u1_0.ngay_tao,u1_0.role,u1_0.so_dien_thoai from user u1_0 where u1_0.email=?
Hibernate: select bdct1_0.id,bdct1_0.dia_chi_day_du,bdct1_0.dien_tich_m2,bdct1_0.gia_thang,bdct1_0.kinh_do,bdct1_0.mo_ta,bdct1_0.ngay_cap_nhat,bdct1_0.ngay_co_the_vao_o,bdct1_0.ngay_dang,bdct1_0.id_nguoi_dang,bdct1_0.phuong_xa,bdct1_0.tieu_de,bdct1_0.tinh_thanhpho,bdct1_0.trang_thai,bdct1_0.vi_do from bai_dang_cho_thue bdct1_0 where (? is null or bdct1_0.tinh_thanhpho like ? escape '') and (? is null or bdct1_0.phuong_xa like ? escape '') and (? is null or bdct1_0.gia_thang>=?) and (? is null or bdct1_0.gia_thang<=?) and (? is null or bdct1_0.dien_tich_m2>=?) and (? is null or bdct1_0.dien_tich_m2<=?) and (? is null or bdct1_0.trang_thai=?) order by bdct1_0.ngay_dang desc
Hibernate: select count(bdct1_0.id) from bai_dang_cho_thue bdct1_0 where (? is null or bdct1_0.tinh_thanhpho like ? escape '') and (? is null or bdct1_0.phuong_xa like ? escape '') and (? is null or bdct1_0.gia_thang>=?) and (? is null or bdct1_0.gia_thang<=?) and (? is null or bdct1_0.dien_tich_m2>=?) and (? is null or bdct1_0.dien_tich_m2<=?) and (? is null or bdct1_0.trang_thai=?)
Hibernate: select u1_0.id,u1_0.avatar,u1_0.email,u1_0.fullname,u1_0.hash_password,u1_0.ngay_cap_nhat,u1_0.ngay_tao,u1_0.role,u1_0.so_dien_thoai from user u1_0 where u1_0.email=?
Hibernate: select bdct1_0.id,bdct1_0.dia_chi_day_du,bdct1_0.dien_tich_m2,bdct1_0.gia_thang,bdct1_0.kinh_do,bdct1_0.mo_ta,bdct1_0.ngay_cap_nhat,bdct1_0.ngay_co_the_vao_o,bdct1_0.ngay_dang,bdct1_0.id_nguoi_dang,bdct1_0.phuong_xa,bdct1_0.tieu_de,bdct1_0.tinh_thanhpho,bdct1_0.trang_thai,bdct1_0.vi_do from bai_dang_cho_thue bdct1_0 where (? is null or bdct1_0.tinh_thanhpho like ? escape '') and (? is null or bdct1_0.phuong_xa like ? escape '') and (? is null or bdct1_0.gia_thang>=?) and (? is null or bdct1_0.gia_thang<=?) and (? is null or bdct1_0.dien_tich_m2>=?) and (? is null or bdct1_0.dien_tich_m2<=?) and (? is null or bdct1_0.trang_thai=?) order by bdct1_0.ngay_dang desc
Hibernate: select count(bdct1_0.id) from bai_dang_cho_thue bdct1_0 where (? is null or bdct1_0.tinh_thanhpho like ? escape '') and (? is null or bdct1_0.phuong_xa like ? escape '') and (? is null or bdct1_0.gia_thang>=?) and (? is null or bdct1_0.gia_thang<=?) and (? is null or bdct1_0.dien_tich_m2>=?) and (? is null or bdct1_0.dien_tich_m2<=?) and (? is null or bdct1_0.trang_thai=?)
Hibernate: select u1_0.id,u1_0.avatar,u1_0.email,u1_0.fullname,u1_0.hash_password,u1_0.ngay_cap_nhat,u1_0.ngay_tao,u1_0.role,u1_0.so_dien_thoai from user u1_0 where u1_0.email=?
Hibernate: select bdct1_0.id,bdct1_0.dia_chi_day_du,bdct1_0.dien_tich_m2,bdct1_0.gia_thang,bdct1_0.kinh_do,bdct1_0.mo_ta,bdct1_0.ngay_cap_nhat,bdct1_0.ngay_co_the_vao_o,bdct1_0.ngay_dang,bdct1_0.id_nguoi_dang,bdct1_0.phuong_xa,bdct1_0.tieu_de,bdct1_0.tinh_thanhpho,bdct1_0.trang_thai,bdct1_0.vi_do from bai_dang_cho_thue bdct1_0 where (? is null or bdct1_0.tinh_thanhpho like ? escape '') and (? is null or bdct1_0.phuong_xa like ? escape '') and (? is null or bdct1_0.gia_thang>=?) and (? is null or bdct1_0.gia_thang<=?) and (? is null or bdct1_0.dien_tich_m2>=?) and (? is null or bdct1_0.dien_tich_m2<=?) and (? is null or bdct1_0.trang_thai=?) order by bdct1_0.ngay_dang desc
Hibernate: select count(bdct1_0.id) from bai_dang_cho_thue bdct1_0 where (? is null or bdct1_0.tinh_thanhpho like ? escape '') and (? is null or bdct1_0.phuong_xa like ? escape '') and (? is null or bdct1_0.gia_thang>=?) and (? is null or bdct1_0.gia_thang<=?) and (? is null or bdct1_0.dien_tich_m2>=?) and (? is null or bdct1_0.dien_tich_m2<=?) and (? is null or bdct1_0.trang_thai=?)
Hibernate: select u1_0.id,u1_0.avatar,u1_0.email,u1_0.fullname,u1_0.hash_password,u1_0.ngay_cap_nhat,u1_0.ngay_tao,u1_0.role,u1_0.so_dien_thoai from user u1_0 where u1_0.email=?
Hibernate: select bdct1_0.id,bdct1_0.dia_chi_day_du,bdct1_0.dien_tich_m2,bdct1_0.gia_thang,bdct1_0.kinh_do,bdct1_0.mo_ta,bdct1_0.ngay_cap_nhat,bdct1_0.ngay_co_the_vao_o,bdct1_0.ngay_dang,bdct1_0.id_nguoi_dang,bdct1_0.phuong_xa,bdct1_0.tieu_de,bdct1_0.tinh_thanhpho,bdct1_0.trang_thai,bdct1_0.vi_do from bai_dang_cho_thue bdct1_0 where (? is null or bdct1_0.tinh_thanhpho like ? escape '') and (? is null or bdct1_0.phuong_xa like ? escape '') and (? is null or bdct1_0.gia_thang>=?) and (? is null or bdct1_0.gia_thang<=?) and (? is null or bdct1_0.dien_tich_m2>=?) and (? is null or bdct1_0.dien_tich_m2<=?) and (? is null or bdct1_0.trang_thai=?) order by bdct1_0.ngay_dang desc
Hibernate: select count(bdct1_0.id) from bai_dang_cho_thue bdct1_0 where (? is null or bdct1_0.tinh_thanhpho like ? escape '') and (? is null or bdct1_0.phuong_xa like ? escape '') and (? is null or bdct1_0.gia_thang>=?) and (? is null or bdct1_0.gia_thang<=?) and (? is null or bdct1_0.dien_tich_m2>=?) and (? is null or bdct1_0.dien_tich_m2<=?) and (? is null or bdct1_0.trang_thai=?)
Hibernate: select u1_0.id,u1_0.avatar,u1_0.email,u1_0.fullname,u1_0.hash_password,u1_0.ngay_cap_nhat,u1_0.ngay_tao,u1_0.role,u1_0.so_dien_thoai from user u1_0 where u1_0.email=?
Hibernate: select bdct1_0.id,bdct1_0.dia_chi_day_du,bdct1_0.dien_tich_m2,bdct1_0.gia_thang,bdct1_0.kinh_do,bdct1_0.mo_ta,bdct1_0.ngay_cap_nhat,bdct1_0.ngay_co_the_vao_o,bdct1_0.ngay_dang,bdct1_0.id_nguoi_dang,bdct1_0.phuong_xa,bdct1_0.tieu_de,bdct1_0.tinh_thanhpho,bdct1_0.trang_thai,bdct1_0.vi_do from bai_dang_cho_thue bdct1_0 where (? is null or bdct1_0.tinh_thanhpho like ? escape '') and (? is null or bdct1_0.phuong_xa like ? escape '') and (? is null or bdct1_0.gia_thang>=?) and (? is null or bdct1_0.gia_thang<=?) and (? is null or bdct1_0.dien_tich_m2>=?) and (? is null or bdct1_0.dien_tich_m2<=?) and (? is null or bdct1_0.trang_thai=?) order by bdct1_0.ngay_dang desc
Hibernate: select count(bdct1_0.id) from bai_dang_cho_thue bdct1_0 where (? is null or bdct1_0.tinh_thanhpho like ? escape '') and (? is null or bdct1_0.phuong_xa like ? escape '') and (? is null or bdct1_0.gia_thang>=?) and (? is null or bdct1_0.gia_thang<=?) and (? is null or bdct1_0.dien_tich_m2>=?) and (? is null or bdct1_0.dien_tich_m2<=?) and (? is null or bdct1_0.trang_thai=?)
Hibernate: select u1_0.id,u1_0.avatar,u1_0.email,u1_0.fullname,u1_0.hash_password,u1_0.ngay_cap_nhat,u1_0.ngay_tao,u1_0.role,u1_0.so_dien_thoai from user u1_0 where u1_0.email=?
Hibernate: select bdct1_0.id,bdct1_0.dia_chi_day_du,bdct1_0.dien_tich_m2,bdct1_0.gia_thang,bdct1_0.kinh_do,bdct1_0.mo_ta,bdct1_0.ngay_cap_nhat,bdct1_0.ngay_co_the_vao_o,bdct1_0.ngay_dang,bdct1_0.id_nguoi_dang,bdct1_0.phuong_xa,bdct1_0.tieu_de,bdct1_0.tinh_thanhpho,bdct1_0.trang_thai,bdct1_0.vi_do from bai_dang_cho_thue bdct1_0 where (? is null or bdct1_0.tinh_thanhpho like ? escape '') and (? is null or bdct1_0.phuong_xa like ? escape '') and (? is null or bdct1_0.gia_thang>=?) and (? is null or bdct1_0.gia_thang<=?) and (? is null or bdct1_0.dien_tich_m2>=?) and (? is null or bdct1_0.dien_tich_m2<=?) and (? is null or bdct1_0.trang_thai=?) order by bdct1_0.ngay_dang desc
Hibernate: select count(bdct1_0.id) from bai_dang_cho_thue bdct1_0 where (? is null or bdct1_0.tinh_thanhpho like ? escape '') and (? is null or bdct1_0.phuong_xa like ? escape '') and (? is null or bdct1_0.gia_thang>=?) and (? is null or bdct1_0.gia_thang<=?) and (? is null or bdct1_0.dien_tich_m2>=?) and (? is null or bdct1_0.dien_tich_m2<=?) and (? is null or bdct1_0.trang_thai=?)
Hibernate: select u1_0.id,u1_0.avatar,u1_0.email,u1_0.fullname,u1_0.hash_password,u1_0.ngay_cap_nhat,u1_0.ngay_tao,u1_0.role,u1_0.so_dien_thoai from user u1_0 where u1_0.email=?
Hibernate: select bdct1_0.id,bdct1_0.dia_chi_day_du,bdct1_0.dien_tich_m2,bdct1_0.gia_thang,bdct1_0.kinh_do,bdct1_0.mo_ta,bdct1_0.ngay_cap_nhat,bdct1_0.ngay_co_the_vao_o,bdct1_0.ngay_dang,bdct1_0.id_nguoi_dang,bdct1_0.phuong_xa,bdct1_0.tieu_de,bdct1_0.tinh_thanhpho,bdct1_0.trang_thai,bdct1_0.vi_do from bai_dang_cho_thue bdct1_0 where (? is null or bdct1_0.tinh_thanhpho like ? escape '') and (? is null or bdct1_0.phuong_xa like ? escape '') and (? is null or bdct1_0.gia_thang>=?) and (? is null or bdct1_0.gia_thang<=?) and (? is null or bdct1_0.dien_tich_m2>=?) and (? is null or bdct1_0.dien_tich_m2<=?) and (? is null or bdct1_0.trang_thai=?) order by bdct1_0.ngay_dang desc
Hibernate: select count(bdct1_0.id) from bai_dang_cho_thue bdct1_0 where (? is null or bdct1_0.tinh_thanhpho like ? escape '') and (? is null or bdct1_0.phuong_xa like ? escape '') and (? is null or bdct1_0.gia_thang>=?) and (? is null or bdct1_0.gia_thang<=?) and (? is null or bdct1_0.dien_tich_m2>=?) and (? is null or bdct1_0.dien_tich_m2<=?) and (? is null or bdct1_0.trang_thai=?)
Hibernate: select u1_0.id,u1_0.avatar,u1_0.email,u1_0.fullname,u1_0.hash_password,u1_0.ngay_cap_nhat,u1_0.ngay_tao,u1_0.role,u1_0.so_dien_thoai from user u1_0 where u1_0.email=?
Hibernate: select bdct1_0.id,bdct1_0.dia_chi_day_du,bdct1_0.dien_tich_m2,bdct1_0.gia_thang,bdct1_0.kinh_do,bdct1_0.mo_ta,bdct1_0.ngay_cap_nhat,bdct1_0.ngay_co_the_vao_o,bdct1_0.ngay_dang,bdct1_0.id_nguoi_dang,bdct1_0.phuong_xa,bdct1_0.tieu_de,bdct1_0.tinh_thanhpho,bdct1_0.trang_thai,bdct1_0.vi_do from bai_dang_cho_thue bdct1_0 where (? is null or bdct1_0.tinh_thanhpho like ? escape '') and (? is null or bdct1_0.phuong_xa like ? escape '') and (? is null or bdct1_0.gia_thang>=?) and (? is null or bdct1_0.gia_thang<=?) and (? is null or bdct1_0.dien_tich_m2>=?) and (? is null or bdct1_0.dien_tich_m2<=?) and (? is null or bdct1_0.trang_thai=?) order by bdct1_0.ngay_dang desc
Hibernate: select count(bdct1_0.id) from bai_dang_cho_thue bdct1_0 where (? is null or bdct1_0.tinh_thanhpho like ? escape '') and (? is null or bdct1_0.phuong_xa like ? escape '') and (? is null or bdct1_0.gia_thang>=?) and (? is null or bdct1_0.gia_thang<=?) and (? is null or bdct1_0.dien_tich_m2>=?) and (? is null or bdct1_0.dien_tich_m2<=?) and (? is null or bdct1_0.trang_thai=?)
Hibernate: select u1_0.id,u1_0.avatar,u1_0.email,u1_0.fullname,u1_0.hash_password,u1_0.ngay_cap_nhat,u1_0.ngay_tao,u1_0.role,u1_0.so_dien_thoai from user u1_0 where u1_0.email=?
Hibernate: select bdct1_0.id,bdct1_0.dia_chi_day_du,bdct1_0.dien_tich_m2,bdct1_0.gia_thang,bdct1_0.kinh_do,bdct1_0.mo_ta,bdct1_0.ngay_cap_nhat,bdct1_0.ngay_co_the_vao_o,bdct1_0.ngay_dang,bdct1_0.id_nguoi_dang,bdct1_0.phuong_xa,bdct1_0.tieu_de,bdct1_0.tinh_thanhpho,bdct1_0.trang_thai,bdct1_0.vi_do from bai_dang_cho_thue bdct1_0 where (? is null or bdct1_0.tinh_thanhpho like ? escape '') and (? is null or bdct1_0.phuong_xa like ? escape '') and (? is null or bdct1_0.gia_thang>=?) and (? is null or bdct1_0.gia_thang<=?) and (? is null or bdct1_0.dien_tich_m2>=?) and (? is null or bdct1_0.dien_tich_m2<=?) and (? is null or bdct1_0.trang_thai=?) order by bdct1_0.ngay_dang desc
Hibernate: select count(bdct1_0.id) from bai_dang_cho_thue bdct1_0 where (? is null or bdct1_0.tinh_thanhpho like ? escape '') and (? is null or bdct1_0.phuong_xa like ? escape '') and (? is null or bdct1_0.gia_thang>=?) and (? is null or bdct1_0.gia_thang<=?) and (? is null or bdct1_0.dien_tich_m2>=?) and (? is null or bdct1_0.dien_tich_m2<=?) and (? is null or bdct1_0.trang_thai=?)
Hibernate: select u1_0.id,u1_0.avatar,u1_0.email,u1_0.fullname,u1_0.hash_password,u1_0.ngay_cap_nhat,u1_0.ngay_tao,u1_0.role,u1_0.so_dien_thoai from user u1_0 where u1_0.email=?
Hibernate: select bdct1_0.id,bdct1_0.dia_chi_day_du,bdct1_0.dien_tich_m2,bdct1_0.gia_thang,bdct1_0.kinh_do,bdct1_0.mo_ta,bdct1_0.ngay_cap_nhat,bdct1_0.ngay_co_the_vao_o,bdct1_0.ngay_dang,bdct1_0.id_nguoi_dang,bdct1_0.phuong_xa,bdct1_0.tieu_de,bdct1_0.tinh_thanhpho,bdct1_0.trang_thai,bdct1_0.vi_do from bai_dang_cho_thue bdct1_0 where (? is null or bdct1_0.tinh_thanhpho like ? escape '') and (? is null or bdct1_0.phuong_xa like ? escape '') and (? is null or bdct1_0.gia_thang>=?) and (? is null or bdct1_0.gia_thang<=?) and (? is null or bdct1_0.dien_tich_m2>=?) and (? is null or bdct1_0.dien_tich_m2<=?) and (? is null or bdct1_0.trang_thai=?) order by bdct1_0.ngay_dang desc
Hibernate: select count(bdct1_0.id) from bai_dang_cho_thue bdct1_0 where (? is null or bdct1_0.tinh_thanhpho like ? escape '') and (? is null or bdct1_0.phuong_xa like ? escape '') and (? is null or bdct1_0.gia_thang>=?) and (? is null or bdct1_0.gia_thang<=?) and (? is null or bdct1_0.dien_tich_m2>=?) and (? is null or bdct1_0.dien_tich_m2<=?) and (? is null or bdct1_0.trang_thai=?)
Hibernate: select u1_0.id,u1_0.avatar,u1_0.email,u1_0.fullname,u1_0.hash_password,u1_0.ngay_cap_nhat,u1_0.ngay_tao,u1_0.role,u1_0.so_dien_thoai from user u1_0 where u1_0.email=?
Hibernate: select bdct1_0.id,bdct1_0.dia_chi_day_du,bdct1_0.dien_tich_m2,bdct1_0.gia_thang,bdct1_0.kinh_do,bdct1_0.mo_ta,bdct1_0.ngay_cap_nhat,bdct1_0.ngay_co_the_vao_o,bdct1_0.ngay_dang,bdct1_0.id_nguoi_dang,bdct1_0.phuong_xa,bdct1_0.tieu_de,bdct1_0.tinh_thanhpho,bdct1_0.trang_thai,bdct1_0.vi_do from bai_dang_cho_thue bdct1_0 where (? is null or bdct1_0.tinh_thanhpho like ? escape '') and (? is null or bdct1_0.phuong_xa like ? escape '') and (? is null or bdct1_0.gia_thang>=?) and (? is null or bdct1_0.gia_thang<=?) and (? is null or bdct1_0.dien_tich_m2>=?) and (? is null or bdct1_0.dien_tich_m2<=?) and (? is null or bdct1_0.trang_thai=?) order by bdct1_0.ngay_dang desc
Hibernate: select count(bdct1_0.id) from bai_dang_cho_thue bdct1_0 where (? is null or bdct1_0.tinh_thanhpho like ? escape '') and (? is null or bdct1_0.phuong_xa like ? escape '') and (? is null or bdct1_0.gia_thang>=?) and (? is null or bdct1_0.gia_thang<=?) and (? is null or bdct1_0.dien_tich_m2>=?) and (? is null or bdct1_0.dien_tich_m2<=?) and (? is null or bdct1_0.trang_thai=?)
Hibernate: select u1_0.id,u1_0.avatar,u1_0.email,u1_0.fullname,u1_0.hash_password,u1_0.ngay_cap_nhat,u1_0.ngay_tao,u1_0.role,u1_0.so_dien_thoai from user u1_0 where u1_0.email=?
Hibernate: select bdct1_0.id,bdct1_0.dia_chi_day_du,bdct1_0.dien_tich_m2,bdct1_0.gia_thang,bdct1_0.kinh_do,bdct1_0.mo_ta,bdct1_0.ngay_cap_nhat,bdct1_0.ngay_co_the_vao_o,bdct1_0.ngay_dang,bdct1_0.id_nguoi_dang,bdct1_0.phuong_xa,bdct1_0.tieu_de,bdct1_0.tinh_thanhpho,bdct1_0.trang_thai,bdct1_0.vi_do from bai_dang_cho_thue bdct1_0 where (? is null or bdct1_0.tinh_thanhpho like ? escape '') and (? is null or bdct1_0.phuong_xa like ? escape '') and (? is null or bdct1_0.gia_thang>=?) and (? is null or bdct1_0.gia_thang<=?) and (? is null or bdct1_0.dien_tich_m2>=?) and (? is null or bdct1_0.dien_tich_m2<=?) and (? is null or bdct1_0.trang_thai=?) order by bdct1_0.ngay_dang desc
Hibernate: select count(bdct1_0.id) from bai_dang_cho_thue bdct1_0 where (? is null or bdct1_0.tinh_thanhpho like ? escape '') and (? is null or bdct1_0.phuong_xa like ? escape '') and (? is null or bdct1_0.gia_thang>=?) and (? is null or bdct1_0.gia_thang<=?) and (? is null or bdct1_0.dien_tich_m2>=?) and (? is null or bdct1_0.dien_tich_m2<=?) and (? is null or bdct1_0.trang_thai=?)
Hibernate: select u1_0.id,u1_0.avatar,u1_0.email,u1_0.fullname,u1_0.hash_password,u1_0.ngay_cap_nhat,u1_0.ngay_tao,u1_0.role,u1_0.so_dien_thoai from user u1_0 where u1_0.email=?
Hibernate: select bdct1_0.id,bdct1_0.dia_chi_day_du,bdct1_0.dien_tich_m2,bdct1_0.gia_thang,bdct1_0.kinh_do,bdct1_0.mo_ta,bdct1_0.ngay_cap_nhat,bdct1_0.ngay_co_the_vao_o,bdct1_0.ngay_dang,bdct1_0.id_nguoi_dang,bdct1_0.phuong_xa,bdct1_0.tieu_de,bdct1_0.tinh_thanhpho,bdct1_0.trang_thai,bdct1_0.vi_do from bai_dang_cho_thue bdct1_0 where (? is null or bdct1_0.tinh_thanhpho like ? escape '') and (? is null or bdct1_0.phuong_xa like ? escape '') and (? is null or bdct1_0.gia_thang>=?) and (? is null or bdct1_0.gia_thang<=?) and (? is null or bdct1_0.dien_tich_m2>=?) and (? is null or bdct1_0.dien_tich_m2<=?) and (? is null or bdct1_0.trang_thai=?) order by bdct1_0.ngay_dang desc
Hibernate: select count(bdct1_0.id) from bai_dang_cho_thue bdct1_0 where (? is null or bdct1_0.tinh_thanhpho like ? escape '') and (? is null or bdct1_0.phuong_xa like ? escape '') and (? is null or bdct1_0.gia_thang>=?) and (? is null or bdct1_0.gia_thang<=?) and (? is null or bdct1_0.dien_tich_m2>=?) and (? is null or bdct1_0.dien_tich_m2<=?) and (? is null or bdct1_0.trang_thai=?)
Hibernate: select u1_0.id,u1_0.avatar,u1_0.email,u1_0.fullname,u1_0.hash_password,u1_0.ngay_cap_nhat,u1_0.ngay_tao,u1_0.role,u1_0.so_dien_thoai from user u1_0 where u1_0.email=?
Hibernate: select bdct1_0.id,bdct1_0.dia_chi_day_du,bdct1_0.dien_tich_m2,bdct1_0.gia_thang,bdct1_0.kinh_do,bdct1_0.mo_ta,bdct1_0.ngay_cap_nhat,bdct1_0.ngay_co_the_vao_o,bdct1_0.ngay_dang,bdct1_0.id_nguoi_dang,bdct1_0.phuong_xa,bdct1_0.tieu_de,bdct1_0.tinh_thanhpho,bdct1_0.trang_thai,bdct1_0.vi_do from bai_dang_cho_thue bdct1_0 where (? is null or bdct1_0.tinh_thanhpho like ? escape '') and (? is null or bdct1_0.phuong_xa like ? escape '') and (? is null or bdct1_0.gia_thang>=?) and (? is null or bdct1_0.gia_thang<=?) and (? is null or bdct1_0.dien_tich_m2>=?) and (? is null or bdct1_0.dien_tich_m2<=?) and (? is null or bdct1_0.trang_thai=?) order by bdct1_0.ngay_dang desc
Hibernate: select count(bdct1_0.id) from bai_dang_cho_thue bdct1_0 where (? is null or bdct1_0.tinh_thanhpho like ? escape '') and (? is null or bdct1_0.phuong_xa like ? escape '') and (? is null or bdct1_0.gia_thang>=?) and (? is null or bdct1_0.gia_thang<=?) and (? is null or bdct1_0.dien_tich_m2>=?) and (? is null or bdct1_0.dien_tich_m2<=?) and (? is null or bdct1_0.trang_thai=?)
Hibernate: select u1_0.id,u1_0.avatar,u1_0.email,u1_0.fullname,u1_0.hash_password,u1_0.ngay_cap_nhat,u1_0.ngay_tao,u1_0.role,u1_0.so_dien_thoai from user u1_0 where u1_0.email=?
Hibernate: select bdct1_0.id,bdct1_0.dia_chi_day_du,bdct1_0.dien_tich_m2,bdct1_0.gia_thang,bdct1_0.kinh_do,bdct1_0.mo_ta,bdct1_0.ngay_cap_nhat,bdct1_0.ngay_co_the_vao_o,bdct1_0.ngay_dang,bdct1_0.id_nguoi_dang,bdct1_0.phuong_xa,bdct1_0.tieu_de,bdct1_0.tinh_thanhpho,bdct1_0.trang_thai,bdct1_0.vi_do from bai_dang_cho_thue bdct1_0 where (? is null or bdct1_0.tinh_thanhpho like ? escape '') and (? is null or bdct1_0.phuong_xa like ? escape '') and (? is null or bdct1_0.gia_thang>=?) and (? is null or bdct1_0.gia_thang<=?) and (? is null or bdct1_0.dien_tich_m2>=?) and (? is null or bdct1_0.dien_tich_m2<=?) and (? is null or bdct1_0.trang_thai=?) order by bdct1_0.ngay_dang desc
Hibernate: select count(bdct1_0.id) from bai_dang_cho_thue bdct1_0 where (? is null or bdct1_0.tinh_thanhpho like ? escape '') and (? is null or bdct1_0.phuong_xa like ? escape '') and (? is null or bdct1_0.gia_thang>=?) and (? is null or bdct1_0.gia_thang<=?) and (? is null or bdct1_0.dien_tich_m2>=?) and (? is null or bdct1_0.dien_tich_m2<=?) and (? is null or bdct1_0.trang_thai=?)
Hibernate: select u1_0.id,u1_0.avatar,u1_0.email,u1_0.fullname,u1_0.hash_password,u1_0.ngay_cap_nhat,u1_0.ngay_tao,u1_0.role,u1_0.so_dien_thoai from user u1_0 where u1_0.email=?
Hibernate: select bdct1_0.id,bdct1_0.dia_chi_day_du,bdct1_0.dien_tich_m2,bdct1_0.gia_thang,bdct1_0.kinh_do,bdct1_0.mo_ta,bdct1_0.ngay_cap_nhat,bdct1_0.ngay_co_the_vao_o,bdct1_0.ngay_dang,bdct1_0.id_nguoi_dang,bdct1_0.phuong_xa,bdct1_0.tieu_de,bdct1_0.tinh_thanhpho,bdct1_0.trang_thai,bdct1_0.vi_do from bai_dang_cho_thue bdct1_0 where (? is null or bdct1_0.tinh_thanhpho like ? escape '') and (? is null or bdct1_0.phuong_xa like ? escape '') and (? is null or bdct1_0.gia_thang>=?) and (? is null or bdct1_0.gia_thang<=?) and (? is null or bdct1_0.dien_tich_m2>=?) and (? is null or bdct1_0.dien_tich_m2<=?) and (? is null or bdct1_0.trang_thai=?) order by bdct1_0.ngay_dang desc
Hibernate: select count(bdct1_0.id) from bai_dang_cho_thue bdct1_0 where (? is null or bdct1_0.tinh_thanhpho like ? escape '') and (? is null or bdct1_0.phuong_xa like ? escape '') and (? is null or bdct1_0.gia_thang>=?) and (? is null or bdct1_0.gia_thang<=?) and (? is null or bdct1_0.dien_tich_m2>=?) and (? is null or bdct1_0.dien_tich_m2<=?) and (? is null or bdct1_0.trang_thai=?)
Hibernate: select u1_0.id,u1_0.avatar,u1_0.email,u1_0.fullname,u1_0.hash_password,u1_0.ngay_cap_nhat,u1_0.ngay_tao,u1_0.role,u1_0.so_dien_thoai from user u1_0 where u1_0.email=?
Hibernate: select bdct1_0.id,bdct1_0.dia_chi_day_du,bdct1_0.dien_tich_m2,bdct1_0.gia_thang,bdct1_0.kinh_do,bdct1_0.mo_ta,bdct1_0.ngay_cap_nhat,bdct1_0.ngay_co_the_vao_o,bdct1_0.ngay_dang,bdct1_0.id_nguoi_dang,bdct1_0.phuong_xa,bdct1_0.tieu_de,bdct1_0.tinh_thanhpho,bdct1_0.trang_thai,bdct1_0.vi_do from bai_dang_cho_thue bdct1_0 where (? is null or bdct1_0.tinh_thanhpho like ? escape '') and (? is null or bdct1_0.phuong_xa like ? escape '') and (? is null or bdct1_0.gia_thang>=?) and (? is null or bdct1_0.gia_thang<=?) and (? is null or bdct1_0.dien_tich_m2>=?) and (? is null or bdct1_0.dien_tich_m2<=?) and (? is null or bdct1_0.trang_thai=?) order by bdct1_0.ngay_dang desc
Hibernate: select count(bdct1_0.id) from bai_dang_cho_thue bdct1_0 where (? is null or bdct1_0.tinh_thanhpho like ? escape '') and (? is null or bdct1_0.phuong_xa like ? escape '') and (? is null or bdct1_0.gia_thang>=?) and (? is null or bdct1_0.gia_thang<=?) and (? is null or bdct1_0.dien_tich_m2>=?) and (? is null or bdct1_0.dien_tich_m2<=?) and (? is null or bdct1_0.trang_thai=?)
Hibernate: SELECT b.* FROM bai_dang_cho_thue b INNER JOIN user_tracking ut ON b.id = ut.bai_dang_id WHERE ut.user_id = ? AND ut.type = 'like' ORDER BY ut.id DESC
Hibernate: select u1_0.id,u1_0.avatar,u1_0.email,u1_0.fullname,u1_0.hash_password,u1_0.ngay_cap_nhat,u1_0.ngay_tao,u1_0.role,u1_0.so_dien_thoai from user u1_0 where u1_0.id=?
Hibernate: select hapt1_0.duong_dan_anh from hinh_anh_phong_tro hapt1_0 where hapt1_0.id_bai_dang_cho_thue=? and hapt1_0.la_anh_bia=1
Hibernate: select hapt1_0.duong_dan_anh from hinh_anh_phong_tro hapt1_0 where hapt1_0.id_bai_dang_cho_thue=? and hapt1_0.la_anh_bia=1
Hibernate: select u1_0.id,u1_0.avatar,u1_0.email,u1_0.fullname,u1_0.hash_password,u1_0.ngay_cap_nhat,u1_0.ngay_tao,u1_0.role,u1_0.so_dien_thoai from user u1_0 where u1_0.email=?
Hibernate: select bdct1_0.id,bdct1_0.dia_chi_day_du,bdct1_0.dien_tich_m2,bdct1_0.gia_thang,bdct1_0.kinh_do,bdct1_0.mo_ta,bdct1_0.ngay_cap_nhat,bdct1_0.ngay_co_the_vao_o,bdct1_0.ngay_dang,bdct1_0.id_nguoi_dang,bdct1_0.phuong_xa,bdct1_0.tieu_de,bdct1_0.tinh_thanhpho,bdct1_0.trang_thai,bdct1_0.vi_do from bai_dang_cho_thue bdct1_0 where (? is null or bdct1_0.tinh_thanhpho like ? escape '') and (? is null or bdct1_0.phuong_xa like ? escape '') and (? is null or bdct1_0.gia_thang>=?) and (? is null or bdct1_0.gia_thang<=?) and (? is null or bdct1_0.dien_tich_m2>=?) and (? is null or bdct1_0.dien_tich_m2<=?) and (? is null or bdct1_0.trang_thai=?) order by bdct1_0.ngay_dang desc
Hibernate: select count(bdct1_0.id) from bai_dang_cho_thue bdct1_0 where (? is null or bdct1_0.tinh_thanhpho like ? escape '') and (? is null or bdct1_0.phuong_xa like ? escape '') and (? is null or bdct1_0.gia_thang>=?) and (? is null or bdct1_0.gia_thang<=?) and (? is null or bdct1_0.dien_tich_m2>=?) and (? is null or bdct1_0.dien_tich_m2<=?) and (? is null or bdct1_0.trang_thai=?)
Hibernate: select u1_0.id,u1_0.avatar,u1_0.email,u1_0.fullname,u1_0.hash_password,u1_0.ngay_cap_nhat,u1_0.ngay_tao,u1_0.role,u1_0.so_dien_thoai from user u1_0 where u1_0.email=?
Hibernate: select bdct1_0.id,bdct1_0.dia_chi_day_du,bdct1_0.dien_tich_m2,bdct1_0.gia_thang,bdct1_0.kinh_do,bdct1_0.mo_ta,bdct1_0.ngay_cap_nhat,bdct1_0.ngay_co_the_vao_o,bdct1_0.ngay_dang,bdct1_0.id_nguoi_dang,bdct1_0.phuong_xa,bdct1_0.tieu_de,bdct1_0.tinh_thanhpho,bdct1_0.trang_thai,bdct1_0.vi_do from bai_dang_cho_thue bdct1_0 where (? is null or bdct1_0.tinh_thanhpho like ? escape '') and (? is null or bdct1_0.phuong_xa like ? escape '') and (? is null or bdct1_0.gia_thang>=?) and (? is null or bdct1_0.gia_thang<=?) and (? is null or bdct1_0.dien_tich_m2>=?) and (? is null or bdct1_0.dien_tich_m2<=?) and (? is null or bdct1_0.trang_thai=?) order by bdct1_0.ngay_dang desc
Hibernate: select count(bdct1_0.id) from bai_dang_cho_thue bdct1_0 where (? is null or bdct1_0.tinh_thanhpho like ? escape '') and (? is null or bdct1_0.phuong_xa like ? escape '') and (? is null or bdct1_0.gia_thang>=?) and (? is null or bdct1_0.gia_thang<=?) and (? is null or bdct1_0.dien_tich_m2>=?) and (? is null or bdct1_0.dien_tich_m2<=?) and (? is null or bdct1_0.trang_thai=?)
Hibernate: select u1_0.id,u1_0.avatar,u1_0.email,u1_0.fullname,u1_0.hash_password,u1_0.ngay_cap_nhat,u1_0.ngay_tao,u1_0.role,u1_0.so_dien_thoai from user u1_0 where u1_0.email=?
Hibernate: select bdct1_0.id,bdct1_0.dia_chi_day_du,bdct1_0.dien_tich_m2,bdct1_0.gia_thang,bdct1_0.kinh_do,bdct1_0.mo_ta,bdct1_0.ngay_cap_nhat,bdct1_0.ngay_co_the_vao_o,bdct1_0.ngay_dang,bdct1_0.id_nguoi_dang,bdct1_0.phuong_xa,bdct1_0.tieu_de,bdct1_0.tinh_thanhpho,bdct1_0.trang_thai,bdct1_0.vi_do from bai_dang_cho_thue bdct1_0 where (? is null or bdct1_0.tinh_thanhpho like ? escape '') and (? is null or bdct1_0.phuong_xa like ? escape '') and (? is null or bdct1_0.gia_thang>=?) and (? is null or bdct1_0.gia_thang<=?) and (? is null or bdct1_0.dien_tich_m2>=?) and (? is null or bdct1_0.dien_tich_m2<=?) and (? is null or bdct1_0.trang_thai=?) order by bdct1_0.ngay_dang desc
Hibernate: select count(bdct1_0.id) from bai_dang_cho_thue bdct1_0 where (? is null or bdct1_0.tinh_thanhpho like ? escape '') and (? is null or bdct1_0.phuong_xa like ? escape '') and (? is null or bdct1_0.gia_thang>=?) and (? is null or bdct1_0.gia_thang<=?) and (? is null or bdct1_0.dien_tich_m2>=?) and (? is null or bdct1_0.dien_tich_m2<=?) and (? is null or bdct1_0.trang_thai=?)
Hibernate: select u1_0.id,u1_0.avatar,u1_0.email,u1_0.fullname,u1_0.hash_password,u1_0.ngay_cap_nhat,u1_0.ngay_tao,u1_0.role,u1_0.so_dien_thoai from user u1_0 where u1_0.email=?
Hibernate: select bdct1_0.id,bdct1_0.dia_chi_day_du,bdct1_0.dien_tich_m2,bdct1_0.gia_thang,bdct1_0.kinh_do,bdct1_0.mo_ta,bdct1_0.ngay_cap_nhat,bdct1_0.ngay_co_the_vao_o,bdct1_0.ngay_dang,bdct1_0.id_nguoi_dang,bdct1_0.phuong_xa,bdct1_0.tieu_de,bdct1_0.tinh_thanhpho,bdct1_0.trang_thai,bdct1_0.vi_do from bai_dang_cho_thue bdct1_0 where (? is null or bdct1_0.tinh_thanhpho like ? escape '') and (? is null or bdct1_0.phuong_xa like ? escape '') and (? is null or bdct1_0.gia_thang>=?) and (? is null or bdct1_0.gia_thang<=?) and (? is null or bdct1_0.dien_tich_m2>=?) and (? is null or bdct1_0.dien_tich_m2<=?) and (? is null or bdct1_0.trang_thai=?) order by bdct1_0.ngay_dang desc
Hibernate: select count(bdct1_0.id) from bai_dang_cho_thue bdct1_0 where (? is null or bdct1_0.tinh_thanhpho like ? escape '') and (? is null or bdct1_0.phuong_xa like ? escape '') and (? is null or bdct1_0.gia_thang>=?) and (? is null or bdct1_0.gia_thang<=?) and (? is null or bdct1_0.dien_tich_m2>=?) and (? is null or bdct1_0.dien_tich_m2<=?) and (? is null or bdct1_0.trang_thai=?)
Hibernate: select u1_0.id,u1_0.avatar,u1_0.email,u1_0.fullname,u1_0.hash_password,u1_0.ngay_cap_nhat,u1_0.ngay_tao,u1_0.role,u1_0.so_dien_thoai from user u1_0 where u1_0.email=?
Hibernate: select bdct1_0.id,bdct1_0.dia_chi_day_du,bdct1_0.dien_tich_m2,bdct1_0.gia_thang,bdct1_0.kinh_do,bdct1_0.mo_ta,bdct1_0.ngay_cap_nhat,bdct1_0.ngay_co_the_vao_o,bdct1_0.ngay_dang,bdct1_0.id_nguoi_dang,bdct1_0.phuong_xa,bdct1_0.tieu_de,bdct1_0.tinh_thanhpho,bdct1_0.trang_thai,bdct1_0.vi_do from bai_dang_cho_thue bdct1_0 where (? is null or bdct1_0.tinh_thanhpho like ? escape '') and (? is null or bdct1_0.phuong_xa like ? escape '') and (? is null or bdct1_0.gia_thang>=?) and (? is null or bdct1_0.gia_thang<=?) and (? is null or bdct1_0.dien_tich_m2>=?) and (? is null or bdct1_0.dien_tich_m2<=?) and (? is null or bdct1_0.trang_thai=?) order by bdct1_0.ngay_dang desc
Hibernate: select count(bdct1_0.id) from bai_dang_cho_thue bdct1_0 where (? is null or bdct1_0.tinh_thanhpho like ? escape '') and (? is null or bdct1_0.phuong_xa like ? escape '') and (? is null or bdct1_0.gia_thang>=?) and (? is null or bdct1_0.gia_thang<=?) and (? is null or bdct1_0.dien_tich_m2>=?) and (? is null or bdct1_0.dien_tich_m2<=?) and (? is null or bdct1_0.trang_thai=?)
Hibernate: select u1_0.id,u1_0.avatar,u1_0.email,u1_0.fullname,u1_0.hash_password,u1_0.ngay_cap_nhat,u1_0.ngay_tao,u1_0.role,u1_0.so_dien_thoai from user u1_0 where u1_0.email=?
Hibernate: select bdct1_0.id,bdct1_0.dia_chi_day_du,bdct1_0.dien_tich_m2,bdct1_0.gia_thang,bdct1_0.kinh_do,bdct1_0.mo_ta,bdct1_0.ngay_cap_nhat,bdct1_0.ngay_co_the_vao_o,bdct1_0.ngay_dang,bdct1_0.id_nguoi_dang,bdct1_0.phuong_xa,bdct1_0.tieu_de,bdct1_0.tinh_thanhpho,bdct1_0.trang_thai,bdct1_0.vi_do from bai_dang_cho_thue bdct1_0 where (? is null or bdct1_0.tinh_thanhpho like ? escape '') and (? is null or bdct1_0.phuong_xa like ? escape '') and (? is null or bdct1_0.gia_thang>=?) and (? is null or bdct1_0.gia_thang<=?) and (? is null or bdct1_0.dien_tich_m2>=?) and (? is null or bdct1_0.dien_tich_m2<=?) and (? is null or bdct1_0.trang_thai=?) order by bdct1_0.ngay_dang desc
Hibernate: select count(bdct1_0.id) from bai_dang_cho_thue bdct1_0 where (? is null or bdct1_0.tinh_thanhpho like ? escape '') and (? is null or bdct1_0.phuong_xa like ? escape '') and (? is null or bdct1_0.gia_thang>=?) and (? is null or bdct1_0.gia_thang<=?) and (? is null or bdct1_0.dien_tich_m2>=?) and (? is null or bdct1_0.dien_tich_m2<=?) and (? is null or bdct1_0.trang_thai=?)
Hibernate: select u1_0.id,u1_0.avatar,u1_0.email,u1_0.fullname,u1_0.hash_password,u1_0.ngay_cap_nhat,u1_0.ngay_tao,u1_0.role,u1_0.so_dien_thoai from user u1_0 where u1_0.email=?
Hibernate: select bdct1_0.id,bdct1_0.dia_chi_day_du,bdct1_0.dien_tich_m2,bdct1_0.gia_thang,bdct1_0.kinh_do,bdct1_0.mo_ta,bdct1_0.ngay_cap_nhat,bdct1_0.ngay_co_the_vao_o,bdct1_0.ngay_dang,bdct1_0.id_nguoi_dang,bdct1_0.phuong_xa,bdct1_0.tieu_de,bdct1_0.tinh_thanhpho,bdct1_0.trang_thai,bdct1_0.vi_do from bai_dang_cho_thue bdct1_0 where (? is null or bdct1_0.tinh_thanhpho like ? escape '') and (? is null or bdct1_0.phuong_xa like ? escape '') and (? is null or bdct1_0.gia_thang>=?) and (? is null or bdct1_0.gia_thang<=?) and (? is null or bdct1_0.dien_tich_m2>=?) and (? is null or bdct1_0.dien_tich_m2<=?) and (? is null or bdct1_0.trang_thai=?) order by bdct1_0.ngay_dang desc
Hibernate: select count(bdct1_0.id) from bai_dang_cho_thue bdct1_0 where (? is null or bdct1_0.tinh_thanhpho like ? escape '') and (? is null or bdct1_0.phuong_xa like ? escape '') and (? is null or bdct1_0.gia_thang>=?) and (? is null or bdct1_0.gia_thang<=?) and (? is null or bdct1_0.dien_tich_m2>=?) and (? is null or bdct1_0.dien_tich_m2<=?) and (? is null or bdct1_0.trang_thai=?)
Hibernate: select u1_0.id,u1_0.avatar,u1_0.email,u1_0.fullname,u1_0.hash_password,u1_0.ngay_cap_nhat,u1_0.ngay_tao,u1_0.role,u1_0.so_dien_thoai from user u1_0 where u1_0.email=?
Hibernate: select bdct1_0.id,bdct1_0.dia_chi_day_du,bdct1_0.dien_tich_m2,bdct1_0.gia_thang,bdct1_0.kinh_do,bdct1_0.mo_ta,bdct1_0.ngay_cap_nhat,bdct1_0.ngay_co_the_vao_o,bdct1_0.ngay_dang,bdct1_0.id_nguoi_dang,bdct1_0.phuong_xa,bdct1_0.tieu_de,bdct1_0.tinh_thanhpho,bdct1_0.trang_thai,bdct1_0.vi_do from bai_dang_cho_thue bdct1_0 where (? is null or bdct1_0.tinh_thanhpho like ? escape '') and (? is null or bdct1_0.phuong_xa like ? escape '') and (? is null or bdct1_0.gia_thang>=?) and (? is null or bdct1_0.gia_thang<=?) and (? is null or bdct1_0.dien_tich_m2>=?) and (? is null or bdct1_0.dien_tich_m2<=?) and (? is null or bdct1_0.trang_thai=?) order by bdct1_0.ngay_dang desc
Hibernate: select count(bdct1_0.id) from bai_dang_cho_thue bdct1_0 where (? is null or bdct1_0.tinh_thanhpho like ? escape '') and (? is null or bdct1_0.phuong_xa like ? escape '') and (? is null or bdct1_0.gia_thang>=?) and (? is null or bdct1_0.gia_thang<=?) and (? is null or bdct1_0.dien_tich_m2>=?) and (? is null or bdct1_0.dien_tich_m2<=?) and (? is null or bdct1_0.trang_thai=?)
Hibernate: select u1_0.id,u1_0.avatar,u1_0.email,u1_0.fullname,u1_0.hash_password,u1_0.ngay_cap_nhat,u1_0.ngay_tao,u1_0.role,u1_0.so_dien_thoai from user u1_0 where u1_0.email=?
Hibernate: select bdct1_0.id,bdct1_0.dia_chi_day_du,bdct1_0.dien_tich_m2,bdct1_0.gia_thang,bdct1_0.kinh_do,bdct1_0.mo_ta,bdct1_0.ngay_cap_nhat,bdct1_0.ngay_co_the_vao_o,bdct1_0.ngay_dang,bdct1_0.id_nguoi_dang,bdct1_0.phuong_xa,bdct1_0.tieu_de,bdct1_0.tinh_thanhpho,bdct1_0.trang_thai,bdct1_0.vi_do from bai_dang_cho_thue bdct1_0 where (? is null or bdct1_0.tinh_thanhpho like ? escape '') and (? is null or bdct1_0.phuong_xa like ? escape '') and (? is null or bdct1_0.gia_thang>=?) and (? is null or bdct1_0.gia_thang<=?) and (? is null or bdct1_0.dien_tich_m2>=?) and (? is null or bdct1_0.dien_tich_m2<=?) and (? is null or bdct1_0.trang_thai=?) order by bdct1_0.ngay_dang desc
Hibernate: select count(bdct1_0.id) from bai_dang_cho_thue bdct1_0 where (? is null or bdct1_0.tinh_thanhpho like ? escape '') and (? is null or bdct1_0.phuong_xa like ? escape '') and (? is null or bdct1_0.gia_thang>=?) and (? is null or bdct1_0.gia_thang<=?) and (? is null or bdct1_0.dien_tich_m2>=?) and (? is null or bdct1_0.dien_tich_m2<=?) and (? is null or bdct1_0.trang_thai=?)
Hibernate: select u1_0.id,u1_0.avatar,u1_0.email,u1_0.fullname,u1_0.hash_password,u1_0.ngay_cap_nhat,u1_0.ngay_tao,u1_0.role,u1_0.so_dien_thoai from user u1_0 where u1_0.email=?
Hibernate: select bdct1_0.id,bdct1_0.dia_chi_day_du,bdct1_0.dien_tich_m2,bdct1_0.gia_thang,bdct1_0.kinh_do,bdct1_0.mo_ta,bdct1_0.ngay_cap_nhat,bdct1_0.ngay_co_the_vao_o,bdct1_0.ngay_dang,bdct1_0.id_nguoi_dang,bdct1_0.phuong_xa,bdct1_0.tieu_de,bdct1_0.tinh_thanhpho,bdct1_0.trang_thai,bdct1_0.vi_do from bai_dang_cho_thue bdct1_0 where (? is null or bdct1_0.tinh_thanhpho like ? escape '') and (? is null or bdct1_0.phuong_xa like ? escape '') and (? is null or bdct1_0.gia_thang>=?) and (? is null or bdct1_0.gia_thang<=?) and (? is null or bdct1_0.dien_tich_m2>=?) and (? is null or bdct1_0.dien_tich_m2<=?) and (? is null or bdct1_0.trang_thai=?) order by bdct1_0.ngay_dang desc
Hibernate: select count(bdct1_0.id) from bai_dang_cho_thue bdct1_0 where (? is null or bdct1_0.tinh_thanhpho like ? escape '') and (? is null or bdct1_0.phuong_xa like ? escape '') and (? is null or bdct1_0.gia_thang>=?) and (? is null or bdct1_0.gia_thang<=?) and (? is null or bdct1_0.dien_tich_m2>=?) and (? is null or bdct1_0.dien_tich_m2<=?) and (? is null or bdct1_0.trang_thai=?)
Hibernate: select u1_0.id,u1_0.avatar,u1_0.email,u1_0.fullname,u1_0.hash_password,u1_0.ngay_cap_nhat,u1_0.ngay_tao,u1_0.role,u1_0.so_dien_thoai from user u1_0 where u1_0.email=?
Hibernate: select bdct1_0.id,bdct1_0.dia_chi_day_du,bdct1_0.dien_tich_m2,bdct1_0.gia_thang,bdct1_0.kinh_do,bdct1_0.mo_ta,bdct1_0.ngay_cap_nhat,bdct1_0.ngay_co_the_vao_o,bdct1_0.ngay_dang,bdct1_0.id_nguoi_dang,bdct1_0.phuong_xa,bdct1_0.tieu_de,bdct1_0.tinh_thanhpho,bdct1_0.trang_thai,bdct1_0.vi_do from bai_dang_cho_thue bdct1_0 where (? is null or bdct1_0.tinh_thanhpho like ? escape '') and (? is null or bdct1_0.phuong_xa like ? escape '') and (? is null or bdct1_0.gia_thang>=?) and (? is null or bdct1_0.gia_thang<=?) and (? is null or bdct1_0.dien_tich_m2>=?) and (? is null or bdct1_0.dien_tich_m2<=?) and (? is null or bdct1_0.trang_thai=?) order by bdct1_0.ngay_dang desc
Hibernate: select count(bdct1_0.id) from bai_dang_cho_thue bdct1_0 where (? is null or bdct1_0.tinh_thanhpho like ? escape '') and (? is null or bdct1_0.phuong_xa like ? escape '') and (? is null or bdct1_0.gia_thang>=?) and (? is null or bdct1_0.gia_thang<=?) and (? is null or bdct1_0.dien_tich_m2>=?) and (? is null or bdct1_0.dien_tich_m2<=?) and (? is null or bdct1_0.trang_thai=?)
Hibernate: select u1_0.id,u1_0.avatar,u1_0.email,u1_0.fullname,u1_0.hash_password,u1_0.ngay_cap_nhat,u1_0.ngay_tao,u1_0.role,u1_0.so_dien_thoai from user u1_0 where u1_0.email=?
Hibernate: select bdct1_0.id,bdct1_0.dia_chi_day_du,bdct1_0.dien_tich_m2,bdct1_0.gia_thang,bdct1_0.kinh_do,bdct1_0.mo_ta,bdct1_0.ngay_cap_nhat,bdct1_0.ngay_co_the_vao_o,bdct1_0.ngay_dang,bdct1_0.id_nguoi_dang,bdct1_0.phuong_xa,bdct1_0.tieu_de,bdct1_0.tinh_thanhpho,bdct1_0.trang_thai,bdct1_0.vi_do from bai_dang_cho_thue bdct1_0 where (? is null or bdct1_0.tinh_thanhpho like ? escape '') and (? is null or bdct1_0.phuong_xa like ? escape '') and (? is null or bdct1_0.gia_thang>=?) and (? is null or bdct1_0.gia_thang<=?) and (? is null or bdct1_0.dien_tich_m2>=?) and (? is null or bdct1_0.dien_tich_m2<=?) and (? is null or bdct1_0.trang_thai=?) order by bdct1_0.ngay_dang desc
Hibernate: select count(bdct1_0.id) from bai_dang_cho_thue bdct1_0 where (? is null or bdct1_0.tinh_thanhpho like ? escape '') and (? is null or bdct1_0.phuong_xa like ? escape '') and (? is null or bdct1_0.gia_thang>=?) and (? is null or bdct1_0.gia_thang<=?) and (? is null or bdct1_0.dien_tich_m2>=?) and (? is null or bdct1_0.dien_tich_m2<=?) and (? is null or bdct1_0.trang_thai=?)
Hibernate: select u1_0.id,u1_0.avatar,u1_0.email,u1_0.fullname,u1_0.hash_password,u1_0.ngay_cap_nhat,u1_0.ngay_tao,u1_0.role,u1_0.so_dien_thoai from user u1_0 where u1_0.email=?
Hibernate: select bdct1_0.id,bdct1_0.dia_chi_day_du,bdct1_0.dien_tich_m2,bdct1_0.gia_thang,bdct1_0.kinh_do,bdct1_0.mo_ta,bdct1_0.ngay_cap_nhat,bdct1_0.ngay_co_the_vao_o,bdct1_0.ngay_dang,bdct1_0.id_nguoi_dang,bdct1_0.phuong_xa,bdct1_0.tieu_de,bdct1_0.tinh_thanhpho,bdct1_0.trang_thai,bdct1_0.vi_do from bai_dang_cho_thue bdct1_0 where (? is null or bdct1_0.tinh_thanhpho like ? escape '') and (? is null or bdct1_0.phuong_xa like ? escape '') and (? is null or bdct1_0.gia_thang>=?) and (? is null or bdct1_0.gia_thang<=?) and (? is null or bdct1_0.dien_tich_m2>=?) and (? is null or bdct1_0.dien_tich_m2<=?) and (? is null or bdct1_0.trang_thai=?) order by bdct1_0.ngay_dang desc
Hibernate: select count(bdct1_0.id) from bai_dang_cho_thue bdct1_0 where (? is null or bdct1_0.tinh_thanhpho like ? escape '') and (? is null or bdct1_0.phuong_xa like ? escape '') and (? is null or bdct1_0.gia_thang>=?) and (? is null or bdct1_0.gia_thang<=?) and (? is null or bdct1_0.dien_tich_m2>=?) and (? is null or bdct1_0.dien_tich_m2<=?) and (? is null or bdct1_0.trang_thai=?)
Hibernate: select u1_0.id,u1_0.avatar,u1_0.email,u1_0.fullname,u1_0.hash_password,u1_0.ngay_cap_nhat,u1_0.ngay_tao,u1_0.role,u1_0.so_dien_thoai from user u1_0 where u1_0.email=?
Hibernate: select bdct1_0.id,bdct1_0.dia_chi_day_du,bdct1_0.dien_tich_m2,bdct1_0.gia_thang,bdct1_0.kinh_do,bdct1_0.mo_ta,bdct1_0.ngay_cap_nhat,bdct1_0.ngay_co_the_vao_o,bdct1_0.ngay_dang,bdct1_0.id_nguoi_dang,bdct1_0.phuong_xa,bdct1_0.tieu_de,bdct1_0.tinh_thanhpho,bdct1_0.trang_thai,bdct1_0.vi_do from bai_dang_cho_thue bdct1_0 where (? is null or bdct1_0.tinh_thanhpho like ? escape '') and (? is null or bdct1_0.phuong_xa like ? escape '') and (? is null or bdct1_0.gia_thang>=?) and (? is null or bdct1_0.gia_thang<=?) and (? is null or bdct1_0.dien_tich_m2>=?) and (? is null or bdct1_0.dien_tich_m2<=?) and (? is null or bdct1_0.trang_thai=?) order by bdct1_0.ngay_dang desc
Hibernate: select count(bdct1_0.id) from bai_dang_cho_thue bdct1_0 where (? is null or bdct1_0.tinh_thanhpho like ? escape '') and (? is null or bdct1_0.phuong_xa like ? escape '') and (? is null or bdct1_0.gia_thang>=?) and (? is null or bdct1_0.gia_thang<=?) and (? is null or bdct1_0.dien_tich_m2>=?) and (? is null or bdct1_0.dien_tich_m2<=?) and (? is null or bdct1_0.trang_thai=?)
Hibernate: SELECT b.* FROM bai_dang_cho_thue b INNER JOIN user_tracking ut ON b.id = ut.bai_dang_id WHERE ut.user_id = ? AND ut.type = 'like' ORDER BY ut.id DESC
Hibernate: select u1_0.id,u1_0.avatar,u1_0.email,u1_0.fullname,u1_0.hash_password,u1_0.ngay_cap_nhat,u1_0.ngay_tao,u1_0.role,u1_0.so_dien_thoai from user u1_0 where u1_0.id=?
Hibernate: select hapt1_0.duong_dan_anh from hinh_anh_phong_tro hapt1_0 where hapt1_0.id_bai_dang_cho_thue=? and hapt1_0.la_anh_bia=1
Hibernate: select hapt1_0.duong_dan_anh from hinh_anh_phong_tro hapt1_0 where hapt1_0.id_bai_dang_cho_thue=? and hapt1_0.la_anh_bia=1
Hibernate: select hapt1_0.duong_dan_anh from hinh_anh_phong_tro hapt1_0 where hapt1_0.id_bai_dang_cho_thue=? and hapt1_0.la_anh_bia=1
Hibernate: select hapt1_0.duong_dan_anh from hinh_anh_phong_tro hapt1_0 where hapt1_0.id_bai_dang_cho_thue=? and hapt1_0.la_anh_bia=1
Hibernate: select u1_0.id,u1_0.avatar,u1_0.email,u1_0.fullname,u1_0.hash_password,u1_0.ngay_cap_nhat,u1_0.ngay_tao,u1_0.role,u1_0.so_dien_thoai from user u1_0 where u1_0.email=?
Hibernate: select bdct1_0.id,bdct1_0.dia_chi_day_du,bdct1_0.dien_tich_m2,bdct1_0.gia_thang,bdct1_0.kinh_do,bdct1_0.mo_ta,bdct1_0.ngay_cap_nhat,bdct1_0.ngay_co_the_vao_o,bdct1_0.ngay_dang,bdct1_0.id_nguoi_dang,bdct1_0.phuong_xa,bdct1_0.tieu_de,bdct1_0.tinh_thanhpho,bdct1_0.trang_thai,bdct1_0.vi_do from bai_dang_cho_thue bdct1_0 where (? is null or bdct1_0.tinh_thanhpho like ? escape '') and (? is null or bdct1_0.phuong_xa like ? escape '') and (? is null or bdct1_0.gia_thang>=?) and (? is null or bdct1_0.gia_thang<=?) and (? is null or bdct1_0.dien_tich_m2>=?) and (? is null or bdct1_0.dien_tich_m2<=?) and (? is null or bdct1_0.trang_thai=?) order by bdct1_0.ngay_dang desc
Hibernate: select count(bdct1_0.id) from bai_dang_cho_thue bdct1_0 where (? is null or bdct1_0.tinh_thanhpho like ? escape '') and (? is null or bdct1_0.phuong_xa like ? escape '') and (? is null or bdct1_0.gia_thang>=?) and (? is null or bdct1_0.gia_thang<=?) and (? is null or bdct1_0.dien_tich_m2>=?) and (? is null or bdct1_0.dien_tich_m2<=?) and (? is null or bdct1_0.trang_thai=?)
Hibernate: select u1_0.id,u1_0.avatar,u1_0.email,u1_0.fullname,u1_0.hash_password,u1_0.ngay_cap_nhat,u1_0.ngay_tao,u1_0.role,u1_0.so_dien_thoai from user u1_0 where u1_0.email=?
Hibernate: select bdct1_0.id,bdct1_0.dia_chi_day_du,bdct1_0.dien_tich_m2,bdct1_0.gia_thang,bdct1_0.kinh_do,bdct1_0.mo_ta,bdct1_0.ngay_cap_nhat,bdct1_0.ngay_co_the_vao_o,bdct1_0.ngay_dang,bdct1_0.id_nguoi_dang,bdct1_0.phuong_xa,bdct1_0.tieu_de,bdct1_0.tinh_thanhpho,bdct1_0.trang_thai,bdct1_0.vi_do from bai_dang_cho_thue bdct1_0 where (? is null or bdct1_0.tinh_thanhpho like ? escape '') and (? is null or bdct1_0.phuong_xa like ? escape '') and (? is null or bdct1_0.gia_thang>=?) and (? is null or bdct1_0.gia_thang<=?) and (? is null or bdct1_0.dien_tich_m2>=?) and (? is null or bdct1_0.dien_tich_m2<=?) and (? is null or bdct1_0.trang_thai=?) order by bdct1_0.ngay_dang desc
Hibernate: select count(bdct1_0.id) from bai_dang_cho_thue bdct1_0 where (? is null or bdct1_0.tinh_thanhpho like ? escape '') and (? is null or bdct1_0.phuong_xa like ? escape '') and (? is null or bdct1_0.gia_thang>=?) and (? is null or bdct1_0.gia_thang<=?) and (? is null or bdct1_0.dien_tich_m2>=?) and (? is null or bdct1_0.dien_tich_m2<=?) and (? is null or bdct1_0.trang_thai=?)
Hibernate: select u1_0.id,u1_0.avatar,u1_0.email,u1_0.fullname,u1_0.hash_password,u1_0.ngay_cap_nhat,u1_0.ngay_tao,u1_0.role,u1_0.so_dien_thoai from user u1_0 where u1_0.email=?
Hibernate: select bdct1_0.id,bdct1_0.dia_chi_day_du,bdct1_0.dien_tich_m2,bdct1_0.gia_thang,bdct1_0.kinh_do,bdct1_0.mo_ta,bdct1_0.ngay_cap_nhat,bdct1_0.ngay_co_the_vao_o,bdct1_0.ngay_dang,bdct1_0.id_nguoi_dang,bdct1_0.phuong_xa,bdct1_0.tieu_de,bdct1_0.tinh_thanhpho,bdct1_0.trang_thai,bdct1_0.vi_do from bai_dang_cho_thue bdct1_0 where (? is null or bdct1_0.tinh_thanhpho like ? escape '') and (? is null or bdct1_0.phuong_xa like ? escape '') and (? is null or bdct1_0.gia_thang>=?) and (? is null or bdct1_0.gia_thang<=?) and (? is null or bdct1_0.dien_tich_m2>=?) and (? is null or bdct1_0.dien_tich_m2<=?) and (? is null or bdct1_0.trang_thai=?) order by bdct1_0.ngay_dang desc
Hibernate: select count(bdct1_0.id) from bai_dang_cho_thue bdct1_0 where (? is null or bdct1_0.tinh_thanhpho like ? escape '') and (? is null or bdct1_0.phuong_xa like ? escape '') and (? is null or bdct1_0.gia_thang>=?) and (? is null or bdct1_0.gia_thang<=?) and (? is null or bdct1_0.dien_tich_m2>=?) and (? is null or bdct1_0.dien_tich_m2<=?) and (? is null or bdct1_0.trang_thai=?)
Hibernate: select u1_0.id,u1_0.avatar,u1_0.email,u1_0.fullname,u1_0.hash_password,u1_0.ngay_cap_nhat,u1_0.ngay_tao,u1_0.role,u1_0.so_dien_thoai from user u1_0 where u1_0.email=?
Hibernate: select bdct1_0.id,bdct1_0.dia_chi_day_du,bdct1_0.dien_tich_m2,bdct1_0.gia_thang,bdct1_0.kinh_do,bdct1_0.mo_ta,bdct1_0.ngay_cap_nhat,bdct1_0.ngay_co_the_vao_o,bdct1_0.ngay_dang,bdct1_0.id_nguoi_dang,bdct1_0.phuong_xa,bdct1_0.tieu_de,bdct1_0.tinh_thanhpho,bdct1_0.trang_thai,bdct1_0.vi_do from bai_dang_cho_thue bdct1_0 where (? is null or bdct1_0.tinh_thanhpho like ? escape '') and (? is null or bdct1_0.phuong_xa like ? escape '') and (? is null or bdct1_0.gia_thang>=?) and (? is null or bdct1_0.gia_thang<=?) and (? is null or bdct1_0.dien_tich_m2>=?) and (? is null or bdct1_0.dien_tich_m2<=?) and (? is null or bdct1_0.trang_thai=?) order by bdct1_0.ngay_dang desc
Hibernate: select count(bdct1_0.id) from bai_dang_cho_thue bdct1_0 where (? is null or bdct1_0.tinh_thanhpho like ? escape '') and (? is null or bdct1_0.phuong_xa like ? escape '') and (? is null or bdct1_0.gia_thang>=?) and (? is null or bdct1_0.gia_thang<=?) and (? is null or bdct1_0.dien_tich_m2>=?) and (? is null or bdct1_0.dien_tich_m2<=?) and (? is null or bdct1_0.trang_thai=?)
Hibernate: select u1_0.id,u1_0.avatar,u1_0.email,u1_0.fullname,u1_0.hash_password,u1_0.ngay_cap_nhat,u1_0.ngay_tao,u1_0.role,u1_0.so_dien_thoai from user u1_0 where u1_0.email=?
Hibernate: select bdct1_0.id,bdct1_0.dia_chi_day_du,bdct1_0.dien_tich_m2,bdct1_0.gia_thang,bdct1_0.kinh_do,bdct1_0.mo_ta,bdct1_0.ngay_cap_nhat,bdct1_0.ngay_co_the_vao_o,bdct1_0.ngay_dang,bdct1_0.id_nguoi_dang,bdct1_0.phuong_xa,bdct1_0.tieu_de,bdct1_0.tinh_thanhpho,bdct1_0.trang_thai,bdct1_0.vi_do from bai_dang_cho_thue bdct1_0 where (? is null or bdct1_0.tinh_thanhpho like ? escape '') and (? is null or bdct1_0.phuong_xa like ? escape '') and (? is null or bdct1_0.gia_thang>=?) and (? is null or bdct1_0.gia_thang<=?) and (? is null or bdct1_0.dien_tich_m2>=?) and (? is null or bdct1_0.dien_tich_m2<=?) and (? is null or bdct1_0.trang_thai=?) order by bdct1_0.ngay_dang desc
Hibernate: select count(bdct1_0.id) from bai_dang_cho_thue bdct1_0 where (? is null or bdct1_0.tinh_thanhpho like ? escape '') and (? is null or bdct1_0.phuong_xa like ? escape '') and (? is null or bdct1_0.gia_thang>=?) and (? is null or bdct1_0.gia_thang<=?) and (? is null or bdct1_0.dien_tich_m2>=?) and (? is null or bdct1_0.dien_tich_m2<=?) and (? is null or bdct1_0.trang_thai=?)
Hibernate: select u1_0.id,u1_0.avatar,u1_0.email,u1_0.fullname,u1_0.hash_password,u1_0.ngay_cap_nhat,u1_0.ngay_tao,u1_0.role,u1_0.so_dien_thoai from user u1_0 where u1_0.email=?
Hibernate: select bdct1_0.id,bdct1_0.dia_chi_day_du,bdct1_0.dien_tich_m2,bdct1_0.gia_thang,bdct1_0.kinh_do,bdct1_0.mo_ta,bdct1_0.ngay_cap_nhat,bdct1_0.ngay_co_the_vao_o,bdct1_0.ngay_dang,bdct1_0.id_nguoi_dang,bdct1_0.phuong_xa,bdct1_0.tieu_de,bdct1_0.tinh_thanhpho,bdct1_0.trang_thai,bdct1_0.vi_do from bai_dang_cho_thue bdct1_0 where (? is null or bdct1_0.tinh_thanhpho like ? escape '') and (? is null or bdct1_0.phuong_xa like ? escape '') and (? is null or bdct1_0.gia_thang>=?) and (? is null or bdct1_0.gia_thang<=?) and (? is null or bdct1_0.dien_tich_m2>=?) and (? is null or bdct1_0.dien_tich_m2<=?) and (? is null or bdct1_0.trang_thai=?) order by bdct1_0.ngay_dang desc
Hibernate: select count(bdct1_0.id) from bai_dang_cho_thue bdct1_0 where (? is null or bdct1_0.tinh_thanhpho like ? escape '') and (? is null or bdct1_0.phuong_xa like ? escape '') and (? is null or bdct1_0.gia_thang>=?) and (? is null or bdct1_0.gia_thang<=?) and (? is null or bdct1_0.dien_tich_m2>=?) and (? is null or bdct1_0.dien_tich_m2<=?) and (? is null or bdct1_0.trang_thai=?)
Hibernate: select u1_0.id,u1_0.avatar,u1_0.email,u1_0.fullname,u1_0.hash_password,u1_0.ngay_cap_nhat,u1_0.ngay_tao,u1_0.role,u1_0.so_dien_thoai from user u1_0 where u1_0.email=?
Hibernate: select bdct1_0.id,bdct1_0.dia_chi_day_du,bdct1_0.dien_tich_m2,bdct1_0.gia_thang,bdct1_0.kinh_do,bdct1_0.mo_ta,bdct1_0.ngay_cap_nhat,bdct1_0.ngay_co_the_vao_o,bdct1_0.ngay_dang,bdct1_0.id_nguoi_dang,bdct1_0.phuong_xa,bdct1_0.tieu_de,bdct1_0.tinh_thanhpho,bdct1_0.trang_thai,bdct1_0.vi_do from bai_dang_cho_thue bdct1_0 where (? is null or bdct1_0.tinh_thanhpho like ? escape '') and (? is null or bdct1_0.phuong_xa like ? escape '') and (? is null or bdct1_0.gia_thang>=?) and (? is null or bdct1_0.gia_thang<=?) and (? is null or bdct1_0.dien_tich_m2>=?) and (? is null or bdct1_0.dien_tich_m2<=?) and (? is null or bdct1_0.trang_thai=?) order by bdct1_0.ngay_dang desc
Hibernate: select count(bdct1_0.id) from bai_dang_cho_thue bdct1_0 where (? is null or bdct1_0.tinh_thanhpho like ? escape '') and (? is null or bdct1_0.phuong_xa like ? escape '') and (? is null or bdct1_0.gia_thang>=?) and (? is null or bdct1_0.gia_thang<=?) and (? is null or bdct1_0.dien_tich_m2>=?) and (? is null or bdct1_0.dien_tich_m2<=?) and (? is null or bdct1_0.trang_thai=?)
Hibernate: select u1_0.id,u1_0.avatar,u1_0.email,u1_0.fullname,u1_0.hash_password,u1_0.ngay_cap_nhat,u1_0.ngay_tao,u1_0.role,u1_0.so_dien_thoai from user u1_0 where u1_0.email=?
Hibernate: select bdct1_0.id,bdct1_0.dia_chi_day_du,bdct1_0.dien_tich_m2,bdct1_0.gia_thang,bdct1_0.kinh_do,bdct1_0.mo_ta,bdct1_0.ngay_cap_nhat,bdct1_0.ngay_co_the_vao_o,bdct1_0.ngay_dang,bdct1_0.id_nguoi_dang,bdct1_0.phuong_xa,bdct1_0.tieu_de,bdct1_0.tinh_thanhpho,bdct1_0.trang_thai,bdct1_0.vi_do from bai_dang_cho_thue bdct1_0 where (? is null or bdct1_0.tinh_thanhpho like ? escape '') and (? is null or bdct1_0.phuong_xa like ? escape '') and (? is null or bdct1_0.gia_thang>=?) and (? is null or bdct1_0.gia_thang<=?) and (? is null or bdct1_0.dien_tich_m2>=?) and (? is null or bdct1_0.dien_tich_m2<=?) and (? is null or bdct1_0.trang_thai=?) order by bdct1_0.ngay_dang desc
Hibernate: select count(bdct1_0.id) from bai_dang_cho_thue bdct1_0 where (? is null or bdct1_0.tinh_thanhpho like ? escape '') and (? is null or bdct1_0.phuong_xa like ? escape '') and (? is null or bdct1_0.gia_thang>=?) and (? is null or bdct1_0.gia_thang<=?) and (? is null or bdct1_0.dien_tich_m2>=?) and (? is null or bdct1_0.dien_tich_m2<=?) and (? is null or bdct1_0.trang_thai=?)
Hibernate: select u1_0.id,u1_0.avatar,u1_0.email,u1_0.fullname,u1_0.hash_password,u1_0.ngay_cap_nhat,u1_0.ngay_tao,u1_0.role,u1_0.so_dien_thoai from user u1_0 where u1_0.email=?
Hibernate: select bdct1_0.id,bdct1_0.dia_chi_day_du,bdct1_0.dien_tich_m2,bdct1_0.gia_thang,bdct1_0.kinh_do,bdct1_0.mo_ta,bdct1_0.ngay_cap_nhat,bdct1_0.ngay_co_the_vao_o,bdct1_0.ngay_dang,bdct1_0.id_nguoi_dang,bdct1_0.phuong_xa,bdct1_0.tieu_de,bdct1_0.tinh_thanhpho,bdct1_0.trang_thai,bdct1_0.vi_do from bai_dang_cho_thue bdct1_0 where (? is null or bdct1_0.tinh_thanhpho like ? escape '') and (? is null or bdct1_0.phuong_xa like ? escape '') and (? is null or bdct1_0.gia_thang>=?) and (? is null or bdct1_0.gia_thang<=?) and (? is null or bdct1_0.dien_tich_m2>=?) and (? is null or bdct1_0.dien_tich_m2<=?) and (? is null or bdct1_0.trang_thai=?) order by bdct1_0.ngay_dang desc
Hibernate: select count(bdct1_0.id) from bai_dang_cho_thue bdct1_0 where (? is null or bdct1_0.tinh_thanhpho like ? escape '') and (? is null or bdct1_0.phuong_xa like ? escape '') and (? is null or bdct1_0.gia_thang>=?) and (? is null or bdct1_0.gia_thang<=?) and (? is null or bdct1_0.dien_tich_m2>=?) and (? is null or bdct1_0.dien_tich_m2<=?) and (? is null or bdct1_0.trang_thai=?)
Hibernate: select u1_0.id,u1_0.avatar,u1_0.email,u1_0.fullname,u1_0.hash_password,u1_0.ngay_cap_nhat,u1_0.ngay_tao,u1_0.role,u1_0.so_dien_thoai from user u1_0 where u1_0.email=?
Hibernate: select bdct1_0.id,bdct1_0.dia_chi_day_du,bdct1_0.dien_tich_m2,bdct1_0.gia_thang,bdct1_0.kinh_do,bdct1_0.mo_ta,bdct1_0.ngay_cap_nhat,bdct1_0.ngay_co_the_vao_o,bdct1_0.ngay_dang,bdct1_0.id_nguoi_dang,bdct1_0.phuong_xa,bdct1_0.tieu_de,bdct1_0.tinh_thanhpho,bdct1_0.trang_thai,bdct1_0.vi_do from bai_dang_cho_thue bdct1_0 where (? is null or bdct1_0.tinh_thanhpho like ? escape '') and (? is null or bdct1_0.phuong_xa like ? escape '') and (? is null or bdct1_0.gia_thang>=?) and (? is null or bdct1_0.gia_thang<=?) and (? is null or bdct1_0.dien_tich_m2>=?) and (? is null or bdct1_0.dien_tich_m2<=?) and (? is null or bdct1_0.trang_thai=?) order by bdct1_0.ngay_dang desc
Hibernate: select count(bdct1_0.id) from bai_dang_cho_thue bdct1_0 where (? is null or bdct1_0.tinh_thanhpho like ? escape '') and (? is null or bdct1_0.phuong_xa like ? escape '') and (? is null or bdct1_0.gia_thang>=?) and (? is null or bdct1_0.gia_thang<=?) and (? is null or bdct1_0.dien_tich_m2>=?) and (? is null or bdct1_0.dien_tich_m2<=?) and (? is null or bdct1_0.trang_thai=?)
Hibernate: select u1_0.id,u1_0.avatar,u1_0.email,u1_0.fullname,u1_0.hash_password,u1_0.ngay_cap_nhat,u1_0.ngay_tao,u1_0.role,u1_0.so_dien_thoai from user u1_0 where u1_0.email=?
Hibernate: select bdct1_0.id,bdct1_0.dia_chi_day_du,bdct1_0.dien_tich_m2,bdct1_0.gia_thang,bdct1_0.kinh_do,bdct1_0.mo_ta,bdct1_0.ngay_cap_nhat,bdct1_0.ngay_co_the_vao_o,bdct1_0.ngay_dang,bdct1_0.id_nguoi_dang,bdct1_0.phuong_xa,bdct1_0.tieu_de,bdct1_0.tinh_thanhpho,bdct1_0.trang_thai,bdct1_0.vi_do from bai_dang_cho_thue bdct1_0 where (? is null or bdct1_0.tinh_thanhpho like ? escape '') and (? is null or bdct1_0.phuong_xa like ? escape '') and (? is null or bdct1_0.gia_thang>=?) and (? is null or bdct1_0.gia_thang<=?) and (? is null or bdct1_0.dien_tich_m2>=?) and (? is null or bdct1_0.dien_tich_m2<=?) and (? is null or bdct1_0.trang_thai=?) order by bdct1_0.ngay_dang desc
Hibernate: select count(bdct1_0.id) from bai_dang_cho_thue bdct1_0 where (? is null or bdct1_0.tinh_thanhpho like ? escape '') and (? is null or bdct1_0.phuong_xa like ? escape '') and (? is null or bdct1_0.gia_thang>=?) and (? is null or bdct1_0.gia_thang<=?) and (? is null or bdct1_0.dien_tich_m2>=?) and (? is null or bdct1_0.dien_tich_m2<=?) and (? is null or bdct1_0.trang_thai=?)
Hibernate: select u1_0.id,u1_0.avatar,u1_0.email,u1_0.fullname,u1_0.hash_password,u1_0.ngay_cap_nhat,u1_0.ngay_tao,u1_0.role,u1_0.so_dien_thoai from user u1_0 where u1_0.email=?
Hibernate: select bdct1_0.id,bdct1_0.dia_chi_day_du,bdct1_0.dien_tich_m2,bdct1_0.gia_thang,bdct1_0.kinh_do,bdct1_0.mo_ta,bdct1_0.ngay_cap_nhat,bdct1_0.ngay_co_the_vao_o,bdct1_0.ngay_dang,bdct1_0.id_nguoi_dang,bdct1_0.phuong_xa,bdct1_0.tieu_de,bdct1_0.tinh_thanhpho,bdct1_0.trang_thai,bdct1_0.vi_do from bai_dang_cho_thue bdct1_0 where (? is null or bdct1_0.tinh_thanhpho like ? escape '') and (? is null or bdct1_0.phuong_xa like ? escape '') and (? is null or bdct1_0.gia_thang>=?) and (? is null or bdct1_0.gia_thang<=?) and (? is null or bdct1_0.dien_tich_m2>=?) and (? is null or bdct1_0.dien_tich_m2<=?) and (? is null or bdct1_0.trang_thai=?) order by bdct1_0.ngay_dang desc
Hibernate: select count(bdct1_0.id) from bai_dang_cho_thue bdct1_0 where (? is null or bdct1_0.tinh_thanhpho like ? escape '') and (? is null or bdct1_0.phuong_xa like ? escape '') and (? is null or bdct1_0.gia_thang>=?) and (? is null or bdct1_0.gia_thang<=?) and (? is null or bdct1_0.dien_tich_m2>=?) and (? is null or bdct1_0.dien_tich_m2<=?) and (? is null or bdct1_0.trang_thai=?)
Hibernate: select u1_0.id,u1_0.avatar,u1_0.email,u1_0.fullname,u1_0.hash_password,u1_0.ngay_cap_nhat,u1_0.ngay_tao,u1_0.role,u1_0.so_dien_thoai from user u1_0 where u1_0.email=?
Hibernate: select bdct1_0.id,bdct1_0.dia_chi_day_du,bdct1_0.dien_tich_m2,bdct1_0.gia_thang,bdct1_0.kinh_do,bdct1_0.mo_ta,bdct1_0.ngay_cap_nhat,bdct1_0.ngay_co_the_vao_o,bdct1_0.ngay_dang,bdct1_0.id_nguoi_dang,bdct1_0.phuong_xa,bdct1_0.tieu_de,bdct1_0.tinh_thanhpho,bdct1_0.trang_thai,bdct1_0.vi_do from bai_dang_cho_thue bdct1_0 where (? is null or bdct1_0.tinh_thanhpho like ? escape '') and (? is null or bdct1_0.phuong_xa like ? escape '') and (? is null or bdct1_0.gia_thang>=?) and (? is null or bdct1_0.gia_thang<=?) and (? is null or bdct1_0.dien_tich_m2>=?) and (? is null or bdct1_0.dien_tich_m2<=?) and (? is null or bdct1_0.trang_thai=?) order by bdct1_0.ngay_dang desc
Hibernate: select count(bdct1_0.id) from bai_dang_cho_thue bdct1_0 where (? is null or bdct1_0.tinh_thanhpho like ? escape '') and (? is null or bdct1_0.phuong_xa like ? escape '') and (? is null or bdct1_0.gia_thang>=?) and (? is null or bdct1_0.gia_thang<=?) and (? is null or bdct1_0.dien_tich_m2>=?) and (? is null or bdct1_0.dien_tich_m2<=?) and (? is null or bdct1_0.trang_thai=?)
Hibernate: select u1_0.id,u1_0.avatar,u1_0.email,u1_0.fullname,u1_0.hash_password,u1_0.ngay_cap_nhat,u1_0.ngay_tao,u1_0.role,u1_0.so_dien_thoai from user u1_0 where u1_0.email=?
Hibernate: select bdct1_0.id,bdct1_0.dia_chi_day_du,bdct1_0.dien_tich_m2,bdct1_0.gia_thang,bdct1_0.kinh_do,bdct1_0.mo_ta,bdct1_0.ngay_cap_nhat,bdct1_0.ngay_co_the_vao_o,bdct1_0.ngay_dang,bdct1_0.id_nguoi_dang,bdct1_0.phuong_xa,bdct1_0.tieu_de,bdct1_0.tinh_thanhpho,bdct1_0.trang_thai,bdct1_0.vi_do from bai_dang_cho_thue bdct1_0 where (? is null or bdct1_0.tinh_thanhpho like ? escape '') and (? is null or bdct1_0.phuong_xa like ? escape '') and (? is null or bdct1_0.gia_thang>=?) and (? is null or bdct1_0.gia_thang<=?) and (? is null or bdct1_0.dien_tich_m2>=?) and (? is null or bdct1_0.dien_tich_m2<=?) and (? is null or bdct1_0.trang_thai=?) order by bdct1_0.ngay_dang desc
Hibernate: select count(bdct1_0.id) from bai_dang_cho_thue bdct1_0 where (? is null or bdct1_0.tinh_thanhpho like ? escape '') and (? is null or bdct1_0.phuong_xa like ? escape '') and (? is null or bdct1_0.gia_thang>=?) and (? is null or bdct1_0.gia_thang<=?) and (? is null or bdct1_0.dien_tich_m2>=?) and (? is null or bdct1_0.dien_tich_m2<=?) and (? is null or bdct1_0.trang_thai=?)
Hibernate: select u1_0.id,u1_0.avatar,u1_0.email,u1_0.fullname,u1_0.hash_password,u1_0.ngay_cap_nhat,u1_0.ngay_tao,u1_0.role,u1_0.so_dien_thoai from user u1_0 where u1_0.email=?
Hibernate: select bdct1_0.id,bdct1_0.dia_chi_day_du,bdct1_0.dien_tich_m2,bdct1_0.gia_thang,bdct1_0.kinh_do,bdct1_0.mo_ta,bdct1_0.ngay_cap_nhat,bdct1_0.ngay_co_the_vao_o,bdct1_0.ngay_dang,bdct1_0.id_nguoi_dang,bdct1_0.phuong_xa,bdct1_0.tieu_de,bdct1_0.tinh_thanhpho,bdct1_0.trang_thai,bdct1_0.vi_do from bai_dang_cho_thue bdct1_0 where (? is null or bdct1_0.tinh_thanhpho like ? escape '') and (? is null or bdct1_0.phuong_xa like ? escape '') and (? is null or bdct1_0.gia_thang>=?) and (? is null or bdct1_0.gia_thang<=?) and (? is null or bdct1_0.dien_tich_m2>=?) and (? is null or bdct1_0.dien_tich_m2<=?) and (? is null or bdct1_0.trang_thai=?) order by bdct1_0.ngay_dang desc
Hibernate: select count(bdct1_0.id) from bai_dang_cho_thue bdct1_0 where (? is null or bdct1_0.tinh_thanhpho like ? escape '') and (? is null or bdct1_0.phuong_xa like ? escape '') and (? is null or bdct1_0.gia_thang>=?) and (? is null or bdct1_0.gia_thang<=?) and (? is null or bdct1_0.dien_tich_m2>=?) and (? is null or bdct1_0.dien_tich_m2<=?) and (? is null or bdct1_0.trang_thai=?)
Hibernate: select u1_0.id,u1_0.avatar,u1_0.email,u1_0.fullname,u1_0.hash_password,u1_0.ngay_cap_nhat,u1_0.ngay_tao,u1_0.role,u1_0.so_dien_thoai from user u1_0 where u1_0.email=?
Hibernate: select bdct1_0.id,bdct1_0.dia_chi_day_du,bdct1_0.dien_tich_m2,bdct1_0.gia_thang,bdct1_0.kinh_do,bdct1_0.mo_ta,bdct1_0.ngay_cap_nhat,bdct1_0.ngay_co_the_vao_o,bdct1_0.ngay_dang,bdct1_0.id_nguoi_dang,bdct1_0.phuong_xa,bdct1_0.tieu_de,bdct1_0.tinh_thanhpho,bdct1_0.trang_thai,bdct1_0.vi_do from bai_dang_cho_thue bdct1_0 where (? is null or bdct1_0.tinh_thanhpho like ? escape '') and (? is null or bdct1_0.phuong_xa like ? escape '') and (? is null or bdct1_0.gia_thang>=?) and (? is null or bdct1_0.gia_thang<=?) and (? is null or bdct1_0.dien_tich_m2>=?) and (? is null or bdct1_0.dien_tich_m2<=?) and (? is null or bdct1_0.trang_thai=?) order by bdct1_0.ngay_dang desc
Hibernate: select count(bdct1_0.id) from bai_dang_cho_thue bdct1_0 where (? is null or bdct1_0.tinh_thanhpho like ? escape '') and (? is null or bdct1_0.phuong_xa like ? escape '') and (? is null or bdct1_0.gia_thang>=?) and (? is null or bdct1_0.gia_thang<=?) and (? is null or bdct1_0.dien_tich_m2>=?) and (? is null or bdct1_0.dien_tich_m2<=?) and (? is null or bdct1_0.trang_thai=?)
Hibernate: select u1_0.id,u1_0.avatar,u1_0.email,u1_0.fullname,u1_0.hash_password,u1_0.ngay_cap_nhat,u1_0.ngay_tao,u1_0.role,u1_0.so_dien_thoai from user u1_0 where u1_0.email=?
Hibernate: select bdct1_0.id,bdct1_0.dia_chi_day_du,bdct1_0.dien_tich_m2,bdct1_0.gia_thang,bdct1_0.kinh_do,bdct1_0.mo_ta,bdct1_0.ngay_cap_nhat,bdct1_0.ngay_co_the_vao_o,bdct1_0.ngay_dang,bdct1_0.id_nguoi_dang,bdct1_0.phuong_xa,bdct1_0.tieu_de,bdct1_0.tinh_thanhpho,bdct1_0.trang_thai,bdct1_0.vi_do from bai_dang_cho_thue bdct1_0 where (? is null or bdct1_0.tinh_thanhpho like ? escape '') and (? is null or bdct1_0.phuong_xa like ? escape '') and (? is null or bdct1_0.gia_thang>=?) and (? is null or bdct1_0.gia_thang<=?) and (? is null or bdct1_0.dien_tich_m2>=?) and (? is null or bdct1_0.dien_tich_m2<=?) and (? is null or bdct1_0.trang_thai=?) order by bdct1_0.ngay_dang desc
Hibernate: select count(bdct1_0.id) from bai_dang_cho_thue bdct1_0 where (? is null or bdct1_0.tinh_thanhpho like ? escape '') and (? is null or bdct1_0.phuong_xa like ? escape '') and (? is null or bdct1_0.gia_thang>=?) and (? is null or bdct1_0.gia_thang<=?) and (? is null or bdct1_0.dien_tich_m2>=?) and (? is null or bdct1_0.dien_tich_m2<=?) and (? is null or bdct1_0.trang_thai=?)
Hibernate: select u1_0.id,u1_0.avatar,u1_0.email,u1_0.fullname,u1_0.hash_password,u1_0.ngay_cap_nhat,u1_0.ngay_tao,u1_0.role,u1_0.so_dien_thoai from user u1_0 where u1_0.email=?
Hibernate: select bdct1_0.id,bdct1_0.dia_chi_day_du,bdct1_0.dien_tich_m2,bdct1_0.gia_thang,bdct1_0.kinh_do,bdct1_0.mo_ta,bdct1_0.ngay_cap_nhat,bdct1_0.ngay_co_the_vao_o,bdct1_0.ngay_dang,bdct1_0.id_nguoi_dang,bdct1_0.phuong_xa,bdct1_0.tieu_de,bdct1_0.tinh_thanhpho,bdct1_0.trang_thai,bdct1_0.vi_do from bai_dang_cho_thue bdct1_0 where (? is null or bdct1_0.tinh_thanhpho like ? escape '') and (? is null or bdct1_0.phuong_xa like ? escape '') and (? is null or bdct1_0.gia_thang>=?) and (? is null or bdct1_0.gia_thang<=?) and (? is null or bdct1_0.dien_tich_m2>=?) and (? is null or bdct1_0.dien_tich_m2<=?) and (? is null or bdct1_0.trang_thai=?) order by bdct1_0.ngay_dang desc
Hibernate: select count(bdct1_0.id) from bai_dang_cho_thue bdct1_0 where (? is null or bdct1_0.tinh_thanhpho like ? escape '') and (? is null or bdct1_0.phuong_xa like ? escape '') and (? is null or bdct1_0.gia_thang>=?) and (? is null or bdct1_0.gia_thang<=?) and (? is null or bdct1_0.dien_tich_m2>=?) and (? is null or bdct1_0.dien_tich_m2<=?) and (? is null or bdct1_0.trang_thai=?)
Hibernate: select u1_0.id,u1_0.avatar,u1_0.email,u1_0.fullname,u1_0.hash_password,u1_0.ngay_cap_nhat,u1_0.ngay_tao,u1_0.role,u1_0.so_dien_thoai from user u1_0 where u1_0.email=?
Hibernate: select bdct1_0.id,bdct1_0.dia_chi_day_du,bdct1_0.dien_tich_m2,bdct1_0.gia_thang,bdct1_0.kinh_do,bdct1_0.mo_ta,bdct1_0.ngay_cap_nhat,bdct1_0.ngay_co_the_vao_o,bdct1_0.ngay_dang,bdct1_0.id_nguoi_dang,bdct1_0.phuong_xa,bdct1_0.tieu_de,bdct1_0.tinh_thanhpho,bdct1_0.trang_thai,bdct1_0.vi_do from bai_dang_cho_thue bdct1_0 where (? is null or bdct1_0.tinh_thanhpho like ? escape '') and (? is null or bdct1_0.phuong_xa like ? escape '') and (? is null or bdct1_0.gia_thang>=?) and (? is null or bdct1_0.gia_thang<=?) and (? is null or bdct1_0.dien_tich_m2>=?) and (? is null or bdct1_0.dien_tich_m2<=?) and (? is null or bdct1_0.trang_thai=?) order by bdct1_0.ngay_dang desc
Hibernate: select count(bdct1_0.id) from bai_dang_cho_thue bdct1_0 where (? is null or bdct1_0.tinh_thanhpho like ? escape '') and (? is null or bdct1_0.phuong_xa like ? escape '') and (? is null or bdct1_0.gia_thang>=?) and (? is null or bdct1_0.gia_thang<=?) and (? is null or bdct1_0.dien_tich_m2>=?) and (? is null or bdct1_0.dien_tich_m2<=?) and (? is null or bdct1_0.trang_thai=?)
Hibernate: select u1_0.id,u1_0.avatar,u1_0.email,u1_0.fullname,u1_0.hash_password,u1_0.ngay_cap_nhat,u1_0.ngay_tao,u1_0.role,u1_0.so_dien_thoai from user u1_0 where u1_0.email=?
Hibernate: select bdct1_0.id,bdct1_0.dia_chi_day_du,bdct1_0.dien_tich_m2,bdct1_0.gia_thang,bdct1_0.kinh_do,bdct1_0.mo_ta,bdct1_0.ngay_cap_nhat,bdct1_0.ngay_co_the_vao_o,bdct1_0.ngay_dang,bdct1_0.id_nguoi_dang,bdct1_0.phuong_xa,bdct1_0.tieu_de,bdct1_0.tinh_thanhpho,bdct1_0.trang_thai,bdct1_0.vi_do from bai_dang_cho_thue bdct1_0 where (? is null or bdct1_0.tinh_thanhpho like ? escape '') and (? is null or bdct1_0.phuong_xa like ? escape '') and (? is null or bdct1_0.gia_thang>=?) and (? is null or bdct1_0.gia_thang<=?) and (? is null or bdct1_0.dien_tich_m2>=?) and (? is null or bdct1_0.dien_tich_m2<=?) and (? is null or bdct1_0.trang_thai=?) order by bdct1_0.ngay_dang desc
Hibernate: select count(bdct1_0.id) from bai_dang_cho_thue bdct1_0 where (? is null or bdct1_0.tinh_thanhpho like ? escape '') and (? is null or bdct1_0.phuong_xa like ? escape '') and (? is null or bdct1_0.gia_thang>=?) and (? is null or bdct1_0.gia_thang<=?) and (? is null or bdct1_0.dien_tich_m2>=?) and (? is null or bdct1_0.dien_tich_m2<=?) and (? is null or bdct1_0.trang_thai=?)
Hibernate: select u1_0.id,u1_0.avatar,u1_0.email,u1_0.fullname,u1_0.hash_password,u1_0.ngay_cap_nhat,u1_0.ngay_tao,u1_0.role,u1_0.so_dien_thoai from user u1_0 where u1_0.email=?
Hibernate: select bdct1_0.id,bdct1_0.dia_chi_day_du,bdct1_0.dien_tich_m2,bdct1_0.gia_thang,bdct1_0.kinh_do,bdct1_0.mo_ta,bdct1_0.ngay_cap_nhat,bdct1_0.ngay_co_the_vao_o,bdct1_0.ngay_dang,bdct1_0.id_nguoi_dang,bdct1_0.phuong_xa,bdct1_0.tieu_de,bdct1_0.tinh_thanhpho,bdct1_0.trang_thai,bdct1_0.vi_do from bai_dang_cho_thue bdct1_0 where (? is null or bdct1_0.tinh_thanhpho like ? escape '') and (? is null or bdct1_0.phuong_xa like ? escape '') and (? is null or bdct1_0.gia_thang>=?) and (? is null or bdct1_0.gia_thang<=?) and (? is null or bdct1_0.dien_tich_m2>=?) and (? is null or bdct1_0.dien_tich_m2<=?) and (? is null or bdct1_0.trang_thai=?) order by bdct1_0.ngay_dang desc
Hibernate: select count(bdct1_0.id) from bai_dang_cho_thue bdct1_0 where (? is null or bdct1_0.tinh_thanhpho like ? escape '') and (? is null or bdct1_0.phuong_xa like ? escape '') and (? is null or bdct1_0.gia_thang>=?) and (? is null or bdct1_0.gia_thang<=?) and (? is null or bdct1_0.dien_tich_m2>=?) and (? is null or bdct1_0.dien_tich_m2<=?) and (? is null or bdct1_0.trang_thai=?)
Hibernate: select u1_0.id,u1_0.avatar,u1_0.email,u1_0.fullname,u1_0.hash_password,u1_0.ngay_cap_nhat,u1_0.ngay_tao,u1_0.role,u1_0.so_dien_thoai from user u1_0 where u1_0.email=?
Hibernate: select bdct1_0.id,bdct1_0.dia_chi_day_du,bdct1_0.dien_tich_m2,bdct1_0.gia_thang,bdct1_0.kinh_do,bdct1_0.mo_ta,bdct1_0.ngay_cap_nhat,bdct1_0.ngay_co_the_vao_o,bdct1_0.ngay_dang,bdct1_0.id_nguoi_dang,bdct1_0.phuong_xa,bdct1_0.tieu_de,bdct1_0.tinh_thanhpho,bdct1_0.trang_thai,bdct1_0.vi_do from bai_dang_cho_thue bdct1_0 where (? is null or bdct1_0.tinh_thanhpho like ? escape '') and (? is null or bdct1_0.phuong_xa like ? escape '') and (? is null or bdct1_0.gia_thang>=?) and (? is null or bdct1_0.gia_thang<=?) and (? is null or bdct1_0.dien_tich_m2>=?) and (? is null or bdct1_0.dien_tich_m2<=?) and (? is null or bdct1_0.trang_thai=?) order by bdct1_0.ngay_dang desc
Hibernate: select count(bdct1_0.id) from bai_dang_cho_thue bdct1_0 where (? is null or bdct1_0.tinh_thanhpho like ? escape '') and (? is null or bdct1_0.phuong_xa like ? escape '') and (? is null or bdct1_0.gia_thang>=?) and (? is null or bdct1_0.gia_thang<=?) and (? is null or bdct1_0.dien_tich_m2>=?) and (? is null or bdct1_0.dien_tich_m2<=?) and (? is null or bdct1_0.trang_thai=?)
Hibernate: select u1_0.id,u1_0.avatar,u1_0.email,u1_0.fullname,u1_0.hash_password,u1_0.ngay_cap_nhat,u1_0.ngay_tao,u1_0.role,u1_0.so_dien_thoai from user u1_0 where u1_0.email=?
Hibernate: select bdct1_0.id,bdct1_0.dia_chi_day_du,bdct1_0.dien_tich_m2,bdct1_0.gia_thang,bdct1_0.kinh_do,bdct1_0.mo_ta,bdct1_0.ngay_cap_nhat,bdct1_0.ngay_co_the_vao_o,bdct1_0.ngay_dang,bdct1_0.id_nguoi_dang,bdct1_0.phuong_xa,bdct1_0.tieu_de,bdct1_0.tinh_thanhpho,bdct1_0.trang_thai,bdct1_0.vi_do from bai_dang_cho_thue bdct1_0 where (? is null or bdct1_0.tinh_thanhpho like ? escape '') and (? is null or bdct1_0.phuong_xa like ? escape '') and (? is null or bdct1_0.gia_thang>=?) and (? is null or bdct1_0.gia_thang<=?) and (? is null or bdct1_0.dien_tich_m2>=?) and (? is null or bdct1_0.dien_tich_m2<=?) and (? is null or bdct1_0.trang_thai=?) order by bdct1_0.ngay_dang desc
Hibernate: select count(bdct1_0.id) from bai_dang_cho_thue bdct1_0 where (? is null or bdct1_0.tinh_thanhpho like ? escape '') and (? is null or bdct1_0.phuong_xa like ? escape '') and (? is null or bdct1_0.gia_thang>=?) and (? is null or bdct1_0.gia_thang<=?) and (? is null or bdct1_0.dien_tich_m2>=?) and (? is null or bdct1_0.dien_tich_m2<=?) and (? is null or bdct1_0.trang_thai=?)
Hibernate: select u1_0.id,u1_0.avatar,u1_0.email,u1_0.fullname,u1_0.hash_password,u1_0.ngay_cap_nhat,u1_0.ngay_tao,u1_0.role,u1_0.so_dien_thoai from user u1_0 where u1_0.email=?
Hibernate: select bdct1_0.id,bdct1_0.dia_chi_day_du,bdct1_0.dien_tich_m2,bdct1_0.gia_thang,bdct1_0.kinh_do,bdct1_0.mo_ta,bdct1_0.ngay_cap_nhat,bdct1_0.ngay_co_the_vao_o,bdct1_0.ngay_dang,bdct1_0.id_nguoi_dang,bdct1_0.phuong_xa,bdct1_0.tieu_de,bdct1_0.tinh_thanhpho,bdct1_0.trang_thai,bdct1_0.vi_do from bai_dang_cho_thue bdct1_0 where (? is null or bdct1_0.tinh_thanhpho like ? escape '') and (? is null or bdct1_0.phuong_xa like ? escape '') and (? is null or bdct1_0.gia_thang>=?) and (? is null or bdct1_0.gia_thang<=?) and (? is null or bdct1_0.dien_tich_m2>=?) and (? is null or bdct1_0.dien_tich_m2<=?) and (? is null or bdct1_0.trang_thai=?) order by bdct1_0.ngay_dang desc
Hibernate: select count(bdct1_0.id) from bai_dang_cho_thue bdct1_0 where (? is null or bdct1_0.tinh_thanhpho like ? escape '') and (? is null or bdct1_0.phuong_xa like ? escape '') and (? is null or bdct1_0.gia_thang>=?) and (? is null or bdct1_0.gia_thang<=?) and (? is null or bdct1_0.dien_tich_m2>=?) and (? is null or bdct1_0.dien_tich_m2<=?) and (? is null or bdct1_0.trang_thai=?)
Hibernate: select u1_0.id,u1_0.avatar,u1_0.email,u1_0.fullname,u1_0.hash_password,u1_0.ngay_cap_nhat,u1_0.ngay_tao,u1_0.role,u1_0.so_dien_thoai from user u1_0 where u1_0.email=?
Hibernate: select bdct1_0.id,bdct1_0.dia_chi_day_du,bdct1_0.dien_tich_m2,bdct1_0.gia_thang,bdct1_0.kinh_do,bdct1_0.mo_ta,bdct1_0.ngay_cap_nhat,bdct1_0.ngay_co_the_vao_o,bdct1_0.ngay_dang,bdct1_0.id_nguoi_dang,bdct1_0.phuong_xa,bdct1_0.tieu_de,bdct1_0.tinh_thanhpho,bdct1_0.trang_thai,bdct1_0.vi_do from bai_dang_cho_thue bdct1_0 where (? is null or bdct1_0.tinh_thanhpho like ? escape '') and (? is null or bdct1_0.phuong_xa like ? escape '') and (? is null or bdct1_0.gia_thang>=?) and (? is null or bdct1_0.gia_thang<=?) and (? is null or bdct1_0.dien_tich_m2>=?) and (? is null or bdct1_0.dien_tich_m2<=?) and (? is null or bdct1_0.trang_thai=?) order by bdct1_0.ngay_dang desc
Hibernate: select count(bdct1_0.id) from bai_dang_cho_thue bdct1_0 where (? is null or bdct1_0.tinh_thanhpho like ? escape '') and (? is null or bdct1_0.phuong_xa like ? escape '') and (? is null or bdct1_0.gia_thang>=?) and (? is null or bdct1_0.gia_thang<=?) and (? is null or bdct1_0.dien_tich_m2>=?) and (? is null or bdct1_0.dien_tich_m2<=?) and (? is null or bdct1_0.trang_thai=?)
Hibernate: select u1_0.id,u1_0.avatar,u1_0.email,u1_0.fullname,u1_0.hash_password,u1_0.ngay_cap_nhat,u1_0.ngay_tao,u1_0.role,u1_0.so_dien_thoai from user u1_0 where u1_0.email=?
Hibernate: select bdct1_0.id,bdct1_0.dia_chi_day_du,bdct1_0.dien_tich_m2,bdct1_0.gia_thang,bdct1_0.kinh_do,bdct1_0.mo_ta,bdct1_0.ngay_cap_nhat,bdct1_0.ngay_co_the_vao_o,bdct1_0.ngay_dang,bdct1_0.id_nguoi_dang,bdct1_0.phuong_xa,bdct1_0.tieu_de,bdct1_0.tinh_thanhpho,bdct1_0.trang_thai,bdct1_0.vi_do from bai_dang_cho_thue bdct1_0 where (? is null or bdct1_0.tinh_thanhpho like ? escape '') and (? is null or bdct1_0.phuong_xa like ? escape '') and (? is null or bdct1_0.gia_thang>=?) and (? is null or bdct1_0.gia_thang<=?) and (? is null or bdct1_0.dien_tich_m2>=?) and (? is null or bdct1_0.dien_tich_m2<=?) and (? is null or bdct1_0.trang_thai=?) order by bdct1_0.ngay_dang desc
Hibernate: select count(bdct1_0.id) from bai_dang_cho_thue bdct1_0 where (? is null or bdct1_0.tinh_thanhpho like ? escape '') and (? is null or bdct1_0.phuong_xa like ? escape '') and (? is null or bdct1_0.gia_thang>=?) and (? is null or bdct1_0.gia_thang<=?) and (? is null or bdct1_0.dien_tich_m2>=?) and (? is null or bdct1_0.dien_tich_m2<=?) and (? is null or bdct1_0.trang_thai=?)
Hibernate: select u1_0.id,u1_0.avatar,u1_0.email,u1_0.fullname,u1_0.hash_password,u1_0.ngay_cap_nhat,u1_0.ngay_tao,u1_0.role,u1_0.so_dien_thoai from user u1_0 where u1_0.email=?
Hibernate: select bdct1_0.id,bdct1_0.dia_chi_day_du,bdct1_0.dien_tich_m2,bdct1_0.gia_thang,bdct1_0.kinh_do,bdct1_0.mo_ta,bdct1_0.ngay_cap_nhat,bdct1_0.ngay_co_the_vao_o,bdct1_0.ngay_dang,bdct1_0.id_nguoi_dang,bdct1_0.phuong_xa,bdct1_0.tieu_de,bdct1_0.tinh_thanhpho,bdct1_0.trang_thai,bdct1_0.vi_do from bai_dang_cho_thue bdct1_0 where (? is null or bdct1_0.tinh_thanhpho like ? escape '') and (? is null or bdct1_0.phuong_xa like ? escape '') and (? is null or bdct1_0.gia_thang>=?) and (? is null or bdct1_0.gia_thang<=?) and (? is null or bdct1_0.dien_tich_m2>=?) and (? is null or bdct1_0.dien_tich_m2<=?) and (? is null or bdct1_0.trang_thai=?) order by bdct1_0.ngay_dang desc
Hibernate: select count(bdct1_0.id) from bai_dang_cho_thue bdct1_0 where (? is null or bdct1_0.tinh_thanhpho like ? escape '') and (? is null or bdct1_0.phuong_xa like ? escape '') and (? is null or bdct1_0.gia_thang>=?) and (? is null or bdct1_0.gia_thang<=?) and (? is null or bdct1_0.dien_tich_m2>=?) and (? is null or bdct1_0.dien_tich_m2<=?) and (? is null or bdct1_0.trang_thai=?)
Hibernate: select u1_0.id,u1_0.avatar,u1_0.email,u1_0.fullname,u1_0.hash_password,u1_0.ngay_cap_nhat,u1_0.ngay_tao,u1_0.role,u1_0.so_dien_thoai from user u1_0 where u1_0.email=?
Hibernate: select bdct1_0.id,bdct1_0.dia_chi_day_du,bdct1_0.dien_tich_m2,bdct1_0.gia_thang,bdct1_0.kinh_do,bdct1_0.mo_ta,bdct1_0.ngay_cap_nhat,bdct1_0.ngay_co_the_vao_o,bdct1_0.ngay_dang,bdct1_0.id_nguoi_dang,bdct1_0.phuong_xa,bdct1_0.tieu_de,bdct1_0.tinh_thanhpho,bdct1_0.trang_thai,bdct1_0.vi_do from bai_dang_cho_thue bdct1_0 where (? is null or bdct1_0.tinh_thanhpho like ? escape '') and (? is null or bdct1_0.phuong_xa like ? escape '') and (? is null or bdct1_0.gia_thang>=?) and (? is null or bdct1_0.gia_thang<=?) and (? is null or bdct1_0.dien_tich_m2>=?) and (? is null or bdct1_0.dien_tich_m2<=?) and (? is null or bdct1_0.trang_thai=?) order by bdct1_0.ngay_dang desc
Hibernate: select count(bdct1_0.id) from bai_dang_cho_thue bdct1_0 where (? is null or bdct1_0.tinh_thanhpho like ? escape '') and (? is null or bdct1_0.phuong_xa like ? escape '') and (? is null or bdct1_0.gia_thang>=?) and (? is null or bdct1_0.gia_thang<=?) and (? is null or bdct1_0.dien_tich_m2>=?) and (? is null or bdct1_0.dien_tich_m2<=?) and (? is null or bdct1_0.trang_thai=?)
Hibernate: select u1_0.id,u1_0.avatar,u1_0.email,u1_0.fullname,u1_0.hash_password,u1_0.ngay_cap_nhat,u1_0.ngay_tao,u1_0.role,u1_0.so_dien_thoai from user u1_0 where u1_0.email=?
Hibernate: select bdct1_0.id,bdct1_0.dia_chi_day_du,bdct1_0.dien_tich_m2,bdct1_0.gia_thang,bdct1_0.kinh_do,bdct1_0.mo_ta,bdct1_0.ngay_cap_nhat,bdct1_0.ngay_co_the_vao_o,bdct1_0.ngay_dang,bdct1_0.id_nguoi_dang,bdct1_0.phuong_xa,bdct1_0.tieu_de,bdct1_0.tinh_thanhpho,bdct1_0.trang_thai,bdct1_0.vi_do from bai_dang_cho_thue bdct1_0 where (? is null or bdct1_0.tinh_thanhpho like ? escape '') and (? is null or bdct1_0.phuong_xa like ? escape '') and (? is null or bdct1_0.gia_thang>=?) and (? is null or bdct1_0.gia_thang<=?) and (? is null or bdct1_0.dien_tich_m2>=?) and (? is null or bdct1_0.dien_tich_m2<=?) and (? is null or bdct1_0.trang_thai=?) order by bdct1_0.ngay_dang desc
Hibernate: select count(bdct1_0.id) from bai_dang_cho_thue bdct1_0 where (? is null or bdct1_0.tinh_thanhpho like ? escape '') and (? is null or bdct1_0.phuong_xa like ? escape '') and (? is null or bdct1_0.gia_thang>=?) and (? is null or bdct1_0.gia_thang<=?) and (? is null or bdct1_0.dien_tich_m2>=?) and (? is null or bdct1_0.dien_tich_m2<=?) and (? is null or bdct1_0.trang_thai=?)
Hibernate: select u1_0.id,u1_0.avatar,u1_0.email,u1_0.fullname,u1_0.hash_password,u1_0.ngay_cap_nhat,u1_0.ngay_tao,u1_0.role,u1_0.so_dien_thoai from user u1_0 where u1_0.email=?
Hibernate: select bdct1_0.id,bdct1_0.dia_chi_day_du,bdct1_0.dien_tich_m2,bdct1_0.gia_thang,bdct1_0.kinh_do,bdct1_0.mo_ta,bdct1_0.ngay_cap_nhat,bdct1_0.ngay_co_the_vao_o,bdct1_0.ngay_dang,bdct1_0.id_nguoi_dang,bdct1_0.phuong_xa,bdct1_0.tieu_de,bdct1_0.tinh_thanhpho,bdct1_0.trang_thai,bdct1_0.vi_do from bai_dang_cho_thue bdct1_0 where (? is null or bdct1_0.tinh_thanhpho like ? escape '') and (? is null or bdct1_0.phuong_xa like ? escape '') and (? is null or bdct1_0.gia_thang>=?) and (? is null or bdct1_0.gia_thang<=?) and (? is null or bdct1_0.dien_tich_m2>=?) and (? is null or bdct1_0.dien_tich_m2<=?) and (? is null or bdct1_0.trang_thai=?) order by bdct1_0.ngay_dang desc
Hibernate: select count(bdct1_0.id) from bai_dang_cho_thue bdct1_0 where (? is null or bdct1_0.tinh_thanhpho like ? escape '') and (? is null or bdct1_0.phuong_xa like ? escape '') and (? is null or bdct1_0.gia_thang>=?) and (? is null or bdct1_0.gia_thang<=?) and (? is null or bdct1_0.dien_tich_m2>=?) and (? is null or bdct1_0.dien_tich_m2<=?) and (? is null or bdct1_0.trang_thai=?)
Hibernate: select u1_0.id,u1_0.avatar,u1_0.email,u1_0.fullname,u1_0.hash_password,u1_0.ngay_cap_nhat,u1_0.ngay_tao,u1_0.role,u1_0.so_dien_thoai from user u1_0 where u1_0.email=?
Hibernate: select bdct1_0.id,bdct1_0.dia_chi_day_du,bdct1_0.dien_tich_m2,bdct1_0.gia_thang,bdct1_0.kinh_do,bdct1_0.mo_ta,bdct1_0.ngay_cap_nhat,bdct1_0.ngay_co_the_vao_o,bdct1_0.ngay_dang,bdct1_0.id_nguoi_dang,bdct1_0.phuong_xa,bdct1_0.tieu_de,bdct1_0.tinh_thanhpho,bdct1_0.trang_thai,bdct1_0.vi_do from bai_dang_cho_thue bdct1_0 where (? is null or bdct1_0.tinh_thanhpho like ? escape '') and (? is null or bdct1_0.phuong_xa like ? escape '') and (? is null or bdct1_0.gia_thang>=?) and (? is null or bdct1_0.gia_thang<=?) and (? is null or bdct1_0.dien_tich_m2>=?) and (? is null or bdct1_0.dien_tich_m2<=?) and (? is null or bdct1_0.trang_thai=?) order by bdct1_0.ngay_dang desc
Hibernate: select count(bdct1_0.id) from bai_dang_cho_thue bdct1_0 where (? is null or bdct1_0.tinh_thanhpho like ? escape '') and (? is null or bdct1_0.phuong_xa like ? escape '') and (? is null or bdct1_0.gia_thang>=?) and (? is null or bdct1_0.gia_thang<=?) and (? is null or bdct1_0.dien_tich_m2>=?) and (? is null or bdct1_0.dien_tich_m2<=?) and (? is null or bdct1_0.trang_thai=?)
Hibernate: select u1_0.id,u1_0.avatar,u1_0.email,u1_0.fullname,u1_0.hash_password,u1_0.ngay_cap_nhat,u1_0.ngay_tao,u1_0.role,u1_0.so_dien_thoai from user u1_0 where u1_0.email=?
Hibernate: select bdct1_0.id,bdct1_0.dia_chi_day_du,bdct1_0.dien_tich_m2,bdct1_0.gia_thang,bdct1_0.kinh_do,bdct1_0.mo_ta,bdct1_0.ngay_cap_nhat,bdct1_0.ngay_co_the_vao_o,bdct1_0.ngay_dang,bdct1_0.id_nguoi_dang,bdct1_0.phuong_xa,bdct1_0.tieu_de,bdct1_0.tinh_thanhpho,bdct1_0.trang_thai,bdct1_0.vi_do from bai_dang_cho_thue bdct1_0 where (? is null or bdct1_0.tinh_thanhpho like ? escape '') and (? is null or bdct1_0.phuong_xa like ? escape '') and (? is null or bdct1_0.gia_thang>=?) and (? is null or bdct1_0.gia_thang<=?) and (? is null or bdct1_0.dien_tich_m2>=?) and (? is null or bdct1_0.dien_tich_m2<=?) and (? is null or bdct1_0.trang_thai=?) order by bdct1_0.ngay_dang desc
Hibernate: select count(bdct1_0.id) from bai_dang_cho_thue bdct1_0 where (? is null or bdct1_0.tinh_thanhpho like ? escape '') and (? is null or bdct1_0.phuong_xa like ? escape '') and (? is null or bdct1_0.gia_thang>=?) and (? is null or bdct1_0.gia_thang<=?) and (? is null or bdct1_0.dien_tich_m2>=?) and (? is null or bdct1_0.dien_tich_m2<=?) and (? is null or bdct1_0.trang_thai=?)
Hibernate: select u1_0.id,u1_0.avatar,u1_0.email,u1_0.fullname,u1_0.hash_password,u1_0.ngay_cap_nhat,u1_0.ngay_tao,u1_0.role,u1_0.so_dien_thoai from user u1_0 where u1_0.email=?
Hibernate: select bdct1_0.id,bdct1_0.dia_chi_day_du,bdct1_0.dien_tich_m2,bdct1_0.gia_thang,bdct1_0.kinh_do,bdct1_0.mo_ta,bdct1_0.ngay_cap_nhat,bdct1_0.ngay_co_the_vao_o,bdct1_0.ngay_dang,bdct1_0.id_nguoi_dang,bdct1_0.phuong_xa,bdct1_0.tieu_de,bdct1_0.tinh_thanhpho,bdct1_0.trang_thai,bdct1_0.vi_do from bai_dang_cho_thue bdct1_0 where (? is null or bdct1_0.tinh_thanhpho like ? escape '') and (? is null or bdct1_0.phuong_xa like ? escape '') and (? is null or bdct1_0.gia_thang>=?) and (? is null or bdct1_0.gia_thang<=?) and (? is null or bdct1_0.dien_tich_m2>=?) and (? is null or bdct1_0.dien_tich_m2<=?) and (? is null or bdct1_0.trang_thai=?) order by bdct1_0.ngay_dang desc
Hibernate: select count(bdct1_0.id) from bai_dang_cho_thue bdct1_0 where (? is null or bdct1_0.tinh_thanhpho like ? escape '') and (? is null or bdct1_0.phuong_xa like ? escape '') and (? is null or bdct1_0.gia_thang>=?) and (? is null or bdct1_0.gia_thang<=?) and (? is null or bdct1_0.dien_tich_m2>=?) and (? is null or bdct1_0.dien_tich_m2<=?) and (? is null or bdct1_0.trang_thai=?)
Hibernate: select u1_0.id,u1_0.avatar,u1_0.email,u1_0.fullname,u1_0.hash_password,u1_0.ngay_cap_nhat,u1_0.ngay_tao,u1_0.role,u1_0.so_dien_thoai from user u1_0 where u1_0.email=?
Hibernate: select bdct1_0.id,bdct1_0.dia_chi_day_du,bdct1_0.dien_tich_m2,bdct1_0.gia_thang,bdct1_0.kinh_do,bdct1_0.mo_ta,bdct1_0.ngay_cap_nhat,bdct1_0.ngay_co_the_vao_o,bdct1_0.ngay_dang,bdct1_0.id_nguoi_dang,bdct1_0.phuong_xa,bdct1_0.tieu_de,bdct1_0.tinh_thanhpho,bdct1_0.trang_thai,bdct1_0.vi_do from bai_dang_cho_thue bdct1_0 where (? is null or bdct1_0.tinh_thanhpho like ? escape '') and (? is null or bdct1_0.phuong_xa like ? escape '') and (? is null or bdct1_0.gia_thang>=?) and (? is null or bdct1_0.gia_thang<=?) and (? is null or bdct1_0.dien_tich_m2>=?) and (? is null or bdct1_0.dien_tich_m2<=?) and (? is null or bdct1_0.trang_thai=?) order by bdct1_0.ngay_dang desc
Hibernate: select count(bdct1_0.id) from bai_dang_cho_thue bdct1_0 where (? is null or bdct1_0.tinh_thanhpho like ? escape '') and (? is null or bdct1_0.phuong_xa like ? escape '') and (? is null or bdct1_0.gia_thang>=?) and (? is null or bdct1_0.gia_thang<=?) and (? is null or bdct1_0.dien_tich_m2>=?) and (? is null or bdct1_0.dien_tich_m2<=?) and (? is null or bdct1_0.trang_thai=?)
Hibernate: select u1_0.id,u1_0.avatar,u1_0.email,u1_0.fullname,u1_0.hash_password,u1_0.ngay_cap_nhat,u1_0.ngay_tao,u1_0.role,u1_0.so_dien_thoai from user u1_0 where u1_0.email=?
Hibernate: select bdct1_0.id,bdct1_0.dia_chi_day_du,bdct1_0.dien_tich_m2,bdct1_0.gia_thang,bdct1_0.kinh_do,bdct1_0.mo_ta,bdct1_0.ngay_cap_nhat,bdct1_0.ngay_co_the_vao_o,bdct1_0.ngay_dang,bdct1_0.id_nguoi_dang,bdct1_0.phuong_xa,bdct1_0.tieu_de,bdct1_0.tinh_thanhpho,bdct1_0.trang_thai,bdct1_0.vi_do from bai_dang_cho_thue bdct1_0 where (? is null or bdct1_0.tinh_thanhpho like ? escape '') and (? is null or bdct1_0.phuong_xa like ? escape '') and (? is null or bdct1_0.gia_thang>=?) and (? is null or bdct1_0.gia_thang<=?) and (? is null or bdct1_0.dien_tich_m2>=?) and (? is null or bdct1_0.dien_tich_m2<=?) and (? is null or bdct1_0.trang_thai=?) order by bdct1_0.ngay_dang desc
Hibernate: select count(bdct1_0.id) from bai_dang_cho_thue bdct1_0 where (? is null or bdct1_0.tinh_thanhpho like ? escape '') and (? is null or bdct1_0.phuong_xa like ? escape '') and (? is null or bdct1_0.gia_thang>=?) and (? is null or bdct1_0.gia_thang<=?) and (? is null or bdct1_0.dien_tich_m2>=?) and (? is null or bdct1_0.dien_tich_m2<=?) and (? is null or bdct1_0.trang_thai=?)
Hibernate: select u1_0.id,u1_0.avatar,u1_0.email,u1_0.fullname,u1_0.hash_password,u1_0.ngay_cap_nhat,u1_0.ngay_tao,u1_0.role,u1_0.so_dien_thoai from user u1_0 where u1_0.email=?
Hibernate: select bdct1_0.id,bdct1_0.dia_chi_day_du,bdct1_0.dien_tich_m2,bdct1_0.gia_thang,bdct1_0.kinh_do,bdct1_0.mo_ta,bdct1_0.ngay_cap_nhat,bdct1_0.ngay_co_the_vao_o,bdct1_0.ngay_dang,bdct1_0.id_nguoi_dang,bdct1_0.phuong_xa,bdct1_0.tieu_de,bdct1_0.tinh_thanhpho,bdct1_0.trang_thai,bdct1_0.vi_do from bai_dang_cho_thue bdct1_0 where (? is null or bdct1_0.tinh_thanhpho like ? escape '') and (? is null or bdct1_0.phuong_xa like ? escape '') and (? is null or bdct1_0.gia_thang>=?) and (? is null or bdct1_0.gia_thang<=?) and (? is null or bdct1_0.dien_tich_m2>=?) and (? is null or bdct1_0.dien_tich_m2<=?) and (? is null or bdct1_0.trang_thai=?) order by bdct1_0.ngay_dang desc
Hibernate: select count(bdct1_0.id) from bai_dang_cho_thue bdct1_0 where (? is null or bdct1_0.tinh_thanhpho like ? escape '') and (? is null or bdct1_0.phuong_xa like ? escape '') and (? is null or bdct1_0.gia_thang>=?) and (? is null or bdct1_0.gia_thang<=?) and (? is null or bdct1_0.dien_tich_m2>=?) and (? is null or bdct1_0.dien_tich_m2<=?) and (? is null or bdct1_0.trang_thai=?)
Hibernate: select u1_0.id,u1_0.avatar,u1_0.email,u1_0.fullname,u1_0.hash_password,u1_0.ngay_cap_nhat,u1_0.ngay_tao,u1_0.role,u1_0.so_dien_thoai from user u1_0 where u1_0.email=?
Hibernate: select bdct1_0.id,bdct1_0.dia_chi_day_du,bdct1_0.dien_tich_m2,bdct1_0.gia_thang,bdct1_0.kinh_do,bdct1_0.mo_ta,bdct1_0.ngay_cap_nhat,bdct1_0.ngay_co_the_vao_o,bdct1_0.ngay_dang,bdct1_0.id_nguoi_dang,bdct1_0.phuong_xa,bdct1_0.tieu_de,bdct1_0.tinh_thanhpho,bdct1_0.trang_thai,bdct1_0.vi_do from bai_dang_cho_thue bdct1_0 where (? is null or bdct1_0.tinh_thanhpho like ? escape '') and (? is null or bdct1_0.phuong_xa like ? escape '') and (? is null or bdct1_0.gia_thang>=?) and (? is null or bdct1_0.gia_thang<=?) and (? is null or bdct1_0.dien_tich_m2>=?) and (? is null or bdct1_0.dien_tich_m2<=?) and (? is null or bdct1_0.trang_thai=?) order by bdct1_0.ngay_dang desc
Hibernate: select count(bdct1_0.id) from bai_dang_cho_thue bdct1_0 where (? is null or bdct1_0.tinh_thanhpho like ? escape '') and (? is null or bdct1_0.phuong_xa like ? escape '') and (? is null or bdct1_0.gia_thang>=?) and (? is null or bdct1_0.gia_thang<=?) and (? is null or bdct1_0.dien_tich_m2>=?) and (? is null or bdct1_0.dien_tich_m2<=?) and (? is null or bdct1_0.trang_thai=?)
Hibernate: select u1_0.id,u1_0.avatar,u1_0.email,u1_0.fullname,u1_0.hash_password,u1_0.ngay_cap_nhat,u1_0.ngay_tao,u1_0.role,u1_0.so_dien_thoai from user u1_0 where u1_0.email=?
Hibernate: select bdct1_0.id,bdct1_0.dia_chi_day_du,bdct1_0.dien_tich_m2,bdct1_0.gia_thang,bdct1_0.kinh_do,bdct1_0.mo_ta,bdct1_0.ngay_cap_nhat,bdct1_0.ngay_co_the_vao_o,bdct1_0.ngay_dang,bdct1_0.id_nguoi_dang,bdct1_0.phuong_xa,bdct1_0.tieu_de,bdct1_0.tinh_thanhpho,bdct1_0.trang_thai,bdct1_0.vi_do from bai_dang_cho_thue bdct1_0 where (? is null or bdct1_0.tinh_thanhpho like ? escape '') and (? is null or bdct1_0.phuong_xa like ? escape '') and (? is null or bdct1_0.gia_thang>=?) and (? is null or bdct1_0.gia_thang<=?) and (? is null or bdct1_0.dien_tich_m2>=?) and (? is null or bdct1_0.dien_tich_m2<=?) and (? is null or bdct1_0.trang_thai=?) order by bdct1_0.ngay_dang desc
Hibernate: select count(bdct1_0.id) from bai_dang_cho_thue bdct1_0 where (? is null or bdct1_0.tinh_thanhpho like ? escape '') and (? is null or bdct1_0.phuong_xa like ? escape '') and (? is null or bdct1_0.gia_thang>=?) and (? is null or bdct1_0.gia_thang<=?) and (? is null or bdct1_0.dien_tich_m2>=?) and (? is null or bdct1_0.dien_tich_m2<=?) and (? is null or bdct1_0.trang_thai=?)
Hibernate: select u1_0.id,u1_0.avatar,u1_0.email,u1_0.fullname,u1_0.hash_password,u1_0.ngay_cap_nhat,u1_0.ngay_tao,u1_0.role,u1_0.so_dien_thoai from user u1_0 where u1_0.email=?
Hibernate: select bdct1_0.id,bdct1_0.dia_chi_day_du,bdct1_0.dien_tich_m2,bdct1_0.gia_thang,bdct1_0.kinh_do,bdct1_0.mo_ta,bdct1_0.ngay_cap_nhat,bdct1_0.ngay_co_the_vao_o,bdct1_0.ngay_dang,bdct1_0.id_nguoi_dang,bdct1_0.phuong_xa,bdct1_0.tieu_de,bdct1_0.tinh_thanhpho,bdct1_0.trang_thai,bdct1_0.vi_do from bai_dang_cho_thue bdct1_0 where (? is null or bdct1_0.tinh_thanhpho like ? escape '') and (? is null or bdct1_0.phuong_xa like ? escape '') and (? is null or bdct1_0.gia_thang>=?) and (? is null or bdct1_0.gia_thang<=?) and (? is null or bdct1_0.dien_tich_m2>=?) and (? is null or bdct1_0.dien_tich_m2<=?) and (? is null or bdct1_0.trang_thai=?) order by bdct1_0.ngay_dang desc
Hibernate: select count(bdct1_0.id) from bai_dang_cho_thue bdct1_0 where (? is null or bdct1_0.tinh_thanhpho like ? escape '') and (? is null or bdct1_0.phuong_xa like ? escape '') and (? is null or bdct1_0.gia_thang>=?) and (? is null or bdct1_0.gia_thang<=?) and (? is null or bdct1_0.dien_tich_m2>=?) and (? is null or bdct1_0.dien_tich_m2<=?) and (? is null or bdct1_0.trang_thai=?)
Hibernate: select u1_0.id,u1_0.avatar,u1_0.email,u1_0.fullname,u1_0.hash_password,u1_0.ngay_cap_nhat,u1_0.ngay_tao,u1_0.role,u1_0.so_dien_thoai from user u1_0 where u1_0.email=?
Hibernate: select bdct1_0.id,bdct1_0.dia_chi_day_du,bdct1_0.dien_tich_m2,bdct1_0.gia_thang,bdct1_0.kinh_do,bdct1_0.mo_ta,bdct1_0.ngay_cap_nhat,bdct1_0.ngay_co_the_vao_o,bdct1_0.ngay_dang,bdct1_0.id_nguoi_dang,bdct1_0.phuong_xa,bdct1_0.tieu_de,bdct1_0.tinh_thanhpho,bdct1_0.trang_thai,bdct1_0.vi_do from bai_dang_cho_thue bdct1_0 where (? is null or bdct1_0.tinh_thanhpho like ? escape '') and (? is null or bdct1_0.phuong_xa like ? escape '') and (? is null or bdct1_0.gia_thang>=?) and (? is null or bdct1_0.gia_thang<=?) and (? is null or bdct1_0.dien_tich_m2>=?) and (? is null or bdct1_0.dien_tich_m2<=?) and (? is null or bdct1_0.trang_thai=?) order by bdct1_0.ngay_dang desc
Hibernate: select count(bdct1_0.id) from bai_dang_cho_thue bdct1_0 where (? is null or bdct1_0.tinh_thanhpho like ? escape '') and (? is null or bdct1_0.phuong_xa like ? escape '') and (? is null or bdct1_0.gia_thang>=?) and (? is null or bdct1_0.gia_thang<=?) and (? is null or bdct1_0.dien_tich_m2>=?) and (? is null or bdct1_0.dien_tich_m2<=?) and (? is null or bdct1_0.trang_thai=?)
Hibernate: select u1_0.id,u1_0.avatar,u1_0.email,u1_0.fullname,u1_0.hash_password,u1_0.ngay_cap_nhat,u1_0.ngay_tao,u1_0.role,u1_0.so_dien_thoai from user u1_0 where u1_0.email=?
Hibernate: select bdct1_0.id,bdct1_0.dia_chi_day_du,bdct1_0.dien_tich_m2,bdct1_0.gia_thang,bdct1_0.kinh_do,bdct1_0.mo_ta,bdct1_0.ngay_cap_nhat,bdct1_0.ngay_co_the_vao_o,bdct1_0.ngay_dang,bdct1_0.id_nguoi_dang,bdct1_0.phuong_xa,bdct1_0.tieu_de,bdct1_0.tinh_thanhpho,bdct1_0.trang_thai,bdct1_0.vi_do from bai_dang_cho_thue bdct1_0 where (? is null or bdct1_0.tinh_thanhpho like ? escape '') and (? is null or bdct1_0.phuong_xa like ? escape '') and (? is null or bdct1_0.gia_thang>=?) and (? is null or bdct1_0.gia_thang<=?) and (? is null or bdct1_0.dien_tich_m2>=?) and (? is null or bdct1_0.dien_tich_m2<=?) and (? is null or bdct1_0.trang_thai=?) order by bdct1_0.ngay_dang desc
Hibernate: select count(bdct1_0.id) from bai_dang_cho_thue bdct1_0 where (? is null or bdct1_0.tinh_thanhpho like ? escape '') and (? is null or bdct1_0.phuong_xa like ? escape '') and (? is null or bdct1_0.gia_thang>=?) and (? is null or bdct1_0.gia_thang<=?) and (? is null or bdct1_0.dien_tich_m2>=?) and (? is null or bdct1_0.dien_tich_m2<=?) and (? is null or bdct1_0.trang_thai=?)
Hibernate: select u1_0.id,u1_0.avatar,u1_0.email,u1_0.fullname,u1_0.hash_password,u1_0.ngay_cap_nhat,u1_0.ngay_tao,u1_0.role,u1_0.so_dien_thoai from user u1_0 where u1_0.email=?
Hibernate: select bdct1_0.id,bdct1_0.dia_chi_day_du,bdct1_0.dien_tich_m2,bdct1_0.gia_thang,bdct1_0.kinh_do,bdct1_0.mo_ta,bdct1_0.ngay_cap_nhat,bdct1_0.ngay_co_the_vao_o,bdct1_0.ngay_dang,bdct1_0.id_nguoi_dang,bdct1_0.phuong_xa,bdct1_0.tieu_de,bdct1_0.tinh_thanhpho,bdct1_0.trang_thai,bdct1_0.vi_do from bai_dang_cho_thue bdct1_0 where (? is null or bdct1_0.tinh_thanhpho like ? escape '') and (? is null or bdct1_0.phuong_xa like ? escape '') and (? is null or bdct1_0.gia_thang>=?) and (? is null or bdct1_0.gia_thang<=?) and (? is null or bdct1_0.dien_tich_m2>=?) and (? is null or bdct1_0.dien_tich_m2<=?) and (? is null or bdct1_0.trang_thai=?) order by bdct1_0.ngay_dang desc
Hibernate: select count(bdct1_0.id) from bai_dang_cho_thue bdct1_0 where (? is null or bdct1_0.tinh_thanhpho like ? escape '') and (? is null or bdct1_0.phuong_xa like ? escape '') and (? is null or bdct1_0.gia_thang>=?) and (? is null or bdct1_0.gia_thang<=?) and (? is null or bdct1_0.dien_tich_m2>=?) and (? is null or bdct1_0.dien_tich_m2<=?) and (? is null or bdct1_0.trang_thai=?)
Hibernate: select u1_0.id,u1_0.avatar,u1_0.email,u1_0.fullname,u1_0.hash_password,u1_0.ngay_cap_nhat,u1_0.ngay_tao,u1_0.role,u1_0.so_dien_thoai from user u1_0 where u1_0.email=?
Hibernate: select bdct1_0.id,bdct1_0.dia_chi_day_du,bdct1_0.dien_tich_m2,bdct1_0.gia_thang,bdct1_0.kinh_do,bdct1_0.mo_ta,bdct1_0.ngay_cap_nhat,bdct1_0.ngay_co_the_vao_o,bdct1_0.ngay_dang,bdct1_0.id_nguoi_dang,bdct1_0.phuong_xa,bdct1_0.tieu_de,bdct1_0.tinh_thanhpho,bdct1_0.trang_thai,bdct1_0.vi_do from bai_dang_cho_thue bdct1_0 where (? is null or bdct1_0.tinh_thanhpho like ? escape '') and (? is null or bdct1_0.phuong_xa like ? escape '') and (? is null or bdct1_0.gia_thang>=?) and (? is null or bdct1_0.gia_thang<=?) and (? is null or bdct1_0.dien_tich_m2>=?) and (? is null or bdct1_0.dien_tich_m2<=?) and (? is null or bdct1_0.trang_thai=?) order by bdct1_0.ngay_dang desc
Hibernate: select count(bdct1_0.id) from bai_dang_cho_thue bdct1_0 where (? is null or bdct1_0.tinh_thanhpho like ? escape '') and (? is null or bdct1_0.phuong_xa like ? escape '') and (? is null or bdct1_0.gia_thang>=?) and (? is null or bdct1_0.gia_thang<=?) and (? is null or bdct1_0.dien_tich_m2>=?) and (? is null or bdct1_0.dien_tich_m2<=?) and (? is null or bdct1_0.trang_thai=?)
Hibernate: select u1_0.id,u1_0.avatar,u1_0.email,u1_0.fullname,u1_0.hash_password,u1_0.ngay_cap_nhat,u1_0.ngay_tao,u1_0.role,u1_0.so_dien_thoai from user u1_0 where u1_0.email=?
Hibernate: select bdct1_0.id,bdct1_0.dia_chi_day_du,bdct1_0.dien_tich_m2,bdct1_0.gia_thang,bdct1_0.kinh_do,bdct1_0.mo_ta,bdct1_0.ngay_cap_nhat,bdct1_0.ngay_co_the_vao_o,bdct1_0.ngay_dang,bdct1_0.id_nguoi_dang,bdct1_0.phuong_xa,bdct1_0.tieu_de,bdct1_0.tinh_thanhpho,bdct1_0.trang_thai,bdct1_0.vi_do from bai_dang_cho_thue bdct1_0 where (? is null or bdct1_0.tinh_thanhpho like ? escape '') and (? is null or bdct1_0.phuong_xa like ? escape '') and (? is null or bdct1_0.gia_thang>=?) and (? is null or bdct1_0.gia_thang<=?) and (? is null or bdct1_0.dien_tich_m2>=?) and (? is null or bdct1_0.dien_tich_m2<=?) and (? is null or bdct1_0.trang_thai=?) order by bdct1_0.ngay_dang desc
Hibernate: select count(bdct1_0.id) from bai_dang_cho_thue bdct1_0 where (? is null or bdct1_0.tinh_thanhpho like ? escape '') and (? is null or bdct1_0.phuong_xa like ? escape '') and (? is null or bdct1_0.gia_thang>=?) and (? is null or bdct1_0.gia_thang<=?) and (? is null or bdct1_0.dien_tich_m2>=?) and (? is null or bdct1_0.dien_tich_m2<=?) and (? is null or bdct1_0.trang_thai=?)
Hibernate: select u1_0.id,u1_0.avatar,u1_0.email,u1_0.fullname,u1_0.hash_password,u1_0.ngay_cap_nhat,u1_0.ngay_tao,u1_0.role,u1_0.so_dien_thoai from user u1_0 where u1_0.email=?
Hibernate: select bdct1_0.id,bdct1_0.dia_chi_day_du,bdct1_0.dien_tich_m2,bdct1_0.gia_thang,bdct1_0.kinh_do,bdct1_0.mo_ta,bdct1_0.ngay_cap_nhat,bdct1_0.ngay_co_the_vao_o,bdct1_0.ngay_dang,bdct1_0.id_nguoi_dang,bdct1_0.phuong_xa,bdct1_0.tieu_de,bdct1_0.tinh_thanhpho,bdct1_0.trang_thai,bdct1_0.vi_do from bai_dang_cho_thue bdct1_0 where (? is null or bdct1_0.tinh_thanhpho like ? escape '') and (? is null or bdct1_0.phuong_xa like ? escape '') and (? is null or bdct1_0.gia_thang>=?) and (? is null or bdct1_0.gia_thang<=?) and (? is null or bdct1_0.dien_tich_m2>=?) and (? is null or bdct1_0.dien_tich_m2<=?) and (? is null or bdct1_0.trang_thai=?) order by bdct1_0.ngay_dang desc
Hibernate: select count(bdct1_0.id) from bai_dang_cho_thue bdct1_0 where (? is null or bdct1_0.tinh_thanhpho like ? escape '') and (? is null or bdct1_0.phuong_xa like ? escape '') and (? is null or bdct1_0.gia_thang>=?) and (? is null or bdct1_0.gia_thang<=?) and (? is null or bdct1_0.dien_tich_m2>=?) and (? is null or bdct1_0.dien_tich_m2<=?) and (? is null or bdct1_0.trang_thai=?)
Hibernate: select u1_0.id,u1_0.avatar,u1_0.email,u1_0.fullname,u1_0.hash_password,u1_0.ngay_cap_nhat,u1_0.ngay_tao,u1_0.role,u1_0.so_dien_thoai from user u1_0 where u1_0.email=?
Hibernate: select bdct1_0.id,bdct1_0.dia_chi_day_du,bdct1_0.dien_tich_m2,bdct1_0.gia_thang,bdct1_0.kinh_do,bdct1_0.mo_ta,bdct1_0.ngay_cap_nhat,bdct1_0.ngay_co_the_vao_o,bdct1_0.ngay_dang,bdct1_0.id_nguoi_dang,bdct1_0.phuong_xa,bdct1_0.tieu_de,bdct1_0.tinh_thanhpho,bdct1_0.trang_thai,bdct1_0.vi_do from bai_dang_cho_thue bdct1_0 where (? is null or bdct1_0.tinh_thanhpho like ? escape '') and (? is null or bdct1_0.phuong_xa like ? escape '') and (? is null or bdct1_0.gia_thang>=?) and (? is null or bdct1_0.gia_thang<=?) and (? is null or bdct1_0.dien_tich_m2>=?) and (? is null or bdct1_0.dien_tich_m2<=?) and (? is null or bdct1_0.trang_thai=?) order by bdct1_0.ngay_dang desc
Hibernate: select count(bdct1_0.id) from bai_dang_cho_thue bdct1_0 where (? is null or bdct1_0.tinh_thanhpho like ? escape '') and (? is null or bdct1_0.phuong_xa like ? escape '') and (? is null or bdct1_0.gia_thang>=?) and (? is null or bdct1_0.gia_thang<=?) and (? is null or bdct1_0.dien_tich_m2>=?) and (? is null or bdct1_0.dien_tich_m2<=?) and (? is null or bdct1_0.trang_thai=?)
Hibernate: select u1_0.id,u1_0.avatar,u1_0.email,u1_0.fullname,u1_0.hash_password,u1_0.ngay_cap_nhat,u1_0.ngay_tao,u1_0.role,u1_0.so_dien_thoai from user u1_0 where u1_0.email=?
Hibernate: select bdct1_0.id,bdct1_0.dia_chi_day_du,bdct1_0.dien_tich_m2,bdct1_0.gia_thang,bdct1_0.kinh_do,bdct1_0.mo_ta,bdct1_0.ngay_cap_nhat,bdct1_0.ngay_co_the_vao_o,bdct1_0.ngay_dang,bdct1_0.id_nguoi_dang,bdct1_0.phuong_xa,bdct1_0.tieu_de,bdct1_0.tinh_thanhpho,bdct1_0.trang_thai,bdct1_0.vi_do from bai_dang_cho_thue bdct1_0 where (? is null or bdct1_0.tinh_thanhpho like ? escape '') and (? is null or bdct1_0.phuong_xa like ? escape '') and (? is null or bdct1_0.gia_thang>=?) and (? is null or bdct1_0.gia_thang<=?) and (? is null or bdct1_0.dien_tich_m2>=?) and (? is null or bdct1_0.dien_tich_m2<=?) and (? is null or bdct1_0.trang_thai=?) order by bdct1_0.ngay_dang desc
Hibernate: select count(bdct1_0.id) from bai_dang_cho_thue bdct1_0 where (? is null or bdct1_0.tinh_thanhpho like ? escape '') and (? is null or bdct1_0.phuong_xa like ? escape '') and (? is null or bdct1_0.gia_thang>=?) and (? is null or bdct1_0.gia_thang<=?) and (? is null or bdct1_0.dien_tich_m2>=?) and (? is null or bdct1_0.dien_tich_m2<=?) and (? is null or bdct1_0.trang_thai=?)
Hibernate: select u1_0.id,u1_0.avatar,u1_0.email,u1_0.fullname,u1_0.hash_password,u1_0.ngay_cap_nhat,u1_0.ngay_tao,u1_0.role,u1_0.so_dien_thoai from user u1_0 where u1_0.email=?
Hibernate: select bdct1_0.id,bdct1_0.dia_chi_day_du,bdct1_0.dien_tich_m2,bdct1_0.gia_thang,bdct1_0.kinh_do,bdct1_0.mo_ta,bdct1_0.ngay_cap_nhat,bdct1_0.ngay_co_the_vao_o,bdct1_0.ngay_dang,bdct1_0.id_nguoi_dang,bdct1_0.phuong_xa,bdct1_0.tieu_de,bdct1_0.tinh_thanhpho,bdct1_0.trang_thai,bdct1_0.vi_do from bai_dang_cho_thue bdct1_0 where (? is null or bdct1_0.tinh_thanhpho like ? escape '') and (? is null or bdct1_0.phuong_xa like ? escape '') and (? is null or bdct1_0.gia_thang>=?) and (? is null or bdct1_0.gia_thang<=?) and (? is null or bdct1_0.dien_tich_m2>=?) and (? is null or bdct1_0.dien_tich_m2<=?) and (? is null or bdct1_0.trang_thai=?) order by bdct1_0.ngay_dang desc
Hibernate: select count(bdct1_0.id) from bai_dang_cho_thue bdct1_0 where (? is null or bdct1_0.tinh_thanhpho like ? escape '') and (? is null or bdct1_0.phuong_xa like ? escape '') and (? is null or bdct1_0.gia_thang>=?) and (? is null or bdct1_0.gia_thang<=?) and (? is null or bdct1_0.dien_tich_m2>=?) and (? is null or bdct1_0.dien_tich_m2<=?) and (? is null or bdct1_0.trang_thai=?)
Hibernate: select u1_0.id,u1_0.avatar,u1_0.email,u1_0.fullname,u1_0.hash_password,u1_0.ngay_cap_nhat,u1_0.ngay_tao,u1_0.role,u1_0.so_dien_thoai from user u1_0 where u1_0.email=?
Hibernate: select bdct1_0.id,bdct1_0.dia_chi_day_du,bdct1_0.dien_tich_m2,bdct1_0.gia_thang,bdct1_0.kinh_do,bdct1_0.mo_ta,bdct1_0.ngay_cap_nhat,bdct1_0.ngay_co_the_vao_o,bdct1_0.ngay_dang,bdct1_0.id_nguoi_dang,bdct1_0.phuong_xa,bdct1_0.tieu_de,bdct1_0.tinh_thanhpho,bdct1_0.trang_thai,bdct1_0.vi_do from bai_dang_cho_thue bdct1_0 where (? is null or bdct1_0.tinh_thanhpho like ? escape '') and (? is null or bdct1_0.phuong_xa like ? escape '') and (? is null or bdct1_0.gia_thang>=?) and (? is null or bdct1_0.gia_thang<=?) and (? is null or bdct1_0.dien_tich_m2>=?) and (? is null or bdct1_0.dien_tich_m2<=?) and (? is null or bdct1_0.trang_thai=?) order by bdct1_0.ngay_dang desc
Hibernate: select count(bdct1_0.id) from bai_dang_cho_thue bdct1_0 where (? is null or bdct1_0.tinh_thanhpho like ? escape '') and (? is null or bdct1_0.phuong_xa like ? escape '') and (? is null or bdct1_0.gia_thang>=?) and (? is null or bdct1_0.gia_thang<=?) and (? is null or bdct1_0.dien_tich_m2>=?) and (? is null or bdct1_0.dien_tich_m2<=?) and (? is null or bdct1_0.trang_thai=?)
Hibernate: select u1_0.id,u1_0.avatar,u1_0.email,u1_0.fullname,u1_0.hash_password,u1_0.ngay_cap_nhat,u1_0.ngay_tao,u1_0.role,u1_0.so_dien_thoai from user u1_0 where u1_0.email=?
Hibernate: select bdct1_0.id,bdct1_0.dia_chi_day_du,bdct1_0.dien_tich_m2,bdct1_0.gia_thang,bdct1_0.kinh_do,bdct1_0.mo_ta,bdct1_0.ngay_cap_nhat,bdct1_0.ngay_co_the_vao_o,bdct1_0.ngay_dang,bdct1_0.id_nguoi_dang,bdct1_0.phuong_xa,bdct1_0.tieu_de,bdct1_0.tinh_thanhpho,bdct1_0.trang_thai,bdct1_0.vi_do from bai_dang_cho_thue bdct1_0 where (? is null or bdct1_0.tinh_thanhpho like ? escape '') and (? is null or bdct1_0.phuong_xa like ? escape '') and (? is null or bdct1_0.gia_thang>=?) and (? is null or bdct1_0.gia_thang<=?) and (? is null or bdct1_0.dien_tich_m2>=?) and (? is null or bdct1_0.dien_tich_m2<=?) and (? is null or bdct1_0.trang_thai=?) order by bdct1_0.ngay_dang desc
Hibernate: select count(bdct1_0.id) from bai_dang_cho_thue bdct1_0 where (? is null or bdct1_0.tinh_thanhpho like ? escape '') and (? is null or bdct1_0.phuong_xa like ? escape '') and (? is null or bdct1_0.gia_thang>=?) and (? is null or bdct1_0.gia_thang<=?) and (? is null or bdct1_0.dien_tich_m2>=?) and (? is null or bdct1_0.dien_tich_m2<=?) and (? is null or bdct1_0.trang_thai=?)
Hibernate: select u1_0.id,u1_0.avatar,u1_0.email,u1_0.fullname,u1_0.hash_password,u1_0.ngay_cap_nhat,u1_0.ngay_tao,u1_0.role,u1_0.so_dien_thoai from user u1_0 where u1_0.email=?
Hibernate: select bdct1_0.id,bdct1_0.dia_chi_day_du,bdct1_0.dien_tich_m2,bdct1_0.gia_thang,bdct1_0.kinh_do,bdct1_0.mo_ta,bdct1_0.ngay_cap_nhat,bdct1_0.ngay_co_the_vao_o,bdct1_0.ngay_dang,bdct1_0.id_nguoi_dang,bdct1_0.phuong_xa,bdct1_0.tieu_de,bdct1_0.tinh_thanhpho,bdct1_0.trang_thai,bdct1_0.vi_do from bai_dang_cho_thue bdct1_0 where (? is null or bdct1_0.tinh_thanhpho like ? escape '') and (? is null or bdct1_0.phuong_xa like ? escape '') and (? is null or bdct1_0.gia_thang>=?) and (? is null or bdct1_0.gia_thang<=?) and (? is null or bdct1_0.dien_tich_m2>=?) and (? is null or bdct1_0.dien_tich_m2<=?) and (? is null or bdct1_0.trang_thai=?) order by bdct1_0.ngay_dang desc
Hibernate: select count(bdct1_0.id) from bai_dang_cho_thue bdct1_0 where (? is null or bdct1_0.tinh_thanhpho like ? escape '') and (? is null or bdct1_0.phuong_xa like ? escape '') and (? is null or bdct1_0.gia_thang>=?) and (? is null or bdct1_0.gia_thang<=?) and (? is null or bdct1_0.dien_tich_m2>=?) and (? is null or bdct1_0.dien_tich_m2<=?) and (? is null or bdct1_0.trang_thai=?)
Hibernate: select u1_0.id,u1_0.avatar,u1_0.email,u1_0.fullname,u1_0.hash_password,u1_0.ngay_cap_nhat,u1_0.ngay_tao,u1_0.role,u1_0.so_dien_thoai from user u1_0 where u1_0.email=?
Hibernate: select bdct1_0.id,bdct1_0.dia_chi_day_du,bdct1_0.dien_tich_m2,bdct1_0.gia_thang,bdct1_0.kinh_do,bdct1_0.mo_ta,bdct1_0.ngay_cap_nhat,bdct1_0.ngay_co_the_vao_o,bdct1_0.ngay_dang,bdct1_0.id_nguoi_dang,bdct1_0.phuong_xa,bdct1_0.tieu_de,bdct1_0.tinh_thanhpho,bdct1_0.trang_thai,bdct1_0.vi_do from bai_dang_cho_thue bdct1_0 where (? is null or bdct1_0.tinh_thanhpho like ? escape '') and (? is null or bdct1_0.phuong_xa like ? escape '') and (? is null or bdct1_0.gia_thang>=?) and (? is null or bdct1_0.gia_thang<=?) and (? is null or bdct1_0.dien_tich_m2>=?) and (? is null or bdct1_0.dien_tich_m2<=?) and (? is null or bdct1_0.trang_thai=?) order by bdct1_0.ngay_dang desc
Hibernate: select count(bdct1_0.id) from bai_dang_cho_thue bdct1_0 where (? is null or bdct1_0.tinh_thanhpho like ? escape '') and (? is null or bdct1_0.phuong_xa like ? escape '') and (? is null or bdct1_0.gia_thang>=?) and (? is null or bdct1_0.gia_thang<=?) and (? is null or bdct1_0.dien_tich_m2>=?) and (? is null or bdct1_0.dien_tich_m2<=?) and (? is null or bdct1_0.trang_thai=?)
Hibernate: select u1_0.id,u1_0.avatar,u1_0.email,u1_0.fullname,u1_0.hash_password,u1_0.ngay_cap_nhat,u1_0.ngay_tao,u1_0.role,u1_0.so_dien_thoai from user u1_0 where u1_0.email=?
Hibernate: select bdct1_0.id,bdct1_0.dia_chi_day_du,bdct1_0.dien_tich_m2,bdct1_0.gia_thang,bdct1_0.kinh_do,bdct1_0.mo_ta,bdct1_0.ngay_cap_nhat,bdct1_0.ngay_co_the_vao_o,bdct1_0.ngay_dang,bdct1_0.id_nguoi_dang,bdct1_0.phuong_xa,bdct1_0.tieu_de,bdct1_0.tinh_thanhpho,bdct1_0.trang_thai,bdct1_0.vi_do from bai_dang_cho_thue bdct1_0 where (? is null or bdct1_0.tinh_thanhpho like ? escape '') and (? is null or bdct1_0.phuong_xa like ? escape '') and (? is null or bdct1_0.gia_thang>=?) and (? is null or bdct1_0.gia_thang<=?) and (? is null or bdct1_0.dien_tich_m2>=?) and (? is null or bdct1_0.dien_tich_m2<=?) and (? is null or bdct1_0.trang_thai=?) order by bdct1_0.ngay_dang desc
Hibernate: select count(bdct1_0.id) from bai_dang_cho_thue bdct1_0 where (? is null or bdct1_0.tinh_thanhpho like ? escape '') and (? is null or bdct1_0.phuong_xa like ? escape '') and (? is null or bdct1_0.gia_thang>=?) and (? is null or bdct1_0.gia_thang<=?) and (? is null or bdct1_0.dien_tich_m2>=?) and (? is null or bdct1_0.dien_tich_m2<=?) and (? is null or bdct1_0.trang_thai=?)
Hibernate: select u1_0.id,u1_0.avatar,u1_0.email,u1_0.fullname,u1_0.hash_password,u1_0.ngay_cap_nhat,u1_0.ngay_tao,u1_0.role,u1_0.so_dien_thoai from user u1_0 where u1_0.email=?
Hibernate: select bdct1_0.id,bdct1_0.dia_chi_day_du,bdct1_0.dien_tich_m2,bdct1_0.gia_thang,bdct1_0.kinh_do,bdct1_0.mo_ta,bdct1_0.ngay_cap_nhat,bdct1_0.ngay_co_the_vao_o,bdct1_0.ngay_dang,bdct1_0.id_nguoi_dang,bdct1_0.phuong_xa,bdct1_0.tieu_de,bdct1_0.tinh_thanhpho,bdct1_0.trang_thai,bdct1_0.vi_do from bai_dang_cho_thue bdct1_0 where (? is null or bdct1_0.tinh_thanhpho like ? escape '') and (? is null or bdct1_0.phuong_xa like ? escape '') and (? is null or bdct1_0.gia_thang>=?) and (? is null or bdct1_0.gia_thang<=?) and (? is null or bdct1_0.dien_tich_m2>=?) and (? is null or bdct1_0.dien_tich_m2<=?) and (? is null or bdct1_0.trang_thai=?) order by bdct1_0.ngay_dang desc
Hibernate: select count(bdct1_0.id) from bai_dang_cho_thue bdct1_0 where (? is null or bdct1_0.tinh_thanhpho like ? escape '') and (? is null or bdct1_0.phuong_xa like ? escape '') and (? is null or bdct1_0.gia_thang>=?) and (? is null or bdct1_0.gia_thang<=?) and (? is null or bdct1_0.dien_tich_m2>=?) and (? is null or bdct1_0.dien_tich_m2<=?) and (? is null or bdct1_0.trang_thai=?)
Hibernate: select u1_0.id,u1_0.avatar,u1_0.email,u1_0.fullname,u1_0.hash_password,u1_0.ngay_cap_nhat,u1_0.ngay_tao,u1_0.role,u1_0.so_dien_thoai from user u1_0 where u1_0.email=?
Hibernate: select bdct1_0.id,bdct1_0.dia_chi_day_du,bdct1_0.dien_tich_m2,bdct1_0.gia_thang,bdct1_0.kinh_do,bdct1_0.mo_ta,bdct1_0.ngay_cap_nhat,bdct1_0.ngay_co_the_vao_o,bdct1_0.ngay_dang,bdct1_0.id_nguoi_dang,bdct1_0.phuong_xa,bdct1_0.tieu_de,bdct1_0.tinh_thanhpho,bdct1_0.trang_thai,bdct1_0.vi_do from bai_dang_cho_thue bdct1_0 where (? is null or bdct1_0.tinh_thanhpho like ? escape '') and (? is null or bdct1_0.phuong_xa like ? escape '') and (? is null or bdct1_0.gia_thang>=?) and (? is null or bdct1_0.gia_thang<=?) and (? is null or bdct1_0.dien_tich_m2>=?) and (? is null or bdct1_0.dien_tich_m2<=?) and (? is null or bdct1_0.trang_thai=?) order by bdct1_0.ngay_dang desc
Hibernate: select count(bdct1_0.id) from bai_dang_cho_thue bdct1_0 where (? is null or bdct1_0.tinh_thanhpho like ? escape '') and (? is null or bdct1_0.phuong_xa like ? escape '') and (? is null or bdct1_0.gia_thang>=?) and (? is null or bdct1_0.gia_thang<=?) and (? is null or bdct1_0.dien_tich_m2>=?) and (? is null or bdct1_0.dien_tich_m2<=?) and (? is null or bdct1_0.trang_thai=?)
Hibernate: select u1_0.id,u1_0.avatar,u1_0.email,u1_0.fullname,u1_0.hash_password,u1_0.ngay_cap_nhat,u1_0.ngay_tao,u1_0.role,u1_0.so_dien_thoai from user u1_0 where u1_0.email=?
Hibernate: select bdct1_0.id,bdct1_0.dia_chi_day_du,bdct1_0.dien_tich_m2,bdct1_0.gia_thang,bdct1_0.kinh_do,bdct1_0.mo_ta,bdct1_0.ngay_cap_nhat,bdct1_0.ngay_co_the_vao_o,bdct1_0.ngay_dang,bdct1_0.id_nguoi_dang,bdct1_0.phuong_xa,bdct1_0.tieu_de,bdct1_0.tinh_thanhpho,bdct1_0.trang_thai,bdct1_0.vi_do from bai_dang_cho_thue bdct1_0 where (? is null or bdct1_0.tinh_thanhpho like ? escape '') and (? is null or bdct1_0.phuong_xa like ? escape '') and (? is null or bdct1_0.gia_thang>=?) and (? is null or bdct1_0.gia_thang<=?) and (? is null or bdct1_0.dien_tich_m2>=?) and (? is null or bdct1_0.dien_tich_m2<=?) and (? is null or bdct1_0.trang_thai=?) order by bdct1_0.ngay_dang desc
Hibernate: select count(bdct1_0.id) from bai_dang_cho_thue bdct1_0 where (? is null or bdct1_0.tinh_thanhpho like ? escape '') and (? is null or bdct1_0.phuong_xa like ? escape '') and (? is null or bdct1_0.gia_thang>=?) and (? is null or bdct1_0.gia_thang<=?) and (? is null or bdct1_0.dien_tich_m2>=?) and (? is null or bdct1_0.dien_tich_m2<=?) and (? is null or bdct1_0.trang_thai=?)
Hibernate: select u1_0.id,u1_0.avatar,u1_0.email,u1_0.fullname,u1_0.hash_password,u1_0.ngay_cap_nhat,u1_0.ngay_tao,u1_0.role,u1_0.so_dien_thoai from user u1_0 where u1_0.email=?
Hibernate: select bdct1_0.id,bdct1_0.dia_chi_day_du,bdct1_0.dien_tich_m2,bdct1_0.gia_thang,bdct1_0.kinh_do,bdct1_0.mo_ta,bdct1_0.ngay_cap_nhat,bdct1_0.ngay_co_the_vao_o,bdct1_0.ngay_dang,bdct1_0.id_nguoi_dang,bdct1_0.phuong_xa,bdct1_0.tieu_de,bdct1_0.tinh_thanhpho,bdct1_0.trang_thai,bdct1_0.vi_do from bai_dang_cho_thue bdct1_0 where (? is null or bdct1_0.tinh_thanhpho like ? escape '') and (? is null or bdct1_0.phuong_xa like ? escape '') and (? is null or bdct1_0.gia_thang>=?) and (? is null or bdct1_0.gia_thang<=?) and (? is null or bdct1_0.dien_tich_m2>=?) and (? is null or bdct1_0.dien_tich_m2<=?) and (? is null or bdct1_0.trang_thai=?) order by bdct1_0.ngay_dang desc
Hibernate: select count(bdct1_0.id) from bai_dang_cho_thue bdct1_0 where (? is null or bdct1_0.tinh_thanhpho like ? escape '') and (? is null or bdct1_0.phuong_xa like ? escape '') and (? is null or bdct1_0.gia_thang>=?) and (? is null or bdct1_0.gia_thang<=?) and (? is null or bdct1_0.dien_tich_m2>=?) and (? is null or bdct1_0.dien_tich_m2<=?) and (? is null or bdct1_0.trang_thai=?)
Hibernate: select u1_0.id,u1_0.avatar,u1_0.email,u1_0.fullname,u1_0.hash_password,u1_0.ngay_cap_nhat,u1_0.ngay_tao,u1_0.role,u1_0.so_dien_thoai from user u1_0 where u1_0.email=?
Hibernate: select bdct1_0.id,bdct1_0.dia_chi_day_du,bdct1_0.dien_tich_m2,bdct1_0.gia_thang,bdct1_0.kinh_do,bdct1_0.mo_ta,bdct1_0.ngay_cap_nhat,bdct1_0.ngay_co_the_vao_o,bdct1_0.ngay_dang,bdct1_0.id_nguoi_dang,bdct1_0.phuong_xa,bdct1_0.tieu_de,bdct1_0.tinh_thanhpho,bdct1_0.trang_thai,bdct1_0.vi_do from bai_dang_cho_thue bdct1_0 where (? is null or bdct1_0.tinh_thanhpho like ? escape '') and (? is null or bdct1_0.phuong_xa like ? escape '') and (? is null or bdct1_0.gia_thang>=?) and (? is null or bdct1_0.gia_thang<=?) and (? is null or bdct1_0.dien_tich_m2>=?) and (? is null or bdct1_0.dien_tich_m2<=?) and (? is null or bdct1_0.trang_thai=?) order by bdct1_0.ngay_dang desc
Hibernate: select count(bdct1_0.id) from bai_dang_cho_thue bdct1_0 where (? is null or bdct1_0.tinh_thanhpho like ? escape '') and (? is null or bdct1_0.phuong_xa like ? escape '') and (? is null or bdct1_0.gia_thang>=?) and (? is null or bdct1_0.gia_thang<=?) and (? is null or bdct1_0.dien_tich_m2>=?) and (? is null or bdct1_0.dien_tich_m2<=?) and (? is null or bdct1_0.trang_thai=?)
Hibernate: select u1_0.id,u1_0.avatar,u1_0.email,u1_0.fullname,u1_0.hash_password,u1_0.ngay_cap_nhat,u1_0.ngay_tao,u1_0.role,u1_0.so_dien_thoai from user u1_0 where u1_0.email=?
Hibernate: select bdct1_0.id,bdct1_0.dia_chi_day_du,bdct1_0.dien_tich_m2,bdct1_0.gia_thang,bdct1_0.kinh_do,bdct1_0.mo_ta,bdct1_0.ngay_cap_nhat,bdct1_0.ngay_co_the_vao_o,bdct1_0.ngay_dang,bdct1_0.id_nguoi_dang,bdct1_0.phuong_xa,bdct1_0.tieu_de,bdct1_0.tinh_thanhpho,bdct1_0.trang_thai,bdct1_0.vi_do from bai_dang_cho_thue bdct1_0 where (? is null or bdct1_0.tinh_thanhpho like ? escape '') and (? is null or bdct1_0.phuong_xa like ? escape '') and (? is null or bdct1_0.gia_thang>=?) and (? is null or bdct1_0.gia_thang<=?) and (? is null or bdct1_0.dien_tich_m2>=?) and (? is null or bdct1_0.dien_tich_m2<=?) and (? is null or bdct1_0.trang_thai=?) order by bdct1_0.ngay_dang desc
Hibernate: select count(bdct1_0.id) from bai_dang_cho_thue bdct1_0 where (? is null or bdct1_0.tinh_thanhpho like ? escape '') and (? is null or bdct1_0.phuong_xa like ? escape '') and (? is null or bdct1_0.gia_thang>=?) and (? is null or bdct1_0.gia_thang<=?) and (? is null or bdct1_0.dien_tich_m2>=?) and (? is null or bdct1_0.dien_tich_m2<=?) and (? is null or bdct1_0.trang_thai=?)
Hibernate: select u1_0.id,u1_0.avatar,u1_0.email,u1_0.fullname,u1_0.hash_password,u1_0.ngay_cap_nhat,u1_0.ngay_tao,u1_0.role,u1_0.so_dien_thoai from user u1_0 where u1_0.email=?
Hibernate: select bdct1_0.id,bdct1_0.dia_chi_day_du,bdct1_0.dien_tich_m2,bdct1_0.gia_thang,bdct1_0.kinh_do,bdct1_0.mo_ta,bdct1_0.ngay_cap_nhat,bdct1_0.ngay_co_the_vao_o,bdct1_0.ngay_dang,bdct1_0.id_nguoi_dang,bdct1_0.phuong_xa,bdct1_0.tieu_de,bdct1_0.tinh_thanhpho,bdct1_0.trang_thai,bdct1_0.vi_do from bai_dang_cho_thue bdct1_0 where (? is null or bdct1_0.tinh_thanhpho like ? escape '') and (? is null or bdct1_0.phuong_xa like ? escape '') and (? is null or bdct1_0.gia_thang>=?) and (? is null or bdct1_0.gia_thang<=?) and (? is null or bdct1_0.dien_tich_m2>=?) and (? is null or bdct1_0.dien_tich_m2<=?) and (? is null or bdct1_0.trang_thai=?) order by bdct1_0.ngay_dang desc
Hibernate: select count(bdct1_0.id) from bai_dang_cho_thue bdct1_0 where (? is null or bdct1_0.tinh_thanhpho like ? escape '') and (? is null or bdct1_0.phuong_xa like ? escape '') and (? is null or bdct1_0.gia_thang>=?) and (? is null or bdct1_0.gia_thang<=?) and (? is null or bdct1_0.dien_tich_m2>=?) and (? is null or bdct1_0.dien_tich_m2<=?) and (? is null or bdct1_0.trang_thai=?)
Hibernate: select u1_0.id,u1_0.avatar,u1_0.email,u1_0.fullname,u1_0.hash_password,u1_0.ngay_cap_nhat,u1_0.ngay_tao,u1_0.role,u1_0.so_dien_thoai from user u1_0 where u1_0.email=?
Hibernate: select bdct1_0.id,bdct1_0.dia_chi_day_du,bdct1_0.dien_tich_m2,bdct1_0.gia_thang,bdct1_0.kinh_do,bdct1_0.mo_ta,bdct1_0.ngay_cap_nhat,bdct1_0.ngay_co_the_vao_o,bdct1_0.ngay_dang,bdct1_0.id_nguoi_dang,bdct1_0.phuong_xa,bdct1_0.tieu_de,bdct1_0.tinh_thanhpho,bdct1_0.trang_thai,bdct1_0.vi_do from bai_dang_cho_thue bdct1_0 where (? is null or bdct1_0.tinh_thanhpho like ? escape '') and (? is null or bdct1_0.phuong_xa like ? escape '') and (? is null or bdct1_0.gia_thang>=?) and (? is null or bdct1_0.gia_thang<=?) and (? is null or bdct1_0.dien_tich_m2>=?) and (? is null or bdct1_0.dien_tich_m2<=?) and (? is null or bdct1_0.trang_thai=?) order by bdct1_0.ngay_dang desc
Hibernate: select count(bdct1_0.id) from bai_dang_cho_thue bdct1_0 where (? is null or bdct1_0.tinh_thanhpho like ? escape '') and (? is null or bdct1_0.phuong_xa like ? escape '') and (? is null or bdct1_0.gia_thang>=?) and (? is null or bdct1_0.gia_thang<=?) and (? is null or bdct1_0.dien_tich_m2>=?) and (? is null or bdct1_0.dien_tich_m2<=?) and (? is null or bdct1_0.trang_thai=?)
Hibernate: select u1_0.id,u1_0.avatar,u1_0.email,u1_0.fullname,u1_0.hash_password,u1_0.ngay_cap_nhat,u1_0.ngay_tao,u1_0.role,u1_0.so_dien_thoai from user u1_0 where u1_0.email=?
Hibernate: select bdct1_0.id,bdct1_0.dia_chi_day_du,bdct1_0.dien_tich_m2,bdct1_0.gia_thang,bdct1_0.kinh_do,bdct1_0.mo_ta,bdct1_0.ngay_cap_nhat,bdct1_0.ngay_co_the_vao_o,bdct1_0.ngay_dang,bdct1_0.id_nguoi_dang,bdct1_0.phuong_xa,bdct1_0.tieu_de,bdct1_0.tinh_thanhpho,bdct1_0.trang_thai,bdct1_0.vi_do from bai_dang_cho_thue bdct1_0 where (? is null or bdct1_0.tinh_thanhpho like ? escape '') and (? is null or bdct1_0.phuong_xa like ? escape '') and (? is null or bdct1_0.gia_thang>=?) and (? is null or bdct1_0.gia_thang<=?) and (? is null or bdct1_0.dien_tich_m2>=?) and (? is null or bdct1_0.dien_tich_m2<=?) and (? is null or bdct1_0.trang_thai=?) order by bdct1_0.ngay_dang desc
Hibernate: select count(bdct1_0.id) from bai_dang_cho_thue bdct1_0 where (? is null or bdct1_0.tinh_thanhpho like ? escape '') and (? is null or bdct1_0.phuong_xa like ? escape '') and (? is null or bdct1_0.gia_thang>=?) and (? is null or bdct1_0.gia_thang<=?) and (? is null or bdct1_0.dien_tich_m2>=?) and (? is null or bdct1_0.dien_tich_m2<=?) and (? is null or bdct1_0.trang_thai=?)
Hibernate: select u1_0.id,u1_0.avatar,u1_0.email,u1_0.fullname,u1_0.hash_password,u1_0.ngay_cap_nhat,u1_0.ngay_tao,u1_0.role,u1_0.so_dien_thoai from user u1_0 where u1_0.email=?
Hibernate: select bdct1_0.id,bdct1_0.dia_chi_day_du,bdct1_0.dien_tich_m2,bdct1_0.gia_thang,bdct1_0.kinh_do,bdct1_0.mo_ta,bdct1_0.ngay_cap_nhat,bdct1_0.ngay_co_the_vao_o,bdct1_0.ngay_dang,bdct1_0.id_nguoi_dang,bdct1_0.phuong_xa,bdct1_0.tieu_de,bdct1_0.tinh_thanhpho,bdct1_0.trang_thai,bdct1_0.vi_do from bai_dang_cho_thue bdct1_0 where (? is null or bdct1_0.tinh_thanhpho like ? escape '') and (? is null or bdct1_0.phuong_xa like ? escape '') and (? is null or bdct1_0.gia_thang>=?) and (? is null or bdct1_0.gia_thang<=?) and (? is null or bdct1_0.dien_tich_m2>=?) and (? is null or bdct1_0.dien_tich_m2<=?) and (? is null or bdct1_0.trang_thai=?) order by bdct1_0.ngay_dang desc
Hibernate: select count(bdct1_0.id) from bai_dang_cho_thue bdct1_0 where (? is null or bdct1_0.tinh_thanhpho like ? escape '') and (? is null or bdct1_0.phuong_xa like ? escape '') and (? is null or bdct1_0.gia_thang>=?) and (? is null or bdct1_0.gia_thang<=?) and (? is null or bdct1_0.dien_tich_m2>=?) and (? is null or bdct1_0.dien_tich_m2<=?) and (? is null or bdct1_0.trang_thai=?)
Hibernate: select u1_0.id,u1_0.avatar,u1_0.email,u1_0.fullname,u1_0.hash_password,u1_0.ngay_cap_nhat,u1_0.ngay_tao,u1_0.role,u1_0.so_dien_thoai from user u1_0 where u1_0.email=?
Hibernate: select bdct1_0.id,bdct1_0.dia_chi_day_du,bdct1_0.dien_tich_m2,bdct1_0.gia_thang,bdct1_0.kinh_do,bdct1_0.mo_ta,bdct1_0.ngay_cap_nhat,bdct1_0.ngay_co_the_vao_o,bdct1_0.ngay_dang,bdct1_0.id_nguoi_dang,bdct1_0.phuong_xa,bdct1_0.tieu_de,bdct1_0.tinh_thanhpho,bdct1_0.trang_thai,bdct1_0.vi_do from bai_dang_cho_thue bdct1_0 where (? is null or bdct1_0.tinh_thanhpho like ? escape '') and (? is null or bdct1_0.phuong_xa like ? escape '') and (? is null or bdct1_0.gia_thang>=?) and (? is null or bdct1_0.gia_thang<=?) and (? is null or bdct1_0.dien_tich_m2>=?) and (? is null or bdct1_0.dien_tich_m2<=?) and (? is null or bdct1_0.trang_thai=?) order by bdct1_0.ngay_dang desc
Hibernate: select count(bdct1_0.id) from bai_dang_cho_thue bdct1_0 where (? is null or bdct1_0.tinh_thanhpho like ? escape '') and (? is null or bdct1_0.phuong_xa like ? escape '') and (? is null or bdct1_0.gia_thang>=?) and (? is null or bdct1_0.gia_thang<=?) and (? is null or bdct1_0.dien_tich_m2>=?) and (? is null or bdct1_0.dien_tich_m2<=?) and (? is null or bdct1_0.trang_thai=?)
Hibernate: select u1_0.id,u1_0.avatar,u1_0.email,u1_0.fullname,u1_0.hash_password,u1_0.ngay_cap_nhat,u1_0.ngay_tao,u1_0.role,u1_0.so_dien_thoai from user u1_0 where u1_0.email=?
Hibernate: select bdct1_0.id,bdct1_0.dia_chi_day_du,bdct1_0.dien_tich_m2,bdct1_0.gia_thang,bdct1_0.kinh_do,bdct1_0.mo_ta,bdct1_0.ngay_cap_nhat,bdct1_0.ngay_co_the_vao_o,bdct1_0.ngay_dang,bdct1_0.id_nguoi_dang,bdct1_0.phuong_xa,bdct1_0.tieu_de,bdct1_0.tinh_thanhpho,bdct1_0.trang_thai,bdct1_0.vi_do from bai_dang_cho_thue bdct1_0 where (? is null or bdct1_0.tinh_thanhpho like ? escape '') and (? is null or bdct1_0.phuong_xa like ? escape '') and (? is null or bdct1_0.gia_thang>=?) and (? is null or bdct1_0.gia_thang<=?) and (? is null or bdct1_0.dien_tich_m2>=?) and (? is null or bdct1_0.dien_tich_m2<=?) and (? is null or bdct1_0.trang_thai=?) order by bdct1_0.ngay_dang desc
Hibernate: select count(bdct1_0.id) from bai_dang_cho_thue bdct1_0 where (? is null or bdct1_0.tinh_thanhpho like ? escape '') and (? is null or bdct1_0.phuong_xa like ? escape '') and (? is null or bdct1_0.gia_thang>=?) and (? is null or bdct1_0.gia_thang<=?) and (? is null or bdct1_0.dien_tich_m2>=?) and (? is null or bdct1_0.dien_tich_m2<=?) and (? is null or bdct1_0.trang_thai=?)
Hibernate: select u1_0.id,u1_0.avatar,u1_0.email,u1_0.fullname,u1_0.hash_password,u1_0.ngay_cap_nhat,u1_0.ngay_tao,u1_0.role,u1_0.so_dien_thoai from user u1_0 where u1_0.email=?
Hibernate: select bdct1_0.id,bdct1_0.dia_chi_day_du,bdct1_0.dien_tich_m2,bdct1_0.gia_thang,bdct1_0.kinh_do,bdct1_0.mo_ta,bdct1_0.ngay_cap_nhat,bdct1_0.ngay_co_the_vao_o,bdct1_0.ngay_dang,bdct1_0.id_nguoi_dang,bdct1_0.phuong_xa,bdct1_0.tieu_de,bdct1_0.tinh_thanhpho,bdct1_0.trang_thai,bdct1_0.vi_do from bai_dang_cho_thue bdct1_0 where (? is null or bdct1_0.tinh_thanhpho like ? escape '') and (? is null or bdct1_0.phuong_xa like ? escape '') and (? is null or bdct1_0.gia_thang>=?) and (? is null or bdct1_0.gia_thang<=?) and (? is null or bdct1_0.dien_tich_m2>=?) and (? is null or bdct1_0.dien_tich_m2<=?) and (? is null or bdct1_0.trang_thai=?) order by bdct1_0.ngay_dang desc
Hibernate: select count(bdct1_0.id) from bai_dang_cho_thue bdct1_0 where (? is null or bdct1_0.tinh_thanhpho like ? escape '') and (? is null or bdct1_0.phuong_xa like ? escape '') and (? is null or bdct1_0.gia_thang>=?) and (? is null or bdct1_0.gia_thang<=?) and (? is null or bdct1_0.dien_tich_m2>=?) and (? is null or bdct1_0.dien_tich_m2<=?) and (? is null or bdct1_0.trang_thai=?)
Hibernate: select u1_0.id,u1_0.avatar,u1_0.email,u1_0.fullname,u1_0.hash_password,u1_0.ngay_cap_nhat,u1_0.ngay_tao,u1_0.role,u1_0.so_dien_thoai from user u1_0 where u1_0.email=?
Hibernate: select bdct1_0.id,bdct1_0.dia_chi_day_du,bdct1_0.dien_tich_m2,bdct1_0.gia_thang,bdct1_0.kinh_do,bdct1_0.mo_ta,bdct1_0.ngay_cap_nhat,bdct1_0.ngay_co_the_vao_o,bdct1_0.ngay_dang,bdct1_0.id_nguoi_dang,bdct1_0.phuong_xa,bdct1_0.tieu_de,bdct1_0.tinh_thanhpho,bdct1_0.trang_thai,bdct1_0.vi_do from bai_dang_cho_thue bdct1_0 where (? is null or bdct1_0.tinh_thanhpho like ? escape '') and (? is null or bdct1_0.phuong_xa like ? escape '') and (? is null or bdct1_0.gia_thang>=?) and (? is null or bdct1_0.gia_thang<=?) and (? is null or bdct1_0.dien_tich_m2>=?) and (? is null or bdct1_0.dien_tich_m2<=?) and (? is null or bdct1_0.trang_thai=?) order by bdct1_0.ngay_dang desc
Hibernate: select count(bdct1_0.id) from bai_dang_cho_thue bdct1_0 where (? is null or bdct1_0.tinh_thanhpho like ? escape '') and (? is null or bdct1_0.phuong_xa like ? escape '') and (? is null or bdct1_0.gia_thang>=?) and (? is null or bdct1_0.gia_thang<=?) and (? is null or bdct1_0.dien_tich_m2>=?) and (? is null or bdct1_0.dien_tich_m2<=?) and (? is null or bdct1_0.trang_thai=?)
Hibernate: select u1_0.id,u1_0.avatar,u1_0.email,u1_0.fullname,u1_0.hash_password,u1_0.ngay_cap_nhat,u1_0.ngay_tao,u1_0.role,u1_0.so_dien_thoai from user u1_0 where u1_0.email=?
Hibernate: select bdct1_0.id,bdct1_0.dia_chi_day_du,bdct1_0.dien_tich_m2,bdct1_0.gia_thang,bdct1_0.kinh_do,bdct1_0.mo_ta,bdct1_0.ngay_cap_nhat,bdct1_0.ngay_co_the_vao_o,bdct1_0.ngay_dang,bdct1_0.id_nguoi_dang,bdct1_0.phuong_xa,bdct1_0.tieu_de,bdct1_0.tinh_thanhpho,bdct1_0.trang_thai,bdct1_0.vi_do from bai_dang_cho_thue bdct1_0 where (? is null or bdct1_0.tinh_thanhpho like ? escape '') and (? is null or bdct1_0.phuong_xa like ? escape '') and (? is null or bdct1_0.gia_thang>=?) and (? is null or bdct1_0.gia_thang<=?) and (? is null or bdct1_0.dien_tich_m2>=?) and (? is null or bdct1_0.dien_tich_m2<=?) and (? is null or bdct1_0.trang_thai=?) order by bdct1_0.ngay_dang desc
Hibernate: select count(bdct1_0.id) from bai_dang_cho_thue bdct1_0 where (? is null or bdct1_0.tinh_thanhpho like ? escape '') and (? is null or bdct1_0.phuong_xa like ? escape '') and (? is null or bdct1_0.gia_thang>=?) and (? is null or bdct1_0.gia_thang<=?) and (? is null or bdct1_0.dien_tich_m2>=?) and (? is null or bdct1_0.dien_tich_m2<=?) and (? is null or bdct1_0.trang_thai=?)
Hibernate: select u1_0.id,u1_0.avatar,u1_0.email,u1_0.fullname,u1_0.hash_password,u1_0.ngay_cap_nhat,u1_0.ngay_tao,u1_0.role,u1_0.so_dien_thoai from user u1_0 where u1_0.email=?
Hibernate: select bdct1_0.id,bdct1_0.dia_chi_day_du,bdct1_0.dien_tich_m2,bdct1_0.gia_thang,bdct1_0.kinh_do,bdct1_0.mo_ta,bdct1_0.ngay_cap_nhat,bdct1_0.ngay_co_the_vao_o,bdct1_0.ngay_dang,bdct1_0.id_nguoi_dang,bdct1_0.phuong_xa,bdct1_0.tieu_de,bdct1_0.tinh_thanhpho,bdct1_0.trang_thai,bdct1_0.vi_do from bai_dang_cho_thue bdct1_0 where (? is null or bdct1_0.tinh_thanhpho like ? escape '') and (? is null or bdct1_0.phuong_xa like ? escape '') and (? is null or bdct1_0.gia_thang>=?) and (? is null or bdct1_0.gia_thang<=?) and (? is null or bdct1_0.dien_tich_m2>=?) and (? is null or bdct1_0.dien_tich_m2<=?) and (? is null or bdct1_0.trang_thai=?) order by bdct1_0.ngay_dang desc
Hibernate: select count(bdct1_0.id) from bai_dang_cho_thue bdct1_0 where (? is null or bdct1_0.tinh_thanhpho like ? escape '') and (? is null or bdct1_0.phuong_xa like ? escape '') and (? is null or bdct1_0.gia_thang>=?) and (? is null or bdct1_0.gia_thang<=?) and (? is null or bdct1_0.dien_tich_m2>=?) and (? is null or bdct1_0.dien_tich_m2<=?) and (? is null or bdct1_0.trang_thai=?)
Hibernate: select u1_0.id,u1_0.avatar,u1_0.email,u1_0.fullname,u1_0.hash_password,u1_0.ngay_cap_nhat,u1_0.ngay_tao,u1_0.role,u1_0.so_dien_thoai from user u1_0 where u1_0.email=?
Hibernate: select bdct1_0.id,bdct1_0.dia_chi_day_du,bdct1_0.dien_tich_m2,bdct1_0.gia_thang,bdct1_0.kinh_do,bdct1_0.mo_ta,bdct1_0.ngay_cap_nhat,bdct1_0.ngay_co_the_vao_o,bdct1_0.ngay_dang,bdct1_0.id_nguoi_dang,bdct1_0.phuong_xa,bdct1_0.tieu_de,bdct1_0.tinh_thanhpho,bdct1_0.trang_thai,bdct1_0.vi_do from bai_dang_cho_thue bdct1_0 where (? is null or bdct1_0.tinh_thanhpho like ? escape '') and (? is null or bdct1_0.phuong_xa like ? escape '') and (? is null or bdct1_0.gia_thang>=?) and (? is null or bdct1_0.gia_thang<=?) and (? is null or bdct1_0.dien_tich_m2>=?) and (? is null or bdct1_0.dien_tich_m2<=?) and (? is null or bdct1_0.trang_thai=?) order by bdct1_0.ngay_dang desc
Hibernate: select count(bdct1_0.id) from bai_dang_cho_thue bdct1_0 where (? is null or bdct1_0.tinh_thanhpho like ? escape '') and (? is null or bdct1_0.phuong_xa like ? escape '') and (? is null or bdct1_0.gia_thang>=?) and (? is null or bdct1_0.gia_thang<=?) and (? is null or bdct1_0.dien_tich_m2>=?) and (? is null or bdct1_0.dien_tich_m2<=?) and (? is null or bdct1_0.trang_thai=?)
Hibernate: select u1_0.id,u1_0.avatar,u1_0.email,u1_0.fullname,u1_0.hash_password,u1_0.ngay_cap_nhat,u1_0.ngay_tao,u1_0.role,u1_0.so_dien_thoai from user u1_0 where u1_0.email=?
Hibernate: select bdct1_0.id,bdct1_0.dia_chi_day_du,bdct1_0.dien_tich_m2,bdct1_0.gia_thang,bdct1_0.kinh_do,bdct1_0.mo_ta,bdct1_0.ngay_cap_nhat,bdct1_0.ngay_co_the_vao_o,bdct1_0.ngay_dang,bdct1_0.id_nguoi_dang,bdct1_0.phuong_xa,bdct1_0.tieu_de,bdct1_0.tinh_thanhpho,bdct1_0.trang_thai,bdct1_0.vi_do from bai_dang_cho_thue bdct1_0 where (? is null or bdct1_0.tinh_thanhpho like ? escape '') and (? is null or bdct1_0.phuong_xa like ? escape '') and (? is null or bdct1_0.gia_thang>=?) and (? is null or bdct1_0.gia_thang<=?) and (? is null or bdct1_0.dien_tich_m2>=?) and (? is null or bdct1_0.dien_tich_m2<=?) and (? is null or bdct1_0.trang_thai=?) order by bdct1_0.ngay_dang desc
Hibernate: select count(bdct1_0.id) from bai_dang_cho_thue bdct1_0 where (? is null or bdct1_0.tinh_thanhpho like ? escape '') and (? is null or bdct1_0.phuong_xa like ? escape '') and (? is null or bdct1_0.gia_thang>=?) and (? is null or bdct1_0.gia_thang<=?) and (? is null or bdct1_0.dien_tich_m2>=?) and (? is null or bdct1_0.dien_tich_m2<=?) and (? is null or bdct1_0.trang_thai=?)
Hibernate: select u1_0.id,u1_0.avatar,u1_0.email,u1_0.fullname,u1_0.hash_password,u1_0.ngay_cap_nhat,u1_0.ngay_tao,u1_0.role,u1_0.so_dien_thoai from user u1_0 where u1_0.email=?
Hibernate: select bdct1_0.id,bdct1_0.dia_chi_day_du,bdct1_0.dien_tich_m2,bdct1_0.gia_thang,bdct1_0.kinh_do,bdct1_0.mo_ta,bdct1_0.ngay_cap_nhat,bdct1_0.ngay_co_the_vao_o,bdct1_0.ngay_dang,bdct1_0.id_nguoi_dang,bdct1_0.phuong_xa,bdct1_0.tieu_de,bdct1_0.tinh_thanhpho,bdct1_0.trang_thai,bdct1_0.vi_do from bai_dang_cho_thue bdct1_0 where (? is null or bdct1_0.tinh_thanhpho like ? escape '') and (? is null or bdct1_0.phuong_xa like ? escape '') and (? is null or bdct1_0.gia_thang>=?) and (? is null or bdct1_0.gia_thang<=?) and (? is null or bdct1_0.dien_tich_m2>=?) and (? is null or bdct1_0.dien_tich_m2<=?) and (? is null or bdct1_0.trang_thai=?) order by bdct1_0.ngay_dang desc
Hibernate: select count(bdct1_0.id) from bai_dang_cho_thue bdct1_0 where (? is null or bdct1_0.tinh_thanhpho like ? escape '') and (? is null or bdct1_0.phuong_xa like ? escape '') and (? is null or bdct1_0.gia_thang>=?) and (? is null or bdct1_0.gia_thang<=?) and (? is null or bdct1_0.dien_tich_m2>=?) and (? is null or bdct1_0.dien_tich_m2<=?) and (? is null or bdct1_0.trang_thai=?)
Hibernate: select u1_0.id,u1_0.avatar,u1_0.email,u1_0.fullname,u1_0.hash_password,u1_0.ngay_cap_nhat,u1_0.ngay_tao,u1_0.role,u1_0.so_dien_thoai from user u1_0 where u1_0.email=?
Hibernate: select bdct1_0.id,bdct1_0.dia_chi_day_du,bdct1_0.dien_tich_m2,bdct1_0.gia_thang,bdct1_0.kinh_do,bdct1_0.mo_ta,bdct1_0.ngay_cap_nhat,bdct1_0.ngay_co_the_vao_o,bdct1_0.ngay_dang,bdct1_0.id_nguoi_dang,bdct1_0.phuong_xa,bdct1_0.tieu_de,bdct1_0.tinh_thanhpho,bdct1_0.trang_thai,bdct1_0.vi_do from bai_dang_cho_thue bdct1_0 where (? is null or bdct1_0.tinh_thanhpho like ? escape '') and (? is null or bdct1_0.phuong_xa like ? escape '') and (? is null or bdct1_0.gia_thang>=?) and (? is null or bdct1_0.gia_thang<=?) and (? is null or bdct1_0.dien_tich_m2>=?) and (? is null or bdct1_0.dien_tich_m2<=?) and (? is null or bdct1_0.trang_thai=?) order by bdct1_0.ngay_dang desc
Hibernate: select count(bdct1_0.id) from bai_dang_cho_thue bdct1_0 where (? is null or bdct1_0.tinh_thanhpho like ? escape '') and (? is null or bdct1_0.phuong_xa like ? escape '') and (? is null or bdct1_0.gia_thang>=?) and (? is null or bdct1_0.gia_thang<=?) and (? is null or bdct1_0.dien_tich_m2>=?) and (? is null or bdct1_0.dien_tich_m2<=?) and (? is null or bdct1_0.trang_thai=?)
Hibernate: select u1_0.id,u1_0.avatar,u1_0.email,u1_0.fullname,u1_0.hash_password,u1_0.ngay_cap_nhat,u1_0.ngay_tao,u1_0.role,u1_0.so_dien_thoai from user u1_0 where u1_0.email=?
Hibernate: select bdct1_0.id,bdct1_0.dia_chi_day_du,bdct1_0.dien_tich_m2,bdct1_0.gia_thang,bdct1_0.kinh_do,bdct1_0.mo_ta,bdct1_0.ngay_cap_nhat,bdct1_0.ngay_co_the_vao_o,bdct1_0.ngay_dang,bdct1_0.id_nguoi_dang,bdct1_0.phuong_xa,bdct1_0.tieu_de,bdct1_0.tinh_thanhpho,bdct1_0.trang_thai,bdct1_0.vi_do from bai_dang_cho_thue bdct1_0 where (? is null or bdct1_0.tinh_thanhpho like ? escape '') and (? is null or bdct1_0.phuong_xa like ? escape '') and (? is null or bdct1_0.gia_thang>=?) and (? is null or bdct1_0.gia_thang<=?) and (? is null or bdct1_0.dien_tich_m2>=?) and (? is null or bdct1_0.dien_tich_m2<=?) and (? is null or bdct1_0.trang_thai=?) order by bdct1_0.ngay_dang desc
Hibernate: select count(bdct1_0.id) from bai_dang_cho_thue bdct1_0 where (? is null or bdct1_0.tinh_thanhpho like ? escape '') and (? is null or bdct1_0.phuong_xa like ? escape '') and (? is null or bdct1_0.gia_thang>=?) and (? is null or bdct1_0.gia_thang<=?) and (? is null or bdct1_0.dien_tich_m2>=?) and (? is null or bdct1_0.dien_tich_m2<=?) and (? is null or bdct1_0.trang_thai=?)
Hibernate: select u1_0.id,u1_0.avatar,u1_0.email,u1_0.fullname,u1_0.hash_password,u1_0.ngay_cap_nhat,u1_0.ngay_tao,u1_0.role,u1_0.so_dien_thoai from user u1_0 where u1_0.email=?
Hibernate: select bdct1_0.id,bdct1_0.dia_chi_day_du,bdct1_0.dien_tich_m2,bdct1_0.gia_thang,bdct1_0.kinh_do,bdct1_0.mo_ta,bdct1_0.ngay_cap_nhat,bdct1_0.ngay_co_the_vao_o,bdct1_0.ngay_dang,bdct1_0.id_nguoi_dang,bdct1_0.phuong_xa,bdct1_0.tieu_de,bdct1_0.tinh_thanhpho,bdct1_0.trang_thai,bdct1_0.vi_do from bai_dang_cho_thue bdct1_0 where (? is null or bdct1_0.tinh_thanhpho like ? escape '') and (? is null or bdct1_0.phuong_xa like ? escape '') and (? is null or bdct1_0.gia_thang>=?) and (? is null or bdct1_0.gia_thang<=?) and (? is null or bdct1_0.dien_tich_m2>=?) and (? is null or bdct1_0.dien_tich_m2<=?) and (? is null or bdct1_0.trang_thai=?) order by bdct1_0.ngay_dang desc
Hibernate: select count(bdct1_0.id) from bai_dang_cho_thue bdct1_0 where (? is null or bdct1_0.tinh_thanhpho like ? escape '') and (? is null or bdct1_0.phuong_xa like ? escape '') and (? is null or bdct1_0.gia_thang>=?) and (? is null or bdct1_0.gia_thang<=?) and (? is null or bdct1_0.dien_tich_m2>=?) and (? is null or bdct1_0.dien_tich_m2<=?) and (? is null or bdct1_0.trang_thai=?)
Hibernate: select u1_0.id,u1_0.avatar,u1_0.email,u1_0.fullname,u1_0.hash_password,u1_0.ngay_cap_nhat,u1_0.ngay_tao,u1_0.role,u1_0.so_dien_thoai from user u1_0 where u1_0.email=?
Hibernate: select bdct1_0.id,bdct1_0.dia_chi_day_du,bdct1_0.dien_tich_m2,bdct1_0.gia_thang,bdct1_0.kinh_do,bdct1_0.mo_ta,bdct1_0.ngay_cap_nhat,bdct1_0.ngay_co_the_vao_o,bdct1_0.ngay_dang,bdct1_0.id_nguoi_dang,bdct1_0.phuong_xa,bdct1_0.tieu_de,bdct1_0.tinh_thanhpho,bdct1_0.trang_thai,bdct1_0.vi_do from bai_dang_cho_thue bdct1_0 where (? is null or bdct1_0.tinh_thanhpho like ? escape '') and (? is null or bdct1_0.phuong_xa like ? escape '') and (? is null or bdct1_0.gia_thang>=?) and (? is null or bdct1_0.gia_thang<=?) and (? is null or bdct1_0.dien_tich_m2>=?) and (? is null or bdct1_0.dien_tich_m2<=?) and (? is null or bdct1_0.trang_thai=?) order by bdct1_0.ngay_dang desc
Hibernate: select count(bdct1_0.id) from bai_dang_cho_thue bdct1_0 where (? is null or bdct1_0.tinh_thanhpho like ? escape '') and (? is null or bdct1_0.phuong_xa like ? escape '') and (? is null or bdct1_0.gia_thang>=?) and (? is null or bdct1_0.gia_thang<=?) and (? is null or bdct1_0.dien_tich_m2>=?) and (? is null or bdct1_0.dien_tich_m2<=?) and (? is null or bdct1_0.trang_thai=?)
Hibernate: select u1_0.id,u1_0.avatar,u1_0.email,u1_0.fullname,u1_0.hash_password,u1_0.ngay_cap_nhat,u1_0.ngay_tao,u1_0.role,u1_0.so_dien_thoai from user u1_0 where u1_0.email=?
Hibernate: select bdct1_0.id,bdct1_0.dia_chi_day_du,bdct1_0.dien_tich_m2,bdct1_0.gia_thang,bdct1_0.kinh_do,bdct1_0.mo_ta,bdct1_0.ngay_cap_nhat,bdct1_0.ngay_co_the_vao_o,bdct1_0.ngay_dang,bdct1_0.id_nguoi_dang,bdct1_0.phuong_xa,bdct1_0.tieu_de,bdct1_0.tinh_thanhpho,bdct1_0.trang_thai,bdct1_0.vi_do from bai_dang_cho_thue bdct1_0 where (? is null or bdct1_0.tinh_thanhpho like ? escape '') and (? is null or bdct1_0.phuong_xa like ? escape '') and (? is null or bdct1_0.gia_thang>=?) and (? is null or bdct1_0.gia_thang<=?) and (? is null or bdct1_0.dien_tich_m2>=?) and (? is null or bdct1_0.dien_tich_m2<=?) and (? is null or bdct1_0.trang_thai=?) order by bdct1_0.ngay_dang desc
Hibernate: select count(bdct1_0.id) from bai_dang_cho_thue bdct1_0 where (? is null or bdct1_0.tinh_thanhpho like ? escape '') and (? is null or bdct1_0.phuong_xa like ? escape '') and (? is null or bdct1_0.gia_thang>=?) and (? is null or bdct1_0.gia_thang<=?) and (? is null or bdct1_0.dien_tich_m2>=?) and (? is null or bdct1_0.dien_tich_m2<=?) and (? is null or bdct1_0.trang_thai=?)
Hibernate: select u1_0.id,u1_0.avatar,u1_0.email,u1_0.fullname,u1_0.hash_password,u1_0.ngay_cap_nhat,u1_0.ngay_tao,u1_0.role,u1_0.so_dien_thoai from user u1_0 where u1_0.email=?
Hibernate: select bdct1_0.id,bdct1_0.dia_chi_day_du,bdct1_0.dien_tich_m2,bdct1_0.gia_thang,bdct1_0.kinh_do,bdct1_0.mo_ta,bdct1_0.ngay_cap_nhat,bdct1_0.ngay_co_the_vao_o,bdct1_0.ngay_dang,bdct1_0.id_nguoi_dang,bdct1_0.phuong_xa,bdct1_0.tieu_de,bdct1_0.tinh_thanhpho,bdct1_0.trang_thai,bdct1_0.vi_do from bai_dang_cho_thue bdct1_0 where (? is null or bdct1_0.tinh_thanhpho like ? escape '') and (? is null or bdct1_0.phuong_xa like ? escape '') and (? is null or bdct1_0.gia_thang>=?) and (? is null or bdct1_0.gia_thang<=?) and (? is null or bdct1_0.dien_tich_m2>=?) and (? is null or bdct1_0.dien_tich_m2<=?) and (? is null or bdct1_0.trang_thai=?) order by bdct1_0.ngay_dang desc
Hibernate: select count(bdct1_0.id) from bai_dang_cho_thue bdct1_0 where (? is null or bdct1_0.tinh_thanhpho like ? escape '') and (? is null or bdct1_0.phuong_xa like ? escape '') and (? is null or bdct1_0.gia_thang>=?) and (? is null or bdct1_0.gia_thang<=?) and (? is null or bdct1_0.dien_tich_m2>=?) and (? is null or bdct1_0.dien_tich_m2<=?) and (? is null or bdct1_0.trang_thai=?)
Hibernate: select u1_0.id,u1_0.avatar,u1_0.email,u1_0.fullname,u1_0.hash_password,u1_0.ngay_cap_nhat,u1_0.ngay_tao,u1_0.role,u1_0.so_dien_thoai from user u1_0 where u1_0.email=?
Hibernate: select bdct1_0.id,bdct1_0.dia_chi_day_du,bdct1_0.dien_tich_m2,bdct1_0.gia_thang,bdct1_0.kinh_do,bdct1_0.mo_ta,bdct1_0.ngay_cap_nhat,bdct1_0.ngay_co_the_vao_o,bdct1_0.ngay_dang,bdct1_0.id_nguoi_dang,bdct1_0.phuong_xa,bdct1_0.tieu_de,bdct1_0.tinh_thanhpho,bdct1_0.trang_thai,bdct1_0.vi_do from bai_dang_cho_thue bdct1_0 where (? is null or bdct1_0.tinh_thanhpho like ? escape '') and (? is null or bdct1_0.phuong_xa like ? escape '') and (? is null or bdct1_0.gia_thang>=?) and (? is null or bdct1_0.gia_thang<=?) and (? is null or bdct1_0.dien_tich_m2>=?) and (? is null or bdct1_0.dien_tich_m2<=?) and (? is null or bdct1_0.trang_thai=?) order by bdct1_0.ngay_dang desc
Hibernate: select count(bdct1_0.id) from bai_dang_cho_thue bdct1_0 where (? is null or bdct1_0.tinh_thanhpho like ? escape '') and (? is null or bdct1_0.phuong_xa like ? escape '') and (? is null or bdct1_0.gia_thang>=?) and (? is null or bdct1_0.gia_thang<=?) and (? is null or bdct1_0.dien_tich_m2>=?) and (? is null or bdct1_0.dien_tich_m2<=?) and (? is null or bdct1_0.trang_thai=?)
Hibernate: select u1_0.id,u1_0.avatar,u1_0.email,u1_0.fullname,u1_0.hash_password,u1_0.ngay_cap_nhat,u1_0.ngay_tao,u1_0.role,u1_0.so_dien_thoai from user u1_0 where u1_0.email=?
Hibernate: select bdct1_0.id,bdct1_0.dia_chi_day_du,bdct1_0.dien_tich_m2,bdct1_0.gia_thang,bdct1_0.kinh_do,bdct1_0.mo_ta,bdct1_0.ngay_cap_nhat,bdct1_0.ngay_co_the_vao_o,bdct1_0.ngay_dang,bdct1_0.id_nguoi_dang,bdct1_0.phuong_xa,bdct1_0.tieu_de,bdct1_0.tinh_thanhpho,bdct1_0.trang_thai,bdct1_0.vi_do from bai_dang_cho_thue bdct1_0 where (? is null or bdct1_0.tinh_thanhpho like ? escape '') and (? is null or bdct1_0.phuong_xa like ? escape '') and (? is null or bdct1_0.gia_thang>=?) and (? is null or bdct1_0.gia_thang<=?) and (? is null or bdct1_0.dien_tich_m2>=?) and (? is null or bdct1_0.dien_tich_m2<=?) and (? is null or bdct1_0.trang_thai=?) order by bdct1_0.ngay_dang desc
Hibernate: select count(bdct1_0.id) from bai_dang_cho_thue bdct1_0 where (? is null or bdct1_0.tinh_thanhpho like ? escape '') and (? is null or bdct1_0.phuong_xa like ? escape '') and (? is null or bdct1_0.gia_thang>=?) and (? is null or bdct1_0.gia_thang<=?) and (? is null or bdct1_0.dien_tich_m2>=?) and (? is null or bdct1_0.dien_tich_m2<=?) and (? is null or bdct1_0.trang_thai=?)
Hibernate: select u1_0.id,u1_0.avatar,u1_0.email,u1_0.fullname,u1_0.hash_password,u1_0.ngay_cap_nhat,u1_0.ngay_tao,u1_0.role,u1_0.so_dien_thoai from user u1_0 where u1_0.email=?
Hibernate: select bdct1_0.id,bdct1_0.dia_chi_day_du,bdct1_0.dien_tich_m2,bdct1_0.gia_thang,bdct1_0.kinh_do,bdct1_0.mo_ta,bdct1_0.ngay_cap_nhat,bdct1_0.ngay_co_the_vao_o,bdct1_0.ngay_dang,bdct1_0.id_nguoi_dang,bdct1_0.phuong_xa,bdct1_0.tieu_de,bdct1_0.tinh_thanhpho,bdct1_0.trang_thai,bdct1_0.vi_do from bai_dang_cho_thue bdct1_0 where (? is null or bdct1_0.tinh_thanhpho like ? escape '') and (? is null or bdct1_0.phuong_xa like ? escape '') and (? is null or bdct1_0.gia_thang>=?) and (? is null or bdct1_0.gia_thang<=?) and (? is null or bdct1_0.dien_tich_m2>=?) and (? is null or bdct1_0.dien_tich_m2<=?) and (? is null or bdct1_0.trang_thai=?) order by bdct1_0.ngay_dang desc
Hibernate: select count(bdct1_0.id) from bai_dang_cho_thue bdct1_0 where (? is null or bdct1_0.tinh_thanhpho like ? escape '') and (? is null or bdct1_0.phuong_xa like ? escape '') and (? is null or bdct1_0.gia_thang>=?) and (? is null or bdct1_0.gia_thang<=?) and (? is null or bdct1_0.dien_tich_m2>=?) and (? is null or bdct1_0.dien_tich_m2<=?) and (? is null or bdct1_0.trang_thai=?)
Hibernate: select u1_0.id,u1_0.avatar,u1_0.email,u1_0.fullname,u1_0.hash_password,u1_0.ngay_cap_nhat,u1_0.ngay_tao,u1_0.role,u1_0.so_dien_thoai from user u1_0 where u1_0.email=?
Hibernate: select bdct1_0.id,bdct1_0.dia_chi_day_du,bdct1_0.dien_tich_m2,bdct1_0.gia_thang,bdct1_0.kinh_do,bdct1_0.mo_ta,bdct1_0.ngay_cap_nhat,bdct1_0.ngay_co_the_vao_o,bdct1_0.ngay_dang,bdct1_0.id_nguoi_dang,bdct1_0.phuong_xa,bdct1_0.tieu_de,bdct1_0.tinh_thanhpho,bdct1_0.trang_thai,bdct1_0.vi_do from bai_dang_cho_thue bdct1_0 where (? is null or bdct1_0.tinh_thanhpho like ? escape '') and (? is null or bdct1_0.phuong_xa like ? escape '') and (? is null or bdct1_0.gia_thang>=?) and (? is null or bdct1_0.gia_thang<=?) and (? is null or bdct1_0.dien_tich_m2>=?) and (? is null or bdct1_0.dien_tich_m2<=?) and (? is null or bdct1_0.trang_thai=?) order by bdct1_0.ngay_dang desc
Hibernate: select count(bdct1_0.id) from bai_dang_cho_thue bdct1_0 where (? is null or bdct1_0.tinh_thanhpho like ? escape '') and (? is null or bdct1_0.phuong_xa like ? escape '') and (? is null or bdct1_0.gia_thang>=?) and (? is null or bdct1_0.gia_thang<=?) and (? is null or bdct1_0.dien_tich_m2>=?) and (? is null or bdct1_0.dien_tich_m2<=?) and (? is null or bdct1_0.trang_thai=?)
Hibernate: select u1_0.id,u1_0.avatar,u1_0.email,u1_0.fullname,u1_0.hash_password,u1_0.ngay_cap_nhat,u1_0.ngay_tao,u1_0.role,u1_0.so_dien_thoai from user u1_0 where u1_0.email=?
Hibernate: select bdct1_0.id,bdct1_0.dia_chi_day_du,bdct1_0.dien_tich_m2,bdct1_0.gia_thang,bdct1_0.kinh_do,bdct1_0.mo_ta,bdct1_0.ngay_cap_nhat,bdct1_0.ngay_co_the_vao_o,bdct1_0.ngay_dang,bdct1_0.id_nguoi_dang,bdct1_0.phuong_xa,bdct1_0.tieu_de,bdct1_0.tinh_thanhpho,bdct1_0.trang_thai,bdct1_0.vi_do from bai_dang_cho_thue bdct1_0 where (? is null or bdct1_0.tinh_thanhpho like ? escape '') and (? is null or bdct1_0.phuong_xa like ? escape '') and (? is null or bdct1_0.gia_thang>=?) and (? is null or bdct1_0.gia_thang<=?) and (? is null or bdct1_0.dien_tich_m2>=?) and (? is null or bdct1_0.dien_tich_m2<=?) and (? is null or bdct1_0.trang_thai=?) order by bdct1_0.ngay_dang desc
Hibernate: select count(bdct1_0.id) from bai_dang_cho_thue bdct1_0 where (? is null or bdct1_0.tinh_thanhpho like ? escape '') and (? is null or bdct1_0.phuong_xa like ? escape '') and (? is null or bdct1_0.gia_thang>=?) and (? is null or bdct1_0.gia_thang<=?) and (? is null or bdct1_0.dien_tich_m2>=?) and (? is null or bdct1_0.dien_tich_m2<=?) and (? is null or bdct1_0.trang_thai=?)
Hibernate: select u1_0.id,u1_0.avatar,u1_0.email,u1_0.fullname,u1_0.hash_password,u1_0.ngay_cap_nhat,u1_0.ngay_tao,u1_0.role,u1_0.so_dien_thoai from user u1_0 where u1_0.email=?
Hibernate: select bdct1_0.id,bdct1_0.dia_chi_day_du,bdct1_0.dien_tich_m2,bdct1_0.gia_thang,bdct1_0.kinh_do,bdct1_0.mo_ta,bdct1_0.ngay_cap_nhat,bdct1_0.ngay_co_the_vao_o,bdct1_0.ngay_dang,bdct1_0.id_nguoi_dang,bdct1_0.phuong_xa,bdct1_0.tieu_de,bdct1_0.tinh_thanhpho,bdct1_0.trang_thai,bdct1_0.vi_do from bai_dang_cho_thue bdct1_0 where (? is null or bdct1_0.tinh_thanhpho like ? escape '') and (? is null or bdct1_0.phuong_xa like ? escape '') and (? is null or bdct1_0.gia_thang>=?) and (? is null or bdct1_0.gia_thang<=?) and (? is null or bdct1_0.dien_tich_m2>=?) and (? is null or bdct1_0.dien_tich_m2<=?) and (? is null or bdct1_0.trang_thai=?) order by bdct1_0.ngay_dang desc
Hibernate: select count(bdct1_0.id) from bai_dang_cho_thue bdct1_0 where (? is null or bdct1_0.tinh_thanhpho like ? escape '') and (? is null or bdct1_0.phuong_xa like ? escape '') and (? is null or bdct1_0.gia_thang>=?) and (? is null or bdct1_0.gia_thang<=?) and (? is null or bdct1_0.dien_tich_m2>=?) and (? is null or bdct1_0.dien_tich_m2<=?) and (? is null or bdct1_0.trang_thai=?)
Hibernate: SELECT b.* FROM bai_dang_cho_thue b INNER JOIN user_tracking ut ON b.id = ut.bai_dang_id WHERE ut.user_id = ? AND ut.type = 'like' ORDER BY ut.id DESC
Hibernate: select u1_0.id,u1_0.avatar,u1_0.email,u1_0.fullname,u1_0.hash_password,u1_0.ngay_cap_nhat,u1_0.ngay_tao,u1_0.role,u1_0.so_dien_thoai from user u1_0 where u1_0.id=?
Hibernate: select hapt1_0.duong_dan_anh from hinh_anh_phong_tro hapt1_0 where hapt1_0.id_bai_dang_cho_thue=? and hapt1_0.la_anh_bia=1
Hibernate: select hapt1_0.duong_dan_anh from hinh_anh_phong_tro hapt1_0 where hapt1_0.id_bai_dang_cho_thue=? and hapt1_0.la_anh_bia=1
Hibernate: select hapt1_0.duong_dan_anh from hinh_anh_phong_tro hapt1_0 where hapt1_0.id_bai_dang_cho_thue=? and hapt1_0.la_anh_bia=1
Hibernate: select hapt1_0.duong_dan_anh from hinh_anh_phong_tro hapt1_0 where hapt1_0.id_bai_dang_cho_thue=? and hapt1_0.la_anh_bia=1
Hibernate: select hapt1_0.duong_dan_anh from hinh_anh_phong_tro hapt1_0 where hapt1_0.id_bai_dang_cho_thue=? and hapt1_0.la_anh_bia=1
Hibernate: select hapt1_0.duong_dan_anh from hinh_anh_phong_tro hapt1_0 where hapt1_0.id_bai_dang_cho_thue=? and hapt1_0.la_anh_bia=1
Hibernate: select hapt1_0.duong_dan_anh from hinh_anh_phong_tro hapt1_0 where hapt1_0.id_bai_dang_cho_thue=? and hapt1_0.la_anh_bia=1
Hibernate: select hapt1_0.duong_dan_anh from hinh_anh_phong_tro hapt1_0 where hapt1_0.id_bai_dang_cho_thue=? and hapt1_0.la_anh_bia=1
Hibernate: select u1_0.id,u1_0.avatar,u1_0.email,u1_0.fullname,u1_0.hash_password,u1_0.ngay_cap_nhat,u1_0.ngay_tao,u1_0.role,u1_0.so_dien_thoai from user u1_0 where u1_0.email=?
Hibernate: select bdct1_0.id,bdct1_0.dia_chi_day_du,bdct1_0.dien_tich_m2,bdct1_0.gia_thang,bdct1_0.kinh_do,bdct1_0.mo_ta,bdct1_0.ngay_cap_nhat,bdct1_0.ngay_co_the_vao_o,bdct1_0.ngay_dang,bdct1_0.id_nguoi_dang,bdct1_0.phuong_xa,bdct1_0.tieu_de,bdct1_0.tinh_thanhpho,bdct1_0.trang_thai,bdct1_0.vi_do from bai_dang_cho_thue bdct1_0 where (? is null or bdct1_0.tinh_thanhpho like ? escape '') and (? is null or bdct1_0.phuong_xa like ? escape '') and (? is null or bdct1_0.gia_thang>=?) and (? is null or bdct1_0.gia_thang<=?) and (? is null or bdct1_0.dien_tich_m2>=?) and (? is null or bdct1_0.dien_tich_m2<=?) and (? is null or bdct1_0.trang_thai=?) order by bdct1_0.ngay_dang desc
Hibernate: select count(bdct1_0.id) from bai_dang_cho_thue bdct1_0 where (? is null or bdct1_0.tinh_thanhpho like ? escape '') and (? is null or bdct1_0.phuong_xa like ? escape '') and (? is null or bdct1_0.gia_thang>=?) and (? is null or bdct1_0.gia_thang<=?) and (? is null or bdct1_0.dien_tich_m2>=?) and (? is null or bdct1_0.dien_tich_m2<=?) and (? is null or bdct1_0.trang_thai=?)
Hibernate: select u1_0.id,u1_0.avatar,u1_0.email,u1_0.fullname,u1_0.hash_password,u1_0.ngay_cap_nhat,u1_0.ngay_tao,u1_0.role,u1_0.so_dien_thoai from user u1_0 where u1_0.email=?
Hibernate: select bdct1_0.id,bdct1_0.dia_chi_day_du,bdct1_0.dien_tich_m2,bdct1_0.gia_thang,bdct1_0.kinh_do,bdct1_0.mo_ta,bdct1_0.ngay_cap_nhat,bdct1_0.ngay_co_the_vao_o,bdct1_0.ngay_dang,bdct1_0.id_nguoi_dang,bdct1_0.phuong_xa,bdct1_0.tieu_de,bdct1_0.tinh_thanhpho,bdct1_0.trang_thai,bdct1_0.vi_do from bai_dang_cho_thue bdct1_0 where (? is null or bdct1_0.tinh_thanhpho like ? escape '') and (? is null or bdct1_0.phuong_xa like ? escape '') and (? is null or bdct1_0.gia_thang>=?) and (? is null or bdct1_0.gia_thang<=?) and (? is null or bdct1_0.dien_tich_m2>=?) and (? is null or bdct1_0.dien_tich_m2<=?) and (? is null or bdct1_0.trang_thai=?) order by bdct1_0.ngay_dang desc
Hibernate: select count(bdct1_0.id) from bai_dang_cho_thue bdct1_0 where (? is null or bdct1_0.tinh_thanhpho like ? escape '') and (? is null or bdct1_0.phuong_xa like ? escape '') and (? is null or bdct1_0.gia_thang>=?) and (? is null or bdct1_0.gia_thang<=?) and (? is null or bdct1_0.dien_tich_m2>=?) and (? is null or bdct1_0.dien_tich_m2<=?) and (? is null or bdct1_0.trang_thai=?)
Hibernate: select u1_0.id,u1_0.avatar,u1_0.email,u1_0.fullname,u1_0.hash_password,u1_0.ngay_cap_nhat,u1_0.ngay_tao,u1_0.role,u1_0.so_dien_thoai from user u1_0 where u1_0.email=?
Hibernate: select bdct1_0.id,bdct1_0.dia_chi_day_du,bdct1_0.dien_tich_m2,bdct1_0.gia_thang,bdct1_0.kinh_do,bdct1_0.mo_ta,bdct1_0.ngay_cap_nhat,bdct1_0.ngay_co_the_vao_o,bdct1_0.ngay_dang,bdct1_0.id_nguoi_dang,bdct1_0.phuong_xa,bdct1_0.tieu_de,bdct1_0.tinh_thanhpho,bdct1_0.trang_thai,bdct1_0.vi_do from bai_dang_cho_thue bdct1_0 where (? is null or bdct1_0.tinh_thanhpho like ? escape '') and (? is null or bdct1_0.phuong_xa like ? escape '') and (? is null or bdct1_0.gia_thang>=?) and (? is null or bdct1_0.gia_thang<=?) and (? is null or bdct1_0.dien_tich_m2>=?) and (? is null or bdct1_0.dien_tich_m2<=?) and (? is null or bdct1_0.trang_thai=?) order by bdct1_0.ngay_dang desc
Hibernate: select count(bdct1_0.id) from bai_dang_cho_thue bdct1_0 where (? is null or bdct1_0.tinh_thanhpho like ? escape '') and (? is null or bdct1_0.phuong_xa like ? escape '') and (? is null or bdct1_0.gia_thang>=?) and (? is null or bdct1_0.gia_thang<=?) and (? is null or bdct1_0.dien_tich_m2>=?) and (? is null or bdct1_0.dien_tich_m2<=?) and (? is null or bdct1_0.trang_thai=?)
Hibernate: select u1_0.id,u1_0.avatar,u1_0.email,u1_0.fullname,u1_0.hash_password,u1_0.ngay_cap_nhat,u1_0.ngay_tao,u1_0.role,u1_0.so_dien_thoai from user u1_0 where u1_0.email=?
Hibernate: select bdct1_0.id,bdct1_0.dia_chi_day_du,bdct1_0.dien_tich_m2,bdct1_0.gia_thang,bdct1_0.kinh_do,bdct1_0.mo_ta,bdct1_0.ngay_cap_nhat,bdct1_0.ngay_co_the_vao_o,bdct1_0.ngay_dang,bdct1_0.id_nguoi_dang,bdct1_0.phuong_xa,bdct1_0.tieu_de,bdct1_0.tinh_thanhpho,bdct1_0.trang_thai,bdct1_0.vi_do from bai_dang_cho_thue bdct1_0 where (? is null or bdct1_0.tinh_thanhpho like ? escape '') and (? is null or bdct1_0.phuong_xa like ? escape '') and (? is null or bdct1_0.gia_thang>=?) and (? is null or bdct1_0.gia_thang<=?) and (? is null or bdct1_0.dien_tich_m2>=?) and (? is null or bdct1_0.dien_tich_m2<=?) and (? is null or bdct1_0.trang_thai=?) order by bdct1_0.ngay_dang desc
Hibernate: select count(bdct1_0.id) from bai_dang_cho_thue bdct1_0 where (? is null or bdct1_0.tinh_thanhpho like ? escape '') and (? is null or bdct1_0.phuong_xa like ? escape '') and (? is null or bdct1_0.gia_thang>=?) and (? is null or bdct1_0.gia_thang<=?) and (? is null or bdct1_0.dien_tich_m2>=?) and (? is null or bdct1_0.dien_tich_m2<=?) and (? is null or bdct1_0.trang_thai=?)
Hibernate: select u1_0.id,u1_0.avatar,u1_0.email,u1_0.fullname,u1_0.hash_password,u1_0.ngay_cap_nhat,u1_0.ngay_tao,u1_0.role,u1_0.so_dien_thoai from user u1_0 where u1_0.email=?
Hibernate: select bdct1_0.id,bdct1_0.dia_chi_day_du,bdct1_0.dien_tich_m2,bdct1_0.gia_thang,bdct1_0.kinh_do,bdct1_0.mo_ta,bdct1_0.ngay_cap_nhat,bdct1_0.ngay_co_the_vao_o,bdct1_0.ngay_dang,bdct1_0.id_nguoi_dang,bdct1_0.phuong_xa,bdct1_0.tieu_de,bdct1_0.tinh_thanhpho,bdct1_0.trang_thai,bdct1_0.vi_do from bai_dang_cho_thue bdct1_0 where (? is null or bdct1_0.tinh_thanhpho like ? escape '') and (? is null or bdct1_0.phuong_xa like ? escape '') and (? is null or bdct1_0.gia_thang>=?) and (? is null or bdct1_0.gia_thang<=?) and (? is null or bdct1_0.dien_tich_m2>=?) and (? is null or bdct1_0.dien_tich_m2<=?) and (? is null or bdct1_0.trang_thai=?) order by bdct1_0.ngay_dang desc
Hibernate: select count(bdct1_0.id) from bai_dang_cho_thue bdct1_0 where (? is null or bdct1_0.tinh_thanhpho like ? escape '') and (? is null or bdct1_0.phuong_xa like ? escape '') and (? is null or bdct1_0.gia_thang>=?) and (? is null or bdct1_0.gia_thang<=?) and (? is null or bdct1_0.dien_tich_m2>=?) and (? is null or bdct1_0.dien_tich_m2<=?) and (? is null or bdct1_0.trang_thai=?)
Hibernate: select u1_0.id,u1_0.avatar,u1_0.email,u1_0.fullname,u1_0.hash_password,u1_0.ngay_cap_nhat,u1_0.ngay_tao,u1_0.role,u1_0.so_dien_thoai from user u1_0 where u1_0.email=?
Hibernate: select bdct1_0.id,bdct1_0.dia_chi_day_du,bdct1_0.dien_tich_m2,bdct1_0.gia_thang,bdct1_0.kinh_do,bdct1_0.mo_ta,bdct1_0.ngay_cap_nhat,bdct1_0.ngay_co_the_vao_o,bdct1_0.ngay_dang,bdct1_0.id_nguoi_dang,bdct1_0.phuong_xa,bdct1_0.tieu_de,bdct1_0.tinh_thanhpho,bdct1_0.trang_thai,bdct1_0.vi_do from bai_dang_cho_thue bdct1_0 where (? is null or bdct1_0.tinh_thanhpho like ? escape '') and (? is null or bdct1_0.phuong_xa like ? escape '') and (? is null or bdct1_0.gia_thang>=?) and (? is null or bdct1_0.gia_thang<=?) and (? is null or bdct1_0.dien_tich_m2>=?) and (? is null or bdct1_0.dien_tich_m2<=?) and (? is null or bdct1_0.trang_thai=?) order by bdct1_0.ngay_dang desc
Hibernate: select count(bdct1_0.id) from bai_dang_cho_thue bdct1_0 where (? is null or bdct1_0.tinh_thanhpho like ? escape '') and (? is null or bdct1_0.phuong_xa like ? escape '') and (? is null or bdct1_0.gia_thang>=?) and (? is null or bdct1_0.gia_thang<=?) and (? is null or bdct1_0.dien_tich_m2>=?) and (? is null or bdct1_0.dien_tich_m2<=?) and (? is null or bdct1_0.trang_thai=?)
Hibernate: select u1_0.id,u1_0.avatar,u1_0.email,u1_0.fullname,u1_0.hash_password,u1_0.ngay_cap_nhat,u1_0.ngay_tao,u1_0.role,u1_0.so_dien_thoai from user u1_0 where u1_0.email=?
Hibernate: select bdct1_0.id,bdct1_0.dia_chi_day_du,bdct1_0.dien_tich_m2,bdct1_0.gia_thang,bdct1_0.kinh_do,bdct1_0.mo_ta,bdct1_0.ngay_cap_nhat,bdct1_0.ngay_co_the_vao_o,bdct1_0.ngay_dang,bdct1_0.id_nguoi_dang,bdct1_0.phuong_xa,bdct1_0.tieu_de,bdct1_0.tinh_thanhpho,bdct1_0.trang_thai,bdct1_0.vi_do from bai_dang_cho_thue bdct1_0 where (? is null or bdct1_0.tinh_thanhpho like ? escape '') and (? is null or bdct1_0.phuong_xa like ? escape '') and (? is null or bdct1_0.gia_thang>=?) and (? is null or bdct1_0.gia_thang<=?) and (? is null or bdct1_0.dien_tich_m2>=?) and (? is null or bdct1_0.dien_tich_m2<=?) and (? is null or bdct1_0.trang_thai=?) order by bdct1_0.ngay_dang desc
Hibernate: select count(bdct1_0.id) from bai_dang_cho_thue bdct1_0 where (? is null or bdct1_0.tinh_thanhpho like ? escape '') and (? is null or bdct1_0.phuong_xa like ? escape '') and (? is null or bdct1_0.gia_thang>=?) and (? is null or bdct1_0.gia_thang<=?) and (? is null or bdct1_0.dien_tich_m2>=?) and (? is null or bdct1_0.dien_tich_m2<=?) and (? is null or bdct1_0.trang_thai=?)
Hibernate: select u1_0.id,u1_0.avatar,u1_0.email,u1_0.fullname,u1_0.hash_password,u1_0.ngay_cap_nhat,u1_0.ngay_tao,u1_0.role,u1_0.so_dien_thoai from user u1_0 where u1_0.email=?
Hibernate: select bdct1_0.id,bdct1_0.dia_chi_day_du,bdct1_0.dien_tich_m2,bdct1_0.gia_thang,bdct1_0.kinh_do,bdct1_0.mo_ta,bdct1_0.ngay_cap_nhat,bdct1_0.ngay_co_the_vao_o,bdct1_0.ngay_dang,bdct1_0.id_nguoi_dang,bdct1_0.phuong_xa,bdct1_0.tieu_de,bdct1_0.tinh_thanhpho,bdct1_0.trang_thai,bdct1_0.vi_do from bai_dang_cho_thue bdct1_0 where (? is null or bdct1_0.tinh_thanhpho like ? escape '') and (? is null or bdct1_0.phuong_xa like ? escape '') and (? is null or bdct1_0.gia_thang>=?) and (? is null or bdct1_0.gia_thang<=?) and (? is null or bdct1_0.dien_tich_m2>=?) and (? is null or bdct1_0.dien_tich_m2<=?) and (? is null or bdct1_0.trang_thai=?) order by bdct1_0.ngay_dang desc
Hibernate: select count(bdct1_0.id) from bai_dang_cho_thue bdct1_0 where (? is null or bdct1_0.tinh_thanhpho like ? escape '') and (? is null or bdct1_0.phuong_xa like ? escape '') and (? is null or bdct1_0.gia_thang>=?) and (? is null or bdct1_0.gia_thang<=?) and (? is null or bdct1_0.dien_tich_m2>=?) and (? is null or bdct1_0.dien_tich_m2<=?) and (? is null or bdct1_0.trang_thai=?)
Hibernate: select u1_0.id,u1_0.avatar,u1_0.email,u1_0.fullname,u1_0.hash_password,u1_0.ngay_cap_nhat,u1_0.ngay_tao,u1_0.role,u1_0.so_dien_thoai from user u1_0 where u1_0.email=?
Hibernate: select bdct1_0.id,bdct1_0.dia_chi_day_du,bdct1_0.dien_tich_m2,bdct1_0.gia_thang,bdct1_0.kinh_do,bdct1_0.mo_ta,bdct1_0.ngay_cap_nhat,bdct1_0.ngay_co_the_vao_o,bdct1_0.ngay_dang,bdct1_0.id_nguoi_dang,bdct1_0.phuong_xa,bdct1_0.tieu_de,bdct1_0.tinh_thanhpho,bdct1_0.trang_thai,bdct1_0.vi_do from bai_dang_cho_thue bdct1_0 where (? is null or bdct1_0.tinh_thanhpho like ? escape '') and (? is null or bdct1_0.phuong_xa like ? escape '') and (? is null or bdct1_0.gia_thang>=?) and (? is null or bdct1_0.gia_thang<=?) and (? is null or bdct1_0.dien_tich_m2>=?) and (? is null or bdct1_0.dien_tich_m2<=?) and (? is null or bdct1_0.trang_thai=?) order by bdct1_0.ngay_dang desc
Hibernate: select count(bdct1_0.id) from bai_dang_cho_thue bdct1_0 where (? is null or bdct1_0.tinh_thanhpho like ? escape '') and (? is null or bdct1_0.phuong_xa like ? escape '') and (? is null or bdct1_0.gia_thang>=?) and (? is null or bdct1_0.gia_thang<=?) and (? is null or bdct1_0.dien_tich_m2>=?) and (? is null or bdct1_0.dien_tich_m2<=?) and (? is null or bdct1_0.trang_thai=?)
Hibernate: select u1_0.id,u1_0.avatar,u1_0.email,u1_0.fullname,u1_0.hash_password,u1_0.ngay_cap_nhat,u1_0.ngay_tao,u1_0.role,u1_0.so_dien_thoai from user u1_0 where u1_0.email=?
Hibernate: select bdct1_0.id,bdct1_0.dia_chi_day_du,bdct1_0.dien_tich_m2,bdct1_0.gia_thang,bdct1_0.kinh_do,bdct1_0.mo_ta,bdct1_0.ngay_cap_nhat,bdct1_0.ngay_co_the_vao_o,bdct1_0.ngay_dang,bdct1_0.id_nguoi_dang,bdct1_0.phuong_xa,bdct1_0.tieu_de,bdct1_0.tinh_thanhpho,bdct1_0.trang_thai,bdct1_0.vi_do from bai_dang_cho_thue bdct1_0 where (? is null or bdct1_0.tinh_thanhpho like ? escape '') and (? is null or bdct1_0.phuong_xa like ? escape '') and (? is null or bdct1_0.gia_thang>=?) and (? is null or bdct1_0.gia_thang<=?) and (? is null or bdct1_0.dien_tich_m2>=?) and (? is null or bdct1_0.dien_tich_m2<=?) and (? is null or bdct1_0.trang_thai=?) order by bdct1_0.ngay_dang desc
Hibernate: select count(bdct1_0.id) from bai_dang_cho_thue bdct1_0 where (? is null or bdct1_0.tinh_thanhpho like ? escape '') and (? is null or bdct1_0.phuong_xa like ? escape '') and (? is null or bdct1_0.gia_thang>=?) and (? is null or bdct1_0.gia_thang<=?) and (? is null or bdct1_0.dien_tich_m2>=?) and (? is null or bdct1_0.dien_tich_m2<=?) and (? is null or bdct1_0.trang_thai=?)
Hibernate: select u1_0.id,u1_0.avatar,u1_0.email,u1_0.fullname,u1_0.hash_password,u1_0.ngay_cap_nhat,u1_0.ngay_tao,u1_0.role,u1_0.so_dien_thoai from user u1_0 where u1_0.email=?
Hibernate: select bdct1_0.id,bdct1_0.dia_chi_day_du,bdct1_0.dien_tich_m2,bdct1_0.gia_thang,bdct1_0.kinh_do,bdct1_0.mo_ta,bdct1_0.ngay_cap_nhat,bdct1_0.ngay_co_the_vao_o,bdct1_0.ngay_dang,bdct1_0.id_nguoi_dang,bdct1_0.phuong_xa,bdct1_0.tieu_de,bdct1_0.tinh_thanhpho,bdct1_0.trang_thai,bdct1_0.vi_do from bai_dang_cho_thue bdct1_0 where (? is null or bdct1_0.tinh_thanhpho like ? escape '') and (? is null or bdct1_0.phuong_xa like ? escape '') and (? is null or bdct1_0.gia_thang>=?) and (? is null or bdct1_0.gia_thang<=?) and (? is null or bdct1_0.dien_tich_m2>=?) and (? is null or bdct1_0.dien_tich_m2<=?) and (? is null or bdct1_0.trang_thai=?) order by bdct1_0.ngay_dang desc
Hibernate: select count(bdct1_0.id) from bai_dang_cho_thue bdct1_0 where (? is null or bdct1_0.tinh_thanhpho like ? escape '') and (? is null or bdct1_0.phuong_xa like ? escape '') and (? is null or bdct1_0.gia_thang>=?) and (? is null or bdct1_0.gia_thang<=?) and (? is null or bdct1_0.dien_tich_m2>=?) and (? is null or bdct1_0.dien_tich_m2<=?) and (? is null or bdct1_0.trang_thai=?)
Hibernate: select u1_0.id,u1_0.avatar,u1_0.email,u1_0.fullname,u1_0.hash_password,u1_0.ngay_cap_nhat,u1_0.ngay_tao,u1_0.role,u1_0.so_dien_thoai from user u1_0 where u1_0.email=?
Hibernate: select bdct1_0.id,bdct1_0.dia_chi_day_du,bdct1_0.dien_tich_m2,bdct1_0.gia_thang,bdct1_0.kinh_do,bdct1_0.mo_ta,bdct1_0.ngay_cap_nhat,bdct1_0.ngay_co_the_vao_o,bdct1_0.ngay_dang,bdct1_0.id_nguoi_dang,bdct1_0.phuong_xa,bdct1_0.tieu_de,bdct1_0.tinh_thanhpho,bdct1_0.trang_thai,bdct1_0.vi_do from bai_dang_cho_thue bdct1_0 where (? is null or bdct1_0.tinh_thanhpho like ? escape '') and (? is null or bdct1_0.phuong_xa like ? escape '') and (? is null or bdct1_0.gia_thang>=?) and (? is null or bdct1_0.gia_thang<=?) and (? is null or bdct1_0.dien_tich_m2>=?) and (? is null or bdct1_0.dien_tich_m2<=?) and (? is null or bdct1_0.trang_thai=?) order by bdct1_0.ngay_dang desc
Hibernate: select count(bdct1_0.id) from bai_dang_cho_thue bdct1_0 where (? is null or bdct1_0.tinh_thanhpho like ? escape '') and (? is null or bdct1_0.phuong_xa like ? escape '') and (? is null or bdct1_0.gia_thang>=?) and (? is null or bdct1_0.gia_thang<=?) and (? is null or bdct1_0.dien_tich_m2>=?) and (? is null or bdct1_0.dien_tich_m2<=?) and (? is null or bdct1_0.trang_thai=?)
Hibernate: select u1_0.id,u1_0.avatar,u1_0.email,u1_0.fullname,u1_0.hash_password,u1_0.ngay_cap_nhat,u1_0.ngay_tao,u1_0.role,u1_0.so_dien_thoai from user u1_0 where u1_0.email=?
Hibernate: select bdct1_0.id,bdct1_0.dia_chi_day_du,bdct1_0.dien_tich_m2,bdct1_0.gia_thang,bdct1_0.kinh_do,bdct1_0.mo_ta,bdct1_0.ngay_cap_nhat,bdct1_0.ngay_co_the_vao_o,bdct1_0.ngay_dang,bdct1_0.id_nguoi_dang,bdct1_0.phuong_xa,bdct1_0.tieu_de,bdct1_0.tinh_thanhpho,bdct1_0.trang_thai,bdct1_0.vi_do from bai_dang_cho_thue bdct1_0 where (? is null or bdct1_0.tinh_thanhpho like ? escape '') and (? is null or bdct1_0.phuong_xa like ? escape '') and (? is null or bdct1_0.gia_thang>=?) and (? is null or bdct1_0.gia_thang<=?) and (? is null or bdct1_0.dien_tich_m2>=?) and (? is null or bdct1_0.dien_tich_m2<=?) and (? is null or bdct1_0.trang_thai=?) order by bdct1_0.ngay_dang desc
Hibernate: select count(bdct1_0.id) from bai_dang_cho_thue bdct1_0 where (? is null or bdct1_0.tinh_thanhpho like ? escape '') and (? is null or bdct1_0.phuong_xa like ? escape '') and (? is null or bdct1_0.gia_thang>=?) and (? is null or bdct1_0.gia_thang<=?) and (? is null or bdct1_0.dien_tich_m2>=?) and (? is null or bdct1_0.dien_tich_m2<=?) and (? is null or bdct1_0.trang_thai=?)
Hibernate: select u1_0.id,u1_0.avatar,u1_0.email,u1_0.fullname,u1_0.hash_password,u1_0.ngay_cap_nhat,u1_0.ngay_tao,u1_0.role,u1_0.so_dien_thoai from user u1_0 where u1_0.email=?
Hibernate: select bdct1_0.id,bdct1_0.dia_chi_day_du,bdct1_0.dien_tich_m2,bdct1_0.gia_thang,bdct1_0.kinh_do,bdct1_0.mo_ta,bdct1_0.ngay_cap_nhat,bdct1_0.ngay_co_the_vao_o,bdct1_0.ngay_dang,bdct1_0.id_nguoi_dang,bdct1_0.phuong_xa,bdct1_0.tieu_de,bdct1_0.tinh_thanhpho,bdct1_0.trang_thai,bdct1_0.vi_do from bai_dang_cho_thue bdct1_0 where (? is null or bdct1_0.tinh_thanhpho like ? escape '') and (? is null or bdct1_0.phuong_xa like ? escape '') and (? is null or bdct1_0.gia_thang>=?) and (? is null or bdct1_0.gia_thang<=?) and (? is null or bdct1_0.dien_tich_m2>=?) and (? is null or bdct1_0.dien_tich_m2<=?) and (? is null or bdct1_0.trang_thai=?) order by bdct1_0.ngay_dang desc
Hibernate: select count(bdct1_0.id) from bai_dang_cho_thue bdct1_0 where (? is null or bdct1_0.tinh_thanhpho like ? escape '') and (? is null or bdct1_0.phuong_xa like ? escape '') and (? is null or bdct1_0.gia_thang>=?) and (? is null or bdct1_0.gia_thang<=?) and (? is null or bdct1_0.dien_tich_m2>=?) and (? is null or bdct1_0.dien_tich_m2<=?) and (? is null or bdct1_0.trang_thai=?)
Hibernate: select u1_0.id,u1_0.avatar,u1_0.email,u1_0.fullname,u1_0.hash_password,u1_0.ngay_cap_nhat,u1_0.ngay_tao,u1_0.role,u1_0.so_dien_thoai from user u1_0 where u1_0.email=?
Hibernate: select bdct1_0.id,bdct1_0.dia_chi_day_du,bdct1_0.dien_tich_m2,bdct1_0.gia_thang,bdct1_0.kinh_do,bdct1_0.mo_ta,bdct1_0.ngay_cap_nhat,bdct1_0.ngay_co_the_vao_o,bdct1_0.ngay_dang,bdct1_0.id_nguoi_dang,bdct1_0.phuong_xa,bdct1_0.tieu_de,bdct1_0.tinh_thanhpho,bdct1_0.trang_thai,bdct1_0.vi_do from bai_dang_cho_thue bdct1_0 where (? is null or bdct1_0.tinh_thanhpho like ? escape '') and (? is null or bdct1_0.phuong_xa like ? escape '') and (? is null or bdct1_0.gia_thang>=?) and (? is null or bdct1_0.gia_thang<=?) and (? is null or bdct1_0.dien_tich_m2>=?) and (? is null or bdct1_0.dien_tich_m2<=?) and (? is null or bdct1_0.trang_thai=?) order by bdct1_0.ngay_dang desc
Hibernate: select count(bdct1_0.id) from bai_dang_cho_thue bdct1_0 where (? is null or bdct1_0.tinh_thanhpho like ? escape '') and (? is null or bdct1_0.phuong_xa like ? escape '') and (? is null or bdct1_0.gia_thang>=?) and (? is null or bdct1_0.gia_thang<=?) and (? is null or bdct1_0.dien_tich_m2>=?) and (? is null or bdct1_0.dien_tich_m2<=?) and (? is null or bdct1_0.trang_thai=?)
Hibernate: select u1_0.id,u1_0.avatar,u1_0.email,u1_0.fullname,u1_0.hash_password,u1_0.ngay_cap_nhat,u1_0.ngay_tao,u1_0.role,u1_0.so_dien_thoai from user u1_0 where u1_0.email=?
Hibernate: select bdct1_0.id,bdct1_0.dia_chi_day_du,bdct1_0.dien_tich_m2,bdct1_0.gia_thang,bdct1_0.kinh_do,bdct1_0.mo_ta,bdct1_0.ngay_cap_nhat,bdct1_0.ngay_co_the_vao_o,bdct1_0.ngay_dang,bdct1_0.id_nguoi_dang,bdct1_0.phuong_xa,bdct1_0.tieu_de,bdct1_0.tinh_thanhpho,bdct1_0.trang_thai,bdct1_0.vi_do from bai_dang_cho_thue bdct1_0 where (? is null or bdct1_0.tinh_thanhpho like ? escape '') and (? is null or bdct1_0.phuong_xa like ? escape '') and (? is null or bdct1_0.gia_thang>=?) and (? is null or bdct1_0.gia_thang<=?) and (? is null or bdct1_0.dien_tich_m2>=?) and (? is null or bdct1_0.dien_tich_m2<=?) and (? is null or bdct1_0.trang_thai=?) order by bdct1_0.ngay_dang desc
Hibernate: select count(bdct1_0.id) from bai_dang_cho_thue bdct1_0 where (? is null or bdct1_0.tinh_thanhpho like ? escape '') and (? is null or bdct1_0.phuong_xa like ? escape '') and (? is null or bdct1_0.gia_thang>=?) and (? is null or bdct1_0.gia_thang<=?) and (? is null or bdct1_0.dien_tich_m2>=?) and (? is null or bdct1_0.dien_tich_m2<=?) and (? is null or bdct1_0.trang_thai=?)
Hibernate: select u1_0.id,u1_0.avatar,u1_0.email,u1_0.fullname,u1_0.hash_password,u1_0.ngay_cap_nhat,u1_0.ngay_tao,u1_0.role,u1_0.so_dien_thoai from user u1_0 where u1_0.email=?
Hibernate: select bdct1_0.id,bdct1_0.dia_chi_day_du,bdct1_0.dien_tich_m2,bdct1_0.gia_thang,bdct1_0.kinh_do,bdct1_0.mo_ta,bdct1_0.ngay_cap_nhat,bdct1_0.ngay_co_the_vao_o,bdct1_0.ngay_dang,bdct1_0.id_nguoi_dang,bdct1_0.phuong_xa,bdct1_0.tieu_de,bdct1_0.tinh_thanhpho,bdct1_0.trang_thai,bdct1_0.vi_do from bai_dang_cho_thue bdct1_0 where (? is null or bdct1_0.tinh_thanhpho like ? escape '') and (? is null or bdct1_0.phuong_xa like ? escape '') and (? is null or bdct1_0.gia_thang>=?) and (? is null or bdct1_0.gia_thang<=?) and (? is null or bdct1_0.dien_tich_m2>=?) and (? is null or bdct1_0.dien_tich_m2<=?) and (? is null or bdct1_0.trang_thai=?) order by bdct1_0.ngay_dang desc
Hibernate: select count(bdct1_0.id) from bai_dang_cho_thue bdct1_0 where (? is null or bdct1_0.tinh_thanhpho like ? escape '') and (? is null or bdct1_0.phuong_xa like ? escape '') and (? is null or bdct1_0.gia_thang>=?) and (? is null or bdct1_0.gia_thang<=?) and (? is null or bdct1_0.dien_tich_m2>=?) and (? is null or bdct1_0.dien_tich_m2<=?) and (? is null or bdct1_0.trang_thai=?)
Hibernate: select u1_0.id,u1_0.avatar,u1_0.email,u1_0.fullname,u1_0.hash_password,u1_0.ngay_cap_nhat,u1_0.ngay_tao,u1_0.role,u1_0.so_dien_thoai from user u1_0 where u1_0.email=?
Hibernate: select bdct1_0.id,bdct1_0.dia_chi_day_du,bdct1_0.dien_tich_m2,bdct1_0.gia_thang,bdct1_0.kinh_do,bdct1_0.mo_ta,bdct1_0.ngay_cap_nhat,bdct1_0.ngay_co_the_vao_o,bdct1_0.ngay_dang,bdct1_0.id_nguoi_dang,bdct1_0.phuong_xa,bdct1_0.tieu_de,bdct1_0.tinh_thanhpho,bdct1_0.trang_thai,bdct1_0.vi_do from bai_dang_cho_thue bdct1_0 where (? is null or bdct1_0.tinh_thanhpho like ? escape '') and (? is null or bdct1_0.phuong_xa like ? escape '') and (? is null or bdct1_0.gia_thang>=?) and (? is null or bdct1_0.gia_thang<=?) and (? is null or bdct1_0.dien_tich_m2>=?) and (? is null or bdct1_0.dien_tich_m2<=?) and (? is null or bdct1_0.trang_thai=?) order by bdct1_0.ngay_dang desc
Hibernate: select count(bdct1_0.id) from bai_dang_cho_thue bdct1_0 where (? is null or bdct1_0.tinh_thanhpho like ? escape '') and (? is null or bdct1_0.phuong_xa like ? escape '') and (? is null or bdct1_0.gia_thang>=?) and (? is null or bdct1_0.gia_thang<=?) and (? is null or bdct1_0.dien_tich_m2>=?) and (? is null or bdct1_0.dien_tich_m2<=?) and (? is null or bdct1_0.trang_thai=?)
Hibernate: select u1_0.id,u1_0.avatar,u1_0.email,u1_0.fullname,u1_0.hash_password,u1_0.ngay_cap_nhat,u1_0.ngay_tao,u1_0.role,u1_0.so_dien_thoai from user u1_0 where u1_0.email=?
Hibernate: select bdct1_0.id,bdct1_0.dia_chi_day_du,bdct1_0.dien_tich_m2,bdct1_0.gia_thang,bdct1_0.kinh_do,bdct1_0.mo_ta,bdct1_0.ngay_cap_nhat,bdct1_0.ngay_co_the_vao_o,bdct1_0.ngay_dang,bdct1_0.id_nguoi_dang,bdct1_0.phuong_xa,bdct1_0.tieu_de,bdct1_0.tinh_thanhpho,bdct1_0.trang_thai,bdct1_0.vi_do from bai_dang_cho_thue bdct1_0 where (? is null or bdct1_0.tinh_thanhpho like ? escape '') and (? is null or bdct1_0.phuong_xa like ? escape '') and (? is null or bdct1_0.gia_thang>=?) and (? is null or bdct1_0.gia_thang<=?) and (? is null or bdct1_0.dien_tich_m2>=?) and (? is null or bdct1_0.dien_tich_m2<=?) and (? is null or bdct1_0.trang_thai=?) order by bdct1_0.ngay_dang desc
Hibernate: select count(bdct1_0.id) from bai_dang_cho_thue bdct1_0 where (? is null or bdct1_0.tinh_thanhpho like ? escape '') and (? is null or bdct1_0.phuong_xa like ? escape '') and (? is null or bdct1_0.gia_thang>=?) and (? is null or bdct1_0.gia_thang<=?) and (? is null or bdct1_0.dien_tich_m2>=?) and (? is null or bdct1_0.dien_tich_m2<=?) and (? is null or bdct1_0.trang_thai=?)
Hibernate: select u1_0.id,u1_0.avatar,u1_0.email,u1_0.fullname,u1_0.hash_password,u1_0.ngay_cap_nhat,u1_0.ngay_tao,u1_0.role,u1_0.so_dien_thoai from user u1_0 where u1_0.email=?
Hibernate: select bdct1_0.id,bdct1_0.dia_chi_day_du,bdct1_0.dien_tich_m2,bdct1_0.gia_thang,bdct1_0.kinh_do,bdct1_0.mo_ta,bdct1_0.ngay_cap_nhat,bdct1_0.ngay_co_the_vao_o,bdct1_0.ngay_dang,bdct1_0.id_nguoi_dang,bdct1_0.phuong_xa,bdct1_0.tieu_de,bdct1_0.tinh_thanhpho,bdct1_0.trang_thai,bdct1_0.vi_do from bai_dang_cho_thue bdct1_0 where (? is null or bdct1_0.tinh_thanhpho like ? escape '') and (? is null or bdct1_0.phuong_xa like ? escape '') and (? is null or bdct1_0.gia_thang>=?) and (? is null or bdct1_0.gia_thang<=?) and (? is null or bdct1_0.dien_tich_m2>=?) and (? is null or bdct1_0.dien_tich_m2<=?) and (? is null or bdct1_0.trang_thai=?) order by bdct1_0.ngay_dang desc
Hibernate: select count(bdct1_0.id) from bai_dang_cho_thue bdct1_0 where (? is null or bdct1_0.tinh_thanhpho like ? escape '') and (? is null or bdct1_0.phuong_xa like ? escape '') and (? is null or bdct1_0.gia_thang>=?) and (? is null or bdct1_0.gia_thang<=?) and (? is null or bdct1_0.dien_tich_m2>=?) and (? is null or bdct1_0.dien_tich_m2<=?) and (? is null or bdct1_0.trang_thai=?)
Hibernate: select u1_0.id,u1_0.avatar,u1_0.email,u1_0.fullname,u1_0.hash_password,u1_0.ngay_cap_nhat,u1_0.ngay_tao,u1_0.role,u1_0.so_dien_thoai from user u1_0 where u1_0.email=?
Hibernate: select bdct1_0.id,bdct1_0.dia_chi_day_du,bdct1_0.dien_tich_m2,bdct1_0.gia_thang,bdct1_0.kinh_do,bdct1_0.mo_ta,bdct1_0.ngay_cap_nhat,bdct1_0.ngay_co_the_vao_o,bdct1_0.ngay_dang,bdct1_0.id_nguoi_dang,bdct1_0.phuong_xa,bdct1_0.tieu_de,bdct1_0.tinh_thanhpho,bdct1_0.trang_thai,bdct1_0.vi_do from bai_dang_cho_thue bdct1_0 where (? is null or bdct1_0.tinh_thanhpho like ? escape '') and (? is null or bdct1_0.phuong_xa like ? escape '') and (? is null or bdct1_0.gia_thang>=?) and (? is null or bdct1_0.gia_thang<=?) and (? is null or bdct1_0.dien_tich_m2>=?) and (? is null or bdct1_0.dien_tich_m2<=?) and (? is null or bdct1_0.trang_thai=?) order by bdct1_0.ngay_dang desc
Hibernate: select count(bdct1_0.id) from bai_dang_cho_thue bdct1_0 where (? is null or bdct1_0.tinh_thanhpho like ? escape '') and (? is null or bdct1_0.phuong_xa like ? escape '') and (? is null or bdct1_0.gia_thang>=?) and (? is null or bdct1_0.gia_thang<=?) and (? is null or bdct1_0.dien_tich_m2>=?) and (? is null or bdct1_0.dien_tich_m2<=?) and (? is null or bdct1_0.trang_thai=?)
Hibernate: select u1_0.id,u1_0.avatar,u1_0.email,u1_0.fullname,u1_0.hash_password,u1_0.ngay_cap_nhat,u1_0.ngay_tao,u1_0.role,u1_0.so_dien_thoai from user u1_0 where u1_0.email=?
Hibernate: select bdct1_0.id,bdct1_0.dia_chi_day_du,bdct1_0.dien_tich_m2,bdct1_0.gia_thang,bdct1_0.kinh_do,bdct1_0.mo_ta,bdct1_0.ngay_cap_nhat,bdct1_0.ngay_co_the_vao_o,bdct1_0.ngay_dang,bdct1_0.id_nguoi_dang,bdct1_0.phuong_xa,bdct1_0.tieu_de,bdct1_0.tinh_thanhpho,bdct1_0.trang_thai,bdct1_0.vi_do from bai_dang_cho_thue bdct1_0 where (? is null or bdct1_0.tinh_thanhpho like ? escape '') and (? is null or bdct1_0.phuong_xa like ? escape '') and (? is null or bdct1_0.gia_thang>=?) and (? is null or bdct1_0.gia_thang<=?) and (? is null or bdct1_0.dien_tich_m2>=?) and (? is null or bdct1_0.dien_tich_m2<=?) and (? is null or bdct1_0.trang_thai=?) order by bdct1_0.ngay_dang desc
Hibernate: select count(bdct1_0.id) from bai_dang_cho_thue bdct1_0 where (? is null or bdct1_0.tinh_thanhpho like ? escape '') and (? is null or bdct1_0.phuong_xa like ? escape '') and (? is null or bdct1_0.gia_thang>=?) and (? is null or bdct1_0.gia_thang<=?) and (? is null or bdct1_0.dien_tich_m2>=?) and (? is null or bdct1_0.dien_tich_m2<=?) and (? is null or bdct1_0.trang_thai=?)
Hibernate: select u1_0.id,u1_0.avatar,u1_0.email,u1_0.fullname,u1_0.hash_password,u1_0.ngay_cap_nhat,u1_0.ngay_tao,u1_0.role,u1_0.so_dien_thoai from user u1_0 where u1_0.email=?
Hibernate: select bdct1_0.id,bdct1_0.dia_chi_day_du,bdct1_0.dien_tich_m2,bdct1_0.gia_thang,bdct1_0.kinh_do,bdct1_0.mo_ta,bdct1_0.ngay_cap_nhat,bdct1_0.ngay_co_the_vao_o,bdct1_0.ngay_dang,bdct1_0.id_nguoi_dang,bdct1_0.phuong_xa,bdct1_0.tieu_de,bdct1_0.tinh_thanhpho,bdct1_0.trang_thai,bdct1_0.vi_do from bai_dang_cho_thue bdct1_0 where (? is null or bdct1_0.tinh_thanhpho like ? escape '') and (? is null or bdct1_0.phuong_xa like ? escape '') and (? is null or bdct1_0.gia_thang>=?) and (? is null or bdct1_0.gia_thang<=?) and (? is null or bdct1_0.dien_tich_m2>=?) and (? is null or bdct1_0.dien_tich_m2<=?) and (? is null or bdct1_0.trang_thai=?) order by bdct1_0.ngay_dang desc
Hibernate: select count(bdct1_0.id) from bai_dang_cho_thue bdct1_0 where (? is null or bdct1_0.tinh_thanhpho like ? escape '') and (? is null or bdct1_0.phuong_xa like ? escape '') and (? is null or bdct1_0.gia_thang>=?) and (? is null or bdct1_0.gia_thang<=?) and (? is null or bdct1_0.dien_tich_m2>=?) and (? is null or bdct1_0.dien_tich_m2<=?) and (? is null or bdct1_0.trang_thai=?)
Hibernate: select u1_0.id,u1_0.avatar,u1_0.email,u1_0.fullname,u1_0.hash_password,u1_0.ngay_cap_nhat,u1_0.ngay_tao,u1_0.role,u1_0.so_dien_thoai from user u1_0 where u1_0.email=?
Hibernate: select bdct1_0.id,bdct1_0.dia_chi_day_du,bdct1_0.dien_tich_m2,bdct1_0.gia_thang,bdct1_0.kinh_do,bdct1_0.mo_ta,bdct1_0.ngay_cap_nhat,bdct1_0.ngay_co_the_vao_o,bdct1_0.ngay_dang,bdct1_0.id_nguoi_dang,bdct1_0.phuong_xa,bdct1_0.tieu_de,bdct1_0.tinh_thanhpho,bdct1_0.trang_thai,bdct1_0.vi_do from bai_dang_cho_thue bdct1_0 where (? is null or bdct1_0.tinh_thanhpho like ? escape '') and (? is null or bdct1_0.phuong_xa like ? escape '') and (? is null or bdct1_0.gia_thang>=?) and (? is null or bdct1_0.gia_thang<=?) and (? is null or bdct1_0.dien_tich_m2>=?) and (? is null or bdct1_0.dien_tich_m2<=?) and (? is null or bdct1_0.trang_thai=?) order by bdct1_0.ngay_dang desc
Hibernate: select count(bdct1_0.id) from bai_dang_cho_thue bdct1_0 where (? is null or bdct1_0.tinh_thanhpho like ? escape '') and (? is null or bdct1_0.phuong_xa like ? escape '') and (? is null or bdct1_0.gia_thang>=?) and (? is null or bdct1_0.gia_thang<=?) and (? is null or bdct1_0.dien_tich_m2>=?) and (? is null or bdct1_0.dien_tich_m2<=?) and (? is null or bdct1_0.trang_thai=?)
Hibernate: select u1_0.id,u1_0.avatar,u1_0.email,u1_0.fullname,u1_0.hash_password,u1_0.ngay_cap_nhat,u1_0.ngay_tao,u1_0.role,u1_0.so_dien_thoai from user u1_0 where u1_0.email=?
Hibernate: select bdct1_0.id,bdct1_0.dia_chi_day_du,bdct1_0.dien_tich_m2,bdct1_0.gia_thang,bdct1_0.kinh_do,bdct1_0.mo_ta,bdct1_0.ngay_cap_nhat,bdct1_0.ngay_co_the_vao_o,bdct1_0.ngay_dang,bdct1_0.id_nguoi_dang,bdct1_0.phuong_xa,bdct1_0.tieu_de,bdct1_0.tinh_thanhpho,bdct1_0.trang_thai,bdct1_0.vi_do from bai_dang_cho_thue bdct1_0 where (? is null or bdct1_0.tinh_thanhpho like ? escape '') and (? is null or bdct1_0.phuong_xa like ? escape '') and (? is null or bdct1_0.gia_thang>=?) and (? is null or bdct1_0.gia_thang<=?) and (? is null or bdct1_0.dien_tich_m2>=?) and (? is null or bdct1_0.dien_tich_m2<=?) and (? is null or bdct1_0.trang_thai=?) order by bdct1_0.ngay_dang desc
Hibernate: select count(bdct1_0.id) from bai_dang_cho_thue bdct1_0 where (? is null or bdct1_0.tinh_thanhpho like ? escape '') and (? is null or bdct1_0.phuong_xa like ? escape '') and (? is null or bdct1_0.gia_thang>=?) and (? is null or bdct1_0.gia_thang<=?) and (? is null or bdct1_0.dien_tich_m2>=?) and (? is null or bdct1_0.dien_tich_m2<=?) and (? is null or bdct1_0.trang_thai=?)
Hibernate: select u1_0.id,u1_0.avatar,u1_0.email,u1_0.fullname,u1_0.hash_password,u1_0.ngay_cap_nhat,u1_0.ngay_tao,u1_0.role,u1_0.so_dien_thoai from user u1_0 where u1_0.email=?
Hibernate: select bdct1_0.id,bdct1_0.dia_chi_day_du,bdct1_0.dien_tich_m2,bdct1_0.gia_thang,bdct1_0.kinh_do,bdct1_0.mo_ta,bdct1_0.ngay_cap_nhat,bdct1_0.ngay_co_the_vao_o,bdct1_0.ngay_dang,bdct1_0.id_nguoi_dang,bdct1_0.phuong_xa,bdct1_0.tieu_de,bdct1_0.tinh_thanhpho,bdct1_0.trang_thai,bdct1_0.vi_do from bai_dang_cho_thue bdct1_0 where (? is null or bdct1_0.tinh_thanhpho like ? escape '') and (? is null or bdct1_0.phuong_xa like ? escape '') and (? is null or bdct1_0.gia_thang>=?) and (? is null or bdct1_0.gia_thang<=?) and (? is null or bdct1_0.dien_tich_m2>=?) and (? is null or bdct1_0.dien_tich_m2<=?) and (? is null or bdct1_0.trang_thai=?) order by bdct1_0.ngay_dang desc
Hibernate: select count(bdct1_0.id) from bai_dang_cho_thue bdct1_0 where (? is null or bdct1_0.tinh_thanhpho like ? escape '') and (? is null or bdct1_0.phuong_xa like ? escape '') and (? is null or bdct1_0.gia_thang>=?) and (? is null or bdct1_0.gia_thang<=?) and (? is null or bdct1_0.dien_tich_m2>=?) and (? is null or bdct1_0.dien_tich_m2<=?) and (? is null or bdct1_0.trang_thai=?)
Hibernate: select u1_0.id,u1_0.avatar,u1_0.email,u1_0.fullname,u1_0.hash_password,u1_0.ngay_cap_nhat,u1_0.ngay_tao,u1_0.role,u1_0.so_dien_thoai from user u1_0 where u1_0.email=?
Hibernate: select bdct1_0.id,bdct1_0.dia_chi_day_du,bdct1_0.dien_tich_m2,bdct1_0.gia_thang,bdct1_0.kinh_do,bdct1_0.mo_ta,bdct1_0.ngay_cap_nhat,bdct1_0.ngay_co_the_vao_o,bdct1_0.ngay_dang,bdct1_0.id_nguoi_dang,bdct1_0.phuong_xa,bdct1_0.tieu_de,bdct1_0.tinh_thanhpho,bdct1_0.trang_thai,bdct1_0.vi_do from bai_dang_cho_thue bdct1_0 where (? is null or bdct1_0.tinh_thanhpho like ? escape '') and (? is null or bdct1_0.phuong_xa like ? escape '') and (? is null or bdct1_0.gia_thang>=?) and (? is null or bdct1_0.gia_thang<=?) and (? is null or bdct1_0.dien_tich_m2>=?) and (? is null or bdct1_0.dien_tich_m2<=?) and (? is null or bdct1_0.trang_thai=?) order by bdct1_0.ngay_dang desc
Hibernate: select count(bdct1_0.id) from bai_dang_cho_thue bdct1_0 where (? is null or bdct1_0.tinh_thanhpho like ? escape '') and (? is null or bdct1_0.phuong_xa like ? escape '') and (? is null or bdct1_0.gia_thang>=?) and (? is null or bdct1_0.gia_thang<=?) and (? is null or bdct1_0.dien_tich_m2>=?) and (? is null or bdct1_0.dien_tich_m2<=?) and (? is null or bdct1_0.trang_thai=?)
Hibernate: select u1_0.id,u1_0.avatar,u1_0.email,u1_0.fullname,u1_0.hash_password,u1_0.ngay_cap_nhat,u1_0.ngay_tao,u1_0.role,u1_0.so_dien_thoai from user u1_0 where u1_0.email=?
Hibernate: select bdct1_0.id,bdct1_0.dia_chi_day_du,bdct1_0.dien_tich_m2,bdct1_0.gia_thang,bdct1_0.kinh_do,bdct1_0.mo_ta,bdct1_0.ngay_cap_nhat,bdct1_0.ngay_co_the_vao_o,bdct1_0.ngay_dang,bdct1_0.id_nguoi_dang,bdct1_0.phuong_xa,bdct1_0.tieu_de,bdct1_0.tinh_thanhpho,bdct1_0.trang_thai,bdct1_0.vi_do from bai_dang_cho_thue bdct1_0 where (? is null or bdct1_0.tinh_thanhpho like ? escape '') and (? is null or bdct1_0.phuong_xa like ? escape '') and (? is null or bdct1_0.gia_thang>=?) and (? is null or bdct1_0.gia_thang<=?) and (? is null or bdct1_0.dien_tich_m2>=?) and (? is null or bdct1_0.dien_tich_m2<=?) and (? is null or bdct1_0.trang_thai=?) order by bdct1_0.ngay_dang desc
Hibernate: select count(bdct1_0.id) from bai_dang_cho_thue bdct1_0 where (? is null or bdct1_0.tinh_thanhpho like ? escape '') and (? is null or bdct1_0.phuong_xa like ? escape '') and (? is null or bdct1_0.gia_thang>=?) and (? is null or bdct1_0.gia_thang<=?) and (? is null or bdct1_0.dien_tich_m2>=?) and (? is null or bdct1_0.dien_tich_m2<=?) and (? is null or bdct1_0.trang_thai=?)
Hibernate: select u1_0.id,u1_0.avatar,u1_0.email,u1_0.fullname,u1_0.hash_password,u1_0.ngay_cap_nhat,u1_0.ngay_tao,u1_0.role,u1_0.so_dien_thoai from user u1_0 where u1_0.email=?
Hibernate: select bdct1_0.id,bdct1_0.dia_chi_day_du,bdct1_0.dien_tich_m2,bdct1_0.gia_thang,bdct1_0.kinh_do,bdct1_0.mo_ta,bdct1_0.ngay_cap_nhat,bdct1_0.ngay_co_the_vao_o,bdct1_0.ngay_dang,bdct1_0.id_nguoi_dang,bdct1_0.phuong_xa,bdct1_0.tieu_de,bdct1_0.tinh_thanhpho,bdct1_0.trang_thai,bdct1_0.vi_do from bai_dang_cho_thue bdct1_0 where (? is null or bdct1_0.tinh_thanhpho like ? escape '') and (? is null or bdct1_0.phuong_xa like ? escape '') and (? is null or bdct1_0.gia_thang>=?) and (? is null or bdct1_0.gia_thang<=?) and (? is null or bdct1_0.dien_tich_m2>=?) and (? is null or bdct1_0.dien_tich_m2<=?) and (? is null or bdct1_0.trang_thai=?) order by bdct1_0.ngay_dang desc
Hibernate: select count(bdct1_0.id) from bai_dang_cho_thue bdct1_0 where (? is null or bdct1_0.tinh_thanhpho like ? escape '') and (? is null or bdct1_0.phuong_xa like ? escape '') and (? is null or bdct1_0.gia_thang>=?) and (? is null or bdct1_0.gia_thang<=?) and (? is null or bdct1_0.dien_tich_m2>=?) and (? is null or bdct1_0.dien_tich_m2<=?) and (? is null or bdct1_0.trang_thai=?)
Hibernate: select u1_0.id,u1_0.avatar,u1_0.email,u1_0.fullname,u1_0.hash_password,u1_0.ngay_cap_nhat,u1_0.ngay_tao,u1_0.role,u1_0.so_dien_thoai from user u1_0 where u1_0.email=?
Hibernate: select bdct1_0.id,bdct1_0.dia_chi_day_du,bdct1_0.dien_tich_m2,bdct1_0.gia_thang,bdct1_0.kinh_do,bdct1_0.mo_ta,bdct1_0.ngay_cap_nhat,bdct1_0.ngay_co_the_vao_o,bdct1_0.ngay_dang,bdct1_0.id_nguoi_dang,bdct1_0.phuong_xa,bdct1_0.tieu_de,bdct1_0.tinh_thanhpho,bdct1_0.trang_thai,bdct1_0.vi_do from bai_dang_cho_thue bdct1_0 where (? is null or bdct1_0.tinh_thanhpho like ? escape '') and (? is null or bdct1_0.phuong_xa like ? escape '') and (? is null or bdct1_0.gia_thang>=?) and (? is null or bdct1_0.gia_thang<=?) and (? is null or bdct1_0.dien_tich_m2>=?) and (? is null or bdct1_0.dien_tich_m2<=?) and (? is null or bdct1_0.trang_thai=?) order by bdct1_0.ngay_dang desc
Hibernate: select count(bdct1_0.id) from bai_dang_cho_thue bdct1_0 where (? is null or bdct1_0.tinh_thanhpho like ? escape '') and (? is null or bdct1_0.phuong_xa like ? escape '') and (? is null or bdct1_0.gia_thang>=?) and (? is null or bdct1_0.gia_thang<=?) and (? is null or bdct1_0.dien_tich_m2>=?) and (? is null or bdct1_0.dien_tich_m2<=?) and (? is null or bdct1_0.trang_thai=?)
Hibernate: select u1_0.id,u1_0.avatar,u1_0.email,u1_0.fullname,u1_0.hash_password,u1_0.ngay_cap_nhat,u1_0.ngay_tao,u1_0.role,u1_0.so_dien_thoai from user u1_0 where u1_0.email=?
Hibernate: select bdct1_0.id,bdct1_0.dia_chi_day_du,bdct1_0.dien_tich_m2,bdct1_0.gia_thang,bdct1_0.kinh_do,bdct1_0.mo_ta,bdct1_0.ngay_cap_nhat,bdct1_0.ngay_co_the_vao_o,bdct1_0.ngay_dang,bdct1_0.id_nguoi_dang,bdct1_0.phuong_xa,bdct1_0.tieu_de,bdct1_0.tinh_thanhpho,bdct1_0.trang_thai,bdct1_0.vi_do from bai_dang_cho_thue bdct1_0 where (? is null or bdct1_0.tinh_thanhpho like ? escape '') and (? is null or bdct1_0.phuong_xa like ? escape '') and (? is null or bdct1_0.gia_thang>=?) and (? is null or bdct1_0.gia_thang<=?) and (? is null or bdct1_0.dien_tich_m2>=?) and (? is null or bdct1_0.dien_tich_m2<=?) and (? is null or bdct1_0.trang_thai=?) order by bdct1_0.ngay_dang desc
Hibernate: select count(bdct1_0.id) from bai_dang_cho_thue bdct1_0 where (? is null or bdct1_0.tinh_thanhpho like ? escape '') and (? is null or bdct1_0.phuong_xa like ? escape '') and (? is null or bdct1_0.gia_thang>=?) and (? is null or bdct1_0.gia_thang<=?) and (? is null or bdct1_0.dien_tich_m2>=?) and (? is null or bdct1_0.dien_tich_m2<=?) and (? is null or bdct1_0.trang_thai=?)
Hibernate: select u1_0.id,u1_0.avatar,u1_0.email,u1_0.fullname,u1_0.hash_password,u1_0.ngay_cap_nhat,u1_0.ngay_tao,u1_0.role,u1_0.so_dien_thoai from user u1_0 where u1_0.email=?
Hibernate: select bdct1_0.id,bdct1_0.dia_chi_day_du,bdct1_0.dien_tich_m2,bdct1_0.gia_thang,bdct1_0.kinh_do,bdct1_0.mo_ta,bdct1_0.ngay_cap_nhat,bdct1_0.ngay_co_the_vao_o,bdct1_0.ngay_dang,bdct1_0.id_nguoi_dang,bdct1_0.phuong_xa,bdct1_0.tieu_de,bdct1_0.tinh_thanhpho,bdct1_0.trang_thai,bdct1_0.vi_do from bai_dang_cho_thue bdct1_0 where (? is null or bdct1_0.tinh_thanhpho like ? escape '') and (? is null or bdct1_0.phuong_xa like ? escape '') and (? is null or bdct1_0.gia_thang>=?) and (? is null or bdct1_0.gia_thang<=?) and (? is null or bdct1_0.dien_tich_m2>=?) and (? is null or bdct1_0.dien_tich_m2<=?) and (? is null or bdct1_0.trang_thai=?) order by bdct1_0.ngay_dang desc
Hibernate: select count(bdct1_0.id) from bai_dang_cho_thue bdct1_0 where (? is null or bdct1_0.tinh_thanhpho like ? escape '') and (? is null or bdct1_0.phuong_xa like ? escape '') and (? is null or bdct1_0.gia_thang>=?) and (? is null or bdct1_0.gia_thang<=?) and (? is null or bdct1_0.dien_tich_m2>=?) and (? is null or bdct1_0.dien_tich_m2<=?) and (? is null or bdct1_0.trang_thai=?)
Hibernate: select u1_0.id,u1_0.avatar,u1_0.email,u1_0.fullname,u1_0.hash_password,u1_0.ngay_cap_nhat,u1_0.ngay_tao,u1_0.role,u1_0.so_dien_thoai from user u1_0 where u1_0.email=?
Hibernate: select bdct1_0.id,bdct1_0.dia_chi_day_du,bdct1_0.dien_tich_m2,bdct1_0.gia_thang,bdct1_0.kinh_do,bdct1_0.mo_ta,bdct1_0.ngay_cap_nhat,bdct1_0.ngay_co_the_vao_o,bdct1_0.ngay_dang,bdct1_0.id_nguoi_dang,bdct1_0.phuong_xa,bdct1_0.tieu_de,bdct1_0.tinh_thanhpho,bdct1_0.trang_thai,bdct1_0.vi_do from bai_dang_cho_thue bdct1_0 where (? is null or bdct1_0.tinh_thanhpho like ? escape '') and (? is null or bdct1_0.phuong_xa like ? escape '') and (? is null or bdct1_0.gia_thang>=?) and (? is null or bdct1_0.gia_thang<=?) and (? is null or bdct1_0.dien_tich_m2>=?) and (? is null or bdct1_0.dien_tich_m2<=?) and (? is null or bdct1_0.trang_thai=?) order by bdct1_0.ngay_dang desc
Hibernate: select count(bdct1_0.id) from bai_dang_cho_thue bdct1_0 where (? is null or bdct1_0.tinh_thanhpho like ? escape '') and (? is null or bdct1_0.phuong_xa like ? escape '') and (? is null or bdct1_0.gia_thang>=?) and (? is null or bdct1_0.gia_thang<=?) and (? is null or bdct1_0.dien_tich_m2>=?) and (? is null or bdct1_0.dien_tich_m2<=?) and (? is null or bdct1_0.trang_thai=?)
Hibernate: select u1_0.id,u1_0.avatar,u1_0.email,u1_0.fullname,u1_0.hash_password,u1_0.ngay_cap_nhat,u1_0.ngay_tao,u1_0.role,u1_0.so_dien_thoai from user u1_0 where u1_0.email=?
Hibernate: select bdct1_0.id,bdct1_0.dia_chi_day_du,bdct1_0.dien_tich_m2,bdct1_0.gia_thang,bdct1_0.kinh_do,bdct1_0.mo_ta,bdct1_0.ngay_cap_nhat,bdct1_0.ngay_co_the_vao_o,bdct1_0.ngay_dang,bdct1_0.id_nguoi_dang,bdct1_0.phuong_xa,bdct1_0.tieu_de,bdct1_0.tinh_thanhpho,bdct1_0.trang_thai,bdct1_0.vi_do from bai_dang_cho_thue bdct1_0 where (? is null or bdct1_0.tinh_thanhpho like ? escape '') and (? is null or bdct1_0.phuong_xa like ? escape '') and (? is null or bdct1_0.gia_thang>=?) and (? is null or bdct1_0.gia_thang<=?) and (? is null or bdct1_0.dien_tich_m2>=?) and (? is null or bdct1_0.dien_tich_m2<=?) and (? is null or bdct1_0.trang_thai=?) order by bdct1_0.ngay_dang desc
Hibernate: select count(bdct1_0.id) from bai_dang_cho_thue bdct1_0 where (? is null or bdct1_0.tinh_thanhpho like ? escape '') and (? is null or bdct1_0.phuong_xa like ? escape '') and (? is null or bdct1_0.gia_thang>=?) and (? is null or bdct1_0.gia_thang<=?) and (? is null or bdct1_0.dien_tich_m2>=?) and (? is null or bdct1_0.dien_tich_m2<=?) and (? is null or bdct1_0.trang_thai=?)
Hibernate: select u1_0.id,u1_0.avatar,u1_0.email,u1_0.fullname,u1_0.hash_password,u1_0.ngay_cap_nhat,u1_0.ngay_tao,u1_0.role,u1_0.so_dien_thoai from user u1_0 where u1_0.email=?
Hibernate: select bdct1_0.id,bdct1_0.dia_chi_day_du,bdct1_0.dien_tich_m2,bdct1_0.gia_thang,bdct1_0.kinh_do,bdct1_0.mo_ta,bdct1_0.ngay_cap_nhat,bdct1_0.ngay_co_the_vao_o,bdct1_0.ngay_dang,bdct1_0.id_nguoi_dang,bdct1_0.phuong_xa,bdct1_0.tieu_de,bdct1_0.tinh_thanhpho,bdct1_0.trang_thai,bdct1_0.vi_do from bai_dang_cho_thue bdct1_0 where (? is null or bdct1_0.tinh_thanhpho like ? escape '') and (? is null or bdct1_0.phuong_xa like ? escape '') and (? is null or bdct1_0.gia_thang>=?) and (? is null or bdct1_0.gia_thang<=?) and (? is null or bdct1_0.dien_tich_m2>=?) and (? is null or bdct1_0.dien_tich_m2<=?) and (? is null or bdct1_0.trang_thai=?) order by bdct1_0.ngay_dang desc
Hibernate: select count(bdct1_0.id) from bai_dang_cho_thue bdct1_0 where (? is null or bdct1_0.tinh_thanhpho like ? escape '') and (? is null or bdct1_0.phuong_xa like ? escape '') and (? is null or bdct1_0.gia_thang>=?) and (? is null or bdct1_0.gia_thang<=?) and (? is null or bdct1_0.dien_tich_m2>=?) and (? is null or bdct1_0.dien_tich_m2<=?) and (? is null or bdct1_0.trang_thai=?)
Hibernate: select u1_0.id,u1_0.avatar,u1_0.email,u1_0.fullname,u1_0.hash_password,u1_0.ngay_cap_nhat,u1_0.ngay_tao,u1_0.role,u1_0.so_dien_thoai from user u1_0 where u1_0.email=?
Hibernate: select bdct1_0.id,bdct1_0.dia_chi_day_du,bdct1_0.dien_tich_m2,bdct1_0.gia_thang,bdct1_0.kinh_do,bdct1_0.mo_ta,bdct1_0.ngay_cap_nhat,bdct1_0.ngay_co_the_vao_o,bdct1_0.ngay_dang,bdct1_0.id_nguoi_dang,bdct1_0.phuong_xa,bdct1_0.tieu_de,bdct1_0.tinh_thanhpho,bdct1_0.trang_thai,bdct1_0.vi_do from bai_dang_cho_thue bdct1_0 where (? is null or bdct1_0.tinh_thanhpho like ? escape '') and (? is null or bdct1_0.phuong_xa like ? escape '') and (? is null or bdct1_0.gia_thang>=?) and (? is null or bdct1_0.gia_thang<=?) and (? is null or bdct1_0.dien_tich_m2>=?) and (? is null or bdct1_0.dien_tich_m2<=?) and (? is null or bdct1_0.trang_thai=?) order by bdct1_0.ngay_dang desc
Hibernate: select count(bdct1_0.id) from bai_dang_cho_thue bdct1_0 where (? is null or bdct1_0.tinh_thanhpho like ? escape '') and (? is null or bdct1_0.phuong_xa like ? escape '') and (? is null or bdct1_0.gia_thang>=?) and (? is null or bdct1_0.gia_thang<=?) and (? is null or bdct1_0.dien_tich_m2>=?) and (? is null or bdct1_0.dien_tich_m2<=?) and (? is null or bdct1_0.trang_thai=?)
Hibernate: select u1_0.id,u1_0.avatar,u1_0.email,u1_0.fullname,u1_0.hash_password,u1_0.ngay_cap_nhat,u1_0.ngay_tao,u1_0.role,u1_0.so_dien_thoai from user u1_0 where u1_0.email=?
Hibernate: select bdct1_0.id,bdct1_0.dia_chi_day_du,bdct1_0.dien_tich_m2,bdct1_0.gia_thang,bdct1_0.kinh_do,bdct1_0.mo_ta,bdct1_0.ngay_cap_nhat,bdct1_0.ngay_co_the_vao_o,bdct1_0.ngay_dang,bdct1_0.id_nguoi_dang,bdct1_0.phuong_xa,bdct1_0.tieu_de,bdct1_0.tinh_thanhpho,bdct1_0.trang_thai,bdct1_0.vi_do from bai_dang_cho_thue bdct1_0 where (? is null or bdct1_0.tinh_thanhpho like ? escape '') and (? is null or bdct1_0.phuong_xa like ? escape '') and (? is null or bdct1_0.gia_thang>=?) and (? is null or bdct1_0.gia_thang<=?) and (? is null or bdct1_0.dien_tich_m2>=?) and (? is null or bdct1_0.dien_tich_m2<=?) and (? is null or bdct1_0.trang_thai=?) order by bdct1_0.ngay_dang desc
Hibernate: select count(bdct1_0.id) from bai_dang_cho_thue bdct1_0 where (? is null or bdct1_0.tinh_thanhpho like ? escape '') and (? is null or bdct1_0.phuong_xa like ? escape '') and (? is null or bdct1_0.gia_thang>=?) and (? is null or bdct1_0.gia_thang<=?) and (? is null or bdct1_0.dien_tich_m2>=?) and (? is null or bdct1_0.dien_tich_m2<=?) and (? is null or bdct1_0.trang_thai=?)
Hibernate: select u1_0.id,u1_0.avatar,u1_0.email,u1_0.fullname,u1_0.hash_password,u1_0.ngay_cap_nhat,u1_0.ngay_tao,u1_0.role,u1_0.so_dien_thoai from user u1_0 where u1_0.email=?
Hibernate: select bdct1_0.id,bdct1_0.dia_chi_day_du,bdct1_0.dien_tich_m2,bdct1_0.gia_thang,bdct1_0.kinh_do,bdct1_0.mo_ta,bdct1_0.ngay_cap_nhat,bdct1_0.ngay_co_the_vao_o,bdct1_0.ngay_dang,bdct1_0.id_nguoi_dang,bdct1_0.phuong_xa,bdct1_0.tieu_de,bdct1_0.tinh_thanhpho,bdct1_0.trang_thai,bdct1_0.vi_do from bai_dang_cho_thue bdct1_0 where (? is null or bdct1_0.tinh_thanhpho like ? escape '') and (? is null or bdct1_0.phuong_xa like ? escape '') and (? is null or bdct1_0.gia_thang>=?) and (? is null or bdct1_0.gia_thang<=?) and (? is null or bdct1_0.dien_tich_m2>=?) and (? is null or bdct1_0.dien_tich_m2<=?) and (? is null or bdct1_0.trang_thai=?) order by bdct1_0.ngay_dang desc
Hibernate: select count(bdct1_0.id) from bai_dang_cho_thue bdct1_0 where (? is null or bdct1_0.tinh_thanhpho like ? escape '') and (? is null or bdct1_0.phuong_xa like ? escape '') and (? is null or bdct1_0.gia_thang>=?) and (? is null or bdct1_0.gia_thang<=?) and (? is null or bdct1_0.dien_tich_m2>=?) and (? is null or bdct1_0.dien_tich_m2<=?) and (? is null or bdct1_0.trang_thai=?)
Hibernate: select u1_0.id,u1_0.avatar,u1_0.email,u1_0.fullname,u1_0.hash_password,u1_0.ngay_cap_nhat,u1_0.ngay_tao,u1_0.role,u1_0.so_dien_thoai from user u1_0 where u1_0.email=?
Hibernate: select bdct1_0.id,bdct1_0.dia_chi_day_du,bdct1_0.dien_tich_m2,bdct1_0.gia_thang,bdct1_0.kinh_do,bdct1_0.mo_ta,bdct1_0.ngay_cap_nhat,bdct1_0.ngay_co_the_vao_o,bdct1_0.ngay_dang,bdct1_0.id_nguoi_dang,bdct1_0.phuong_xa,bdct1_0.tieu_de,bdct1_0.tinh_thanhpho,bdct1_0.trang_thai,bdct1_0.vi_do from bai_dang_cho_thue bdct1_0 where (? is null or bdct1_0.tinh_thanhpho like ? escape '') and (? is null or bdct1_0.phuong_xa like ? escape '') and (? is null or bdct1_0.gia_thang>=?) and (? is null or bdct1_0.gia_thang<=?) and (? is null or bdct1_0.dien_tich_m2>=?) and (? is null or bdct1_0.dien_tich_m2<=?) and (? is null or bdct1_0.trang_thai=?) order by bdct1_0.ngay_dang desc
Hibernate: select count(bdct1_0.id) from bai_dang_cho_thue bdct1_0 where (? is null or bdct1_0.tinh_thanhpho like ? escape '') and (? is null or bdct1_0.phuong_xa like ? escape '') and (? is null or bdct1_0.gia_thang>=?) and (? is null or bdct1_0.gia_thang<=?) and (? is null or bdct1_0.dien_tich_m2>=?) and (? is null or bdct1_0.dien_tich_m2<=?) and (? is null or bdct1_0.trang_thai=?)
Hibernate: select u1_0.id,u1_0.avatar,u1_0.email,u1_0.fullname,u1_0.hash_password,u1_0.ngay_cap_nhat,u1_0.ngay_tao,u1_0.role,u1_0.so_dien_thoai from user u1_0 where u1_0.email=?
Hibernate: select bdct1_0.id,bdct1_0.dia_chi_day_du,bdct1_0.dien_tich_m2,bdct1_0.gia_thang,bdct1_0.kinh_do,bdct1_0.mo_ta,bdct1_0.ngay_cap_nhat,bdct1_0.ngay_co_the_vao_o,bdct1_0.ngay_dang,bdct1_0.id_nguoi_dang,bdct1_0.phuong_xa,bdct1_0.tieu_de,bdct1_0.tinh_thanhpho,bdct1_0.trang_thai,bdct1_0.vi_do from bai_dang_cho_thue bdct1_0 where (? is null or bdct1_0.tinh_thanhpho like ? escape '') and (? is null or bdct1_0.phuong_xa like ? escape '') and (? is null or bdct1_0.gia_thang>=?) and (? is null or bdct1_0.gia_thang<=?) and (? is null or bdct1_0.dien_tich_m2>=?) and (? is null or bdct1_0.dien_tich_m2<=?) and (? is null or bdct1_0.trang_thai=?) order by bdct1_0.ngay_dang desc
Hibernate: select count(bdct1_0.id) from bai_dang_cho_thue bdct1_0 where (? is null or bdct1_0.tinh_thanhpho like ? escape '') and (? is null or bdct1_0.phuong_xa like ? escape '') and (? is null or bdct1_0.gia_thang>=?) and (? is null or bdct1_0.gia_thang<=?) and (? is null or bdct1_0.dien_tich_m2>=?) and (? is null or bdct1_0.dien_tich_m2<=?) and (? is null or bdct1_0.trang_thai=?)
Hibernate: select u1_0.id,u1_0.avatar,u1_0.email,u1_0.fullname,u1_0.hash_password,u1_0.ngay_cap_nhat,u1_0.ngay_tao,u1_0.role,u1_0.so_dien_thoai from user u1_0 where u1_0.email=?
Hibernate: select bdct1_0.id,bdct1_0.dia_chi_day_du,bdct1_0.dien_tich_m2,bdct1_0.gia_thang,bdct1_0.kinh_do,bdct1_0.mo_ta,bdct1_0.ngay_cap_nhat,bdct1_0.ngay_co_the_vao_o,bdct1_0.ngay_dang,bdct1_0.id_nguoi_dang,bdct1_0.phuong_xa,bdct1_0.tieu_de,bdct1_0.tinh_thanhpho,bdct1_0.trang_thai,bdct1_0.vi_do from bai_dang_cho_thue bdct1_0 where (? is null or bdct1_0.tinh_thanhpho like ? escape '') and (? is null or bdct1_0.phuong_xa like ? escape '') and (? is null or bdct1_0.gia_thang>=?) and (? is null or bdct1_0.gia_thang<=?) and (? is null or bdct1_0.dien_tich_m2>=?) and (? is null or bdct1_0.dien_tich_m2<=?) and (? is null or bdct1_0.trang_thai=?) order by bdct1_0.ngay_dang desc
Hibernate: select count(bdct1_0.id) from bai_dang_cho_thue bdct1_0 where (? is null or bdct1_0.tinh_thanhpho like ? escape '') and (? is null or bdct1_0.phuong_xa like ? escape '') and (? is null or bdct1_0.gia_thang>=?) and (? is null or bdct1_0.gia_thang<=?) and (? is null or bdct1_0.dien_tich_m2>=?) and (? is null or bdct1_0.dien_tich_m2<=?) and (? is null or bdct1_0.trang_thai=?)
Hibernate: select u1_0.id,u1_0.avatar,u1_0.email,u1_0.fullname,u1_0.hash_password,u1_0.ngay_cap_nhat,u1_0.ngay_tao,u1_0.role,u1_0.so_dien_thoai from user u1_0 where u1_0.email=?
Hibernate: select bdct1_0.id,bdct1_0.dia_chi_day_du,bdct1_0.dien_tich_m2,bdct1_0.gia_thang,bdct1_0.kinh_do,bdct1_0.mo_ta,bdct1_0.ngay_cap_nhat,bdct1_0.ngay_co_the_vao_o,bdct1_0.ngay_dang,bdct1_0.id_nguoi_dang,bdct1_0.phuong_xa,bdct1_0.tieu_de,bdct1_0.tinh_thanhpho,bdct1_0.trang_thai,bdct1_0.vi_do from bai_dang_cho_thue bdct1_0 where (? is null or bdct1_0.tinh_thanhpho like ? escape '') and (? is null or bdct1_0.phuong_xa like ? escape '') and (? is null or bdct1_0.gia_thang>=?) and (? is null or bdct1_0.gia_thang<=?) and (? is null or bdct1_0.dien_tich_m2>=?) and (? is null or bdct1_0.dien_tich_m2<=?) and (? is null or bdct1_0.trang_thai=?) order by bdct1_0.ngay_dang desc
Hibernate: select count(bdct1_0.id) from bai_dang_cho_thue bdct1_0 where (? is null or bdct1_0.tinh_thanhpho like ? escape '') and (? is null or bdct1_0.phuong_xa like ? escape '') and (? is null or bdct1_0.gia_thang>=?) and (? is null or bdct1_0.gia_thang<=?) and (? is null or bdct1_0.dien_tich_m2>=?) and (? is null or bdct1_0.dien_tich_m2<=?) and (? is null or bdct1_0.trang_thai=?)
Hibernate: select u1_0.id,u1_0.avatar,u1_0.email,u1_0.fullname,u1_0.hash_password,u1_0.ngay_cap_nhat,u1_0.ngay_tao,u1_0.role,u1_0.so_dien_thoai from user u1_0 where u1_0.email=?
Hibernate: select bdct1_0.id,bdct1_0.dia_chi_day_du,bdct1_0.dien_tich_m2,bdct1_0.gia_thang,bdct1_0.kinh_do,bdct1_0.mo_ta,bdct1_0.ngay_cap_nhat,bdct1_0.ngay_co_the_vao_o,bdct1_0.ngay_dang,bdct1_0.id_nguoi_dang,bdct1_0.phuong_xa,bdct1_0.tieu_de,bdct1_0.tinh_thanhpho,bdct1_0.trang_thai,bdct1_0.vi_do from bai_dang_cho_thue bdct1_0 where (? is null or bdct1_0.tinh_thanhpho like ? escape '') and (? is null or bdct1_0.phuong_xa like ? escape '') and (? is null or bdct1_0.gia_thang>=?) and (? is null or bdct1_0.gia_thang<=?) and (? is null or bdct1_0.dien_tich_m2>=?) and (? is null or bdct1_0.dien_tich_m2<=?) and (? is null or bdct1_0.trang_thai=?) order by bdct1_0.ngay_dang desc
Hibernate: select count(bdct1_0.id) from bai_dang_cho_thue bdct1_0 where (? is null or bdct1_0.tinh_thanhpho like ? escape '') and (? is null or bdct1_0.phuong_xa like ? escape '') and (? is null or bdct1_0.gia_thang>=?) and (? is null or bdct1_0.gia_thang<=?) and (? is null or bdct1_0.dien_tich_m2>=?) and (? is null or bdct1_0.dien_tich_m2<=?) and (? is null or bdct1_0.trang_thai=?)
Hibernate: select u1_0.id,u1_0.avatar,u1_0.email,u1_0.fullname,u1_0.hash_password,u1_0.ngay_cap_nhat,u1_0.ngay_tao,u1_0.role,u1_0.so_dien_thoai from user u1_0 where u1_0.email=?
Hibernate: select bdct1_0.id,bdct1_0.dia_chi_day_du,bdct1_0.dien_tich_m2,bdct1_0.gia_thang,bdct1_0.kinh_do,bdct1_0.mo_ta,bdct1_0.ngay_cap_nhat,bdct1_0.ngay_co_the_vao_o,bdct1_0.ngay_dang,bdct1_0.id_nguoi_dang,bdct1_0.phuong_xa,bdct1_0.tieu_de,bdct1_0.tinh_thanhpho,bdct1_0.trang_thai,bdct1_0.vi_do from bai_dang_cho_thue bdct1_0 where (? is null or bdct1_0.tinh_thanhpho like ? escape '') and (? is null or bdct1_0.phuong_xa like ? escape '') and (? is null or bdct1_0.gia_thang>=?) and (? is null or bdct1_0.gia_thang<=?) and (? is null or bdct1_0.dien_tich_m2>=?) and (? is null or bdct1_0.dien_tich_m2<=?) and (? is null or bdct1_0.trang_thai=?) order by bdct1_0.ngay_dang desc
Hibernate: select count(bdct1_0.id) from bai_dang_cho_thue bdct1_0 where (? is null or bdct1_0.tinh_thanhpho like ? escape '') and (? is null or bdct1_0.phuong_xa like ? escape '') and (? is null or bdct1_0.gia_thang>=?) and (? is null or bdct1_0.gia_thang<=?) and (? is null or bdct1_0.dien_tich_m2>=?) and (? is null or bdct1_0.dien_tich_m2<=?) and (? is null or bdct1_0.trang_thai=?)
Hibernate: select u1_0.id,u1_0.avatar,u1_0.email,u1_0.fullname,u1_0.hash_password,u1_0.ngay_cap_nhat,u1_0.ngay_tao,u1_0.role,u1_0.so_dien_thoai from user u1_0 where u1_0.email=?
Hibernate: select bdct1_0.id,bdct1_0.dia_chi_day_du,bdct1_0.dien_tich_m2,bdct1_0.gia_thang,bdct1_0.kinh_do,bdct1_0.mo_ta,bdct1_0.ngay_cap_nhat,bdct1_0.ngay_co_the_vao_o,bdct1_0.ngay_dang,bdct1_0.id_nguoi_dang,bdct1_0.phuong_xa,bdct1_0.tieu_de,bdct1_0.tinh_thanhpho,bdct1_0.trang_thai,bdct1_0.vi_do from bai_dang_cho_thue bdct1_0 where (? is null or bdct1_0.tinh_thanhpho like ? escape '') and (? is null or bdct1_0.phuong_xa like ? escape '') and (? is null or bdct1_0.gia_thang>=?) and (? is null or bdct1_0.gia_thang<=?) and (? is null or bdct1_0.dien_tich_m2>=?) and (? is null or bdct1_0.dien_tich_m2<=?) and (? is null or bdct1_0.trang_thai=?) order by bdct1_0.ngay_dang desc
Hibernate: select count(bdct1_0.id) from bai_dang_cho_thue bdct1_0 where (? is null or bdct1_0.tinh_thanhpho like ? escape '') and (? is null or bdct1_0.phuong_xa like ? escape '') and (? is null or bdct1_0.gia_thang>=?) and (? is null or bdct1_0.gia_thang<=?) and (? is null or bdct1_0.dien_tich_m2>=?) and (? is null or bdct1_0.dien_tich_m2<=?) and (? is null or bdct1_0.trang_thai=?)
Hibernate: select u1_0.id,u1_0.avatar,u1_0.email,u1_0.fullname,u1_0.hash_password,u1_0.ngay_cap_nhat,u1_0.ngay_tao,u1_0.role,u1_0.so_dien_thoai from user u1_0 where u1_0.email=?
Hibernate: select bdct1_0.id,bdct1_0.dia_chi_day_du,bdct1_0.dien_tich_m2,bdct1_0.gia_thang,bdct1_0.kinh_do,bdct1_0.mo_ta,bdct1_0.ngay_cap_nhat,bdct1_0.ngay_co_the_vao_o,bdct1_0.ngay_dang,bdct1_0.id_nguoi_dang,bdct1_0.phuong_xa,bdct1_0.tieu_de,bdct1_0.tinh_thanhpho,bdct1_0.trang_thai,bdct1_0.vi_do from bai_dang_cho_thue bdct1_0 where (? is null or bdct1_0.tinh_thanhpho like ? escape '') and (? is null or bdct1_0.phuong_xa like ? escape '') and (? is null or bdct1_0.gia_thang>=?) and (? is null or bdct1_0.gia_thang<=?) and (? is null or bdct1_0.dien_tich_m2>=?) and (? is null or bdct1_0.dien_tich_m2<=?) and (? is null or bdct1_0.trang_thai=?) order by bdct1_0.ngay_dang desc
Hibernate: select count(bdct1_0.id) from bai_dang_cho_thue bdct1_0 where (? is null or bdct1_0.tinh_thanhpho like ? escape '') and (? is null or bdct1_0.phuong_xa like ? escape '') and (? is null or bdct1_0.gia_thang>=?) and (? is null or bdct1_0.gia_thang<=?) and (? is null or bdct1_0.dien_tich_m2>=?) and (? is null or bdct1_0.dien_tich_m2<=?) and (? is null or bdct1_0.trang_thai=?)
Hibernate: select u1_0.id,u1_0.avatar,u1_0.email,u1_0.fullname,u1_0.hash_password,u1_0.ngay_cap_nhat,u1_0.ngay_tao,u1_0.role,u1_0.so_dien_thoai from user u1_0 where u1_0.email=?
Hibernate: select bdct1_0.id,bdct1_0.dia_chi_day_du,bdct1_0.dien_tich_m2,bdct1_0.gia_thang,bdct1_0.kinh_do,bdct1_0.mo_ta,bdct1_0.ngay_cap_nhat,bdct1_0.ngay_co_the_vao_o,bdct1_0.ngay_dang,bdct1_0.id_nguoi_dang,bdct1_0.phuong_xa,bdct1_0.tieu_de,bdct1_0.tinh_thanhpho,bdct1_0.trang_thai,bdct1_0.vi_do from bai_dang_cho_thue bdct1_0 where (? is null or bdct1_0.tinh_thanhpho like ? escape '') and (? is null or bdct1_0.phuong_xa like ? escape '') and (? is null or bdct1_0.gia_thang>=?) and (? is null or bdct1_0.gia_thang<=?) and (? is null or bdct1_0.dien_tich_m2>=?) and (? is null or bdct1_0.dien_tich_m2<=?) and (? is null or bdct1_0.trang_thai=?) order by bdct1_0.ngay_dang desc
Hibernate: select count(bdct1_0.id) from bai_dang_cho_thue bdct1_0 where (? is null or bdct1_0.tinh_thanhpho like ? escape '') and (? is null or bdct1_0.phuong_xa like ? escape '') and (? is null or bdct1_0.gia_thang>=?) and (? is null or bdct1_0.gia_thang<=?) and (? is null or bdct1_0.dien_tich_m2>=?) and (? is null or bdct1_0.dien_tich_m2<=?) and (? is null or bdct1_0.trang_thai=?)
Hibernate: select u1_0.id,u1_0.avatar,u1_0.email,u1_0.fullname,u1_0.hash_password,u1_0.ngay_cap_nhat,u1_0.ngay_tao,u1_0.role,u1_0.so_dien_thoai from user u1_0 where u1_0.email=?
Hibernate: select bdct1_0.id,bdct1_0.dia_chi_day_du,bdct1_0.dien_tich_m2,bdct1_0.gia_thang,bdct1_0.kinh_do,bdct1_0.mo_ta,bdct1_0.ngay_cap_nhat,bdct1_0.ngay_co_the_vao_o,bdct1_0.ngay_dang,bdct1_0.id_nguoi_dang,bdct1_0.phuong_xa,bdct1_0.tieu_de,bdct1_0.tinh_thanhpho,bdct1_0.trang_thai,bdct1_0.vi_do from bai_dang_cho_thue bdct1_0 where (? is null or bdct1_0.tinh_thanhpho like ? escape '') and (? is null or bdct1_0.phuong_xa like ? escape '') and (? is null or bdct1_0.gia_thang>=?) and (? is null or bdct1_0.gia_thang<=?) and (? is null or bdct1_0.dien_tich_m2>=?) and (? is null or bdct1_0.dien_tich_m2<=?) and (? is null or bdct1_0.trang_thai=?) order by bdct1_0.ngay_dang desc
Hibernate: select count(bdct1_0.id) from bai_dang_cho_thue bdct1_0 where (? is null or bdct1_0.tinh_thanhpho like ? escape '') and (? is null or bdct1_0.phuong_xa like ? escape '') and (? is null or bdct1_0.gia_thang>=?) and (? is null or bdct1_0.gia_thang<=?) and (? is null or bdct1_0.dien_tich_m2>=?) and (? is null or bdct1_0.dien_tich_m2<=?) and (? is null or bdct1_0.trang_thai=?)
Hibernate: select u1_0.id,u1_0.avatar,u1_0.email,u1_0.fullname,u1_0.hash_password,u1_0.ngay_cap_nhat,u1_0.ngay_tao,u1_0.role,u1_0.so_dien_thoai from user u1_0 where u1_0.email=?
Hibernate: select bdct1_0.id,bdct1_0.dia_chi_day_du,bdct1_0.dien_tich_m2,bdct1_0.gia_thang,bdct1_0.kinh_do,bdct1_0.mo_ta,bdct1_0.ngay_cap_nhat,bdct1_0.ngay_co_the_vao_o,bdct1_0.ngay_dang,bdct1_0.id_nguoi_dang,bdct1_0.phuong_xa,bdct1_0.tieu_de,bdct1_0.tinh_thanhpho,bdct1_0.trang_thai,bdct1_0.vi_do from bai_dang_cho_thue bdct1_0 where (? is null or bdct1_0.tinh_thanhpho like ? escape '') and (? is null or bdct1_0.phuong_xa like ? escape '') and (? is null or bdct1_0.gia_thang>=?) and (? is null or bdct1_0.gia_thang<=?) and (? is null or bdct1_0.dien_tich_m2>=?) and (? is null or bdct1_0.dien_tich_m2<=?) and (? is null or bdct1_0.trang_thai=?) order by bdct1_0.ngay_dang desc
Hibernate: select count(bdct1_0.id) from bai_dang_cho_thue bdct1_0 where (? is null or bdct1_0.tinh_thanhpho like ? escape '') and (? is null or bdct1_0.phuong_xa like ? escape '') and (? is null or bdct1_0.gia_thang>=?) and (? is null or bdct1_0.gia_thang<=?) and (? is null or bdct1_0.dien_tich_m2>=?) and (? is null or bdct1_0.dien_tich_m2<=?) and (? is null or bdct1_0.trang_thai=?)
Hibernate: select u1_0.id,u1_0.avatar,u1_0.email,u1_0.fullname,u1_0.hash_password,u1_0.ngay_cap_nhat,u1_0.ngay_tao,u1_0.role,u1_0.so_dien_thoai from user u1_0 where u1_0.email=?
Hibernate: select bdct1_0.id,bdct1_0.dia_chi_day_du,bdct1_0.dien_tich_m2,bdct1_0.gia_thang,bdct1_0.kinh_do,bdct1_0.mo_ta,bdct1_0.ngay_cap_nhat,bdct1_0.ngay_co_the_vao_o,bdct1_0.ngay_dang,bdct1_0.id_nguoi_dang,bdct1_0.phuong_xa,bdct1_0.tieu_de,bdct1_0.tinh_thanhpho,bdct1_0.trang_thai,bdct1_0.vi_do from bai_dang_cho_thue bdct1_0 where (? is null or bdct1_0.tinh_thanhpho like ? escape '') and (? is null or bdct1_0.phuong_xa like ? escape '') and (? is null or bdct1_0.gia_thang>=?) and (? is null or bdct1_0.gia_thang<=?) and (? is null or bdct1_0.dien_tich_m2>=?) and (? is null or bdct1_0.dien_tich_m2<=?) and (? is null or bdct1_0.trang_thai=?) order by bdct1_0.ngay_dang desc
Hibernate: select count(bdct1_0.id) from bai_dang_cho_thue bdct1_0 where (? is null or bdct1_0.tinh_thanhpho like ? escape '') and (? is null or bdct1_0.phuong_xa like ? escape '') and (? is null or bdct1_0.gia_thang>=?) and (? is null or bdct1_0.gia_thang<=?) and (? is null or bdct1_0.dien_tich_m2>=?) and (? is null or bdct1_0.dien_tich_m2<=?) and (? is null or bdct1_0.trang_thai=?)
Hibernate: select u1_0.id,u1_0.avatar,u1_0.email,u1_0.fullname,u1_0.hash_password,u1_0.ngay_cap_nhat,u1_0.ngay_tao,u1_0.role,u1_0.so_dien_thoai from user u1_0 where u1_0.email=?
Hibernate: select bdct1_0.id,bdct1_0.dia_chi_day_du,bdct1_0.dien_tich_m2,bdct1_0.gia_thang,bdct1_0.kinh_do,bdct1_0.mo_ta,bdct1_0.ngay_cap_nhat,bdct1_0.ngay_co_the_vao_o,bdct1_0.ngay_dang,bdct1_0.id_nguoi_dang,bdct1_0.phuong_xa,bdct1_0.tieu_de,bdct1_0.tinh_thanhpho,bdct1_0.trang_thai,bdct1_0.vi_do from bai_dang_cho_thue bdct1_0 where (? is null or bdct1_0.tinh_thanhpho like ? escape '') and (? is null or bdct1_0.phuong_xa like ? escape '') and (? is null or bdct1_0.gia_thang>=?) and (? is null or bdct1_0.gia_thang<=?) and (? is null or bdct1_0.dien_tich_m2>=?) and (? is null or bdct1_0.dien_tich_m2<=?) and (? is null or bdct1_0.trang_thai=?) order by bdct1_0.ngay_dang desc
Hibernate: select count(bdct1_0.id) from bai_dang_cho_thue bdct1_0 where (? is null or bdct1_0.tinh_thanhpho like ? escape '') and (? is null or bdct1_0.phuong_xa like ? escape '') and (? is null or bdct1_0.gia_thang>=?) and (? is null or bdct1_0.gia_thang<=?) and (? is null or bdct1_0.dien_tich_m2>=?) and (? is null or bdct1_0.dien_tich_m2<=?) and (? is null or bdct1_0.trang_thai=?)
Hibernate: select u1_0.id,u1_0.avatar,u1_0.email,u1_0.fullname,u1_0.hash_password,u1_0.ngay_cap_nhat,u1_0.ngay_tao,u1_0.role,u1_0.so_dien_thoai from user u1_0 where u1_0.email=?
Hibernate: select bdct1_0.id,bdct1_0.dia_chi_day_du,bdct1_0.dien_tich_m2,bdct1_0.gia_thang,bdct1_0.kinh_do,bdct1_0.mo_ta,bdct1_0.ngay_cap_nhat,bdct1_0.ngay_co_the_vao_o,bdct1_0.ngay_dang,bdct1_0.id_nguoi_dang,bdct1_0.phuong_xa,bdct1_0.tieu_de,bdct1_0.tinh_thanhpho,bdct1_0.trang_thai,bdct1_0.vi_do from bai_dang_cho_thue bdct1_0 where (? is null or bdct1_0.tinh_thanhpho like ? escape '') and (? is null or bdct1_0.phuong_xa like ? escape '') and (? is null or bdct1_0.gia_thang>=?) and (? is null or bdct1_0.gia_thang<=?) and (? is null or bdct1_0.dien_tich_m2>=?) and (? is null or bdct1_0.dien_tich_m2<=?) and (? is null or bdct1_0.trang_thai=?) order by bdct1_0.ngay_dang desc
Hibernate: select count(bdct1_0.id) from bai_dang_cho_thue bdct1_0 where (? is null or bdct1_0.tinh_thanhpho like ? escape '') and (? is null or bdct1_0.phuong_xa like ? escape '') and (? is null or bdct1_0.gia_thang>=?) and (? is null or bdct1_0.gia_thang<=?) and (? is null or bdct1_0.dien_tich_m2>=?) and (? is null or bdct1_0.dien_tich_m2<=?) and (? is null or bdct1_0.trang_thai=?)
Hibernate: select u1_0.id,u1_0.avatar,u1_0.email,u1_0.fullname,u1_0.hash_password,u1_0.ngay_cap_nhat,u1_0.ngay_tao,u1_0.role,u1_0.so_dien_thoai from user u1_0 where u1_0.email=?
Hibernate: select bdct1_0.id,bdct1_0.dia_chi_day_du,bdct1_0.dien_tich_m2,bdct1_0.gia_thang,bdct1_0.kinh_do,bdct1_0.mo_ta,bdct1_0.ngay_cap_nhat,bdct1_0.ngay_co_the_vao_o,bdct1_0.ngay_dang,bdct1_0.id_nguoi_dang,bdct1_0.phuong_xa,bdct1_0.tieu_de,bdct1_0.tinh_thanhpho,bdct1_0.trang_thai,bdct1_0.vi_do from bai_dang_cho_thue bdct1_0 where (? is null or bdct1_0.tinh_thanhpho like ? escape '') and (? is null or bdct1_0.phuong_xa like ? escape '') and (? is null or bdct1_0.gia_thang>=?) and (? is null or bdct1_0.gia_thang<=?) and (? is null or bdct1_0.dien_tich_m2>=?) and (? is null or bdct1_0.dien_tich_m2<=?) and (? is null or bdct1_0.trang_thai=?) order by bdct1_0.ngay_dang desc
Hibernate: select count(bdct1_0.id) from bai_dang_cho_thue bdct1_0 where (? is null or bdct1_0.tinh_thanhpho like ? escape '') and (? is null or bdct1_0.phuong_xa like ? escape '') and (? is null or bdct1_0.gia_thang>=?) and (? is null or bdct1_0.gia_thang<=?) and (? is null or bdct1_0.dien_tich_m2>=?) and (? is null or bdct1_0.dien_tich_m2<=?) and (? is null or bdct1_0.trang_thai=?)
Hibernate: select u1_0.id,u1_0.avatar,u1_0.email,u1_0.fullname,u1_0.hash_password,u1_0.ngay_cap_nhat,u1_0.ngay_tao,u1_0.role,u1_0.so_dien_thoai from user u1_0 where u1_0.email=?
Hibernate: select bdct1_0.id,bdct1_0.dia_chi_day_du,bdct1_0.dien_tich_m2,bdct1_0.gia_thang,bdct1_0.kinh_do,bdct1_0.mo_ta,bdct1_0.ngay_cap_nhat,bdct1_0.ngay_co_the_vao_o,bdct1_0.ngay_dang,bdct1_0.id_nguoi_dang,bdct1_0.phuong_xa,bdct1_0.tieu_de,bdct1_0.tinh_thanhpho,bdct1_0.trang_thai,bdct1_0.vi_do from bai_dang_cho_thue bdct1_0 where (? is null or bdct1_0.tinh_thanhpho like ? escape '') and (? is null or bdct1_0.phuong_xa like ? escape '') and (? is null or bdct1_0.gia_thang>=?) and (? is null or bdct1_0.gia_thang<=?) and (? is null or bdct1_0.dien_tich_m2>=?) and (? is null or bdct1_0.dien_tich_m2<=?) and (? is null or bdct1_0.trang_thai=?) order by bdct1_0.ngay_dang desc
Hibernate: select count(bdct1_0.id) from bai_dang_cho_thue bdct1_0 where (? is null or bdct1_0.tinh_thanhpho like ? escape '') and (? is null or bdct1_0.phuong_xa like ? escape '') and (? is null or bdct1_0.gia_thang>=?) and (? is null or bdct1_0.gia_thang<=?) and (? is null or bdct1_0.dien_tich_m2>=?) and (? is null or bdct1_0.dien_tich_m2<=?) and (? is null or bdct1_0.trang_thai=?)
Hibernate: select u1_0.id,u1_0.avatar,u1_0.email,u1_0.fullname,u1_0.hash_password,u1_0.ngay_cap_nhat,u1_0.ngay_tao,u1_0.role,u1_0.so_dien_thoai from user u1_0 where u1_0.email=?
Hibernate: select bdct1_0.id,bdct1_0.dia_chi_day_du,bdct1_0.dien_tich_m2,bdct1_0.gia_thang,bdct1_0.kinh_do,bdct1_0.mo_ta,bdct1_0.ngay_cap_nhat,bdct1_0.ngay_co_the_vao_o,bdct1_0.ngay_dang,bdct1_0.id_nguoi_dang,bdct1_0.phuong_xa,bdct1_0.tieu_de,bdct1_0.tinh_thanhpho,bdct1_0.trang_thai,bdct1_0.vi_do from bai_dang_cho_thue bdct1_0 where (? is null or bdct1_0.tinh_thanhpho like ? escape '') and (? is null or bdct1_0.phuong_xa like ? escape '') and (? is null or bdct1_0.gia_thang>=?) and (? is null or bdct1_0.gia_thang<=?) and (? is null or bdct1_0.dien_tich_m2>=?) and (? is null or bdct1_0.dien_tich_m2<=?) and (? is null or bdct1_0.trang_thai=?) order by bdct1_0.ngay_dang desc
Hibernate: select count(bdct1_0.id) from bai_dang_cho_thue bdct1_0 where (? is null or bdct1_0.tinh_thanhpho like ? escape '') and (? is null or bdct1_0.phuong_xa like ? escape '') and (? is null or bdct1_0.gia_thang>=?) and (? is null or bdct1_0.gia_thang<=?) and (? is null or bdct1_0.dien_tich_m2>=?) and (? is null or bdct1_0.dien_tich_m2<=?) and (? is null or bdct1_0.trang_thai=?)
Hibernate: select u1_0.id,u1_0.avatar,u1_0.email,u1_0.fullname,u1_0.hash_password,u1_0.ngay_cap_nhat,u1_0.ngay_tao,u1_0.role,u1_0.so_dien_thoai from user u1_0 where u1_0.email=?
Hibernate: select bdct1_0.id,bdct1_0.dia_chi_day_du,bdct1_0.dien_tich_m2,bdct1_0.gia_thang,bdct1_0.kinh_do,bdct1_0.mo_ta,bdct1_0.ngay_cap_nhat,bdct1_0.ngay_co_the_vao_o,bdct1_0.ngay_dang,bdct1_0.id_nguoi_dang,bdct1_0.phuong_xa,bdct1_0.tieu_de,bdct1_0.tinh_thanhpho,bdct1_0.trang_thai,bdct1_0.vi_do from bai_dang_cho_thue bdct1_0 where (? is null or bdct1_0.tinh_thanhpho like ? escape '') and (? is null or bdct1_0.phuong_xa like ? escape '') and (? is null or bdct1_0.gia_thang>=?) and (? is null or bdct1_0.gia_thang<=?) and (? is null or bdct1_0.dien_tich_m2>=?) and (? is null or bdct1_0.dien_tich_m2<=?) and (? is null or bdct1_0.trang_thai=?) order by bdct1_0.ngay_dang desc
Hibernate: select count(bdct1_0.id) from bai_dang_cho_thue bdct1_0 where (? is null or bdct1_0.tinh_thanhpho like ? escape '') and (? is null or bdct1_0.phuong_xa like ? escape '') and (? is null or bdct1_0.gia_thang>=?) and (? is null or bdct1_0.gia_thang<=?) and (? is null or bdct1_0.dien_tich_m2>=?) and (? is null or bdct1_0.dien_tich_m2<=?) and (? is null or bdct1_0.trang_thai=?)
Hibernate: select u1_0.id,u1_0.avatar,u1_0.email,u1_0.fullname,u1_0.hash_password,u1_0.ngay_cap_nhat,u1_0.ngay_tao,u1_0.role,u1_0.so_dien_thoai from user u1_0 where u1_0.email=?
Hibernate: select bdct1_0.id,bdct1_0.dia_chi_day_du,bdct1_0.dien_tich_m2,bdct1_0.gia_thang,bdct1_0.kinh_do,bdct1_0.mo_ta,bdct1_0.ngay_cap_nhat,bdct1_0.ngay_co_the_vao_o,bdct1_0.ngay_dang,bdct1_0.id_nguoi_dang,bdct1_0.phuong_xa,bdct1_0.tieu_de,bdct1_0.tinh_thanhpho,bdct1_0.trang_thai,bdct1_0.vi_do from bai_dang_cho_thue bdct1_0 where (? is null or bdct1_0.tinh_thanhpho like ? escape '') and (? is null or bdct1_0.phuong_xa like ? escape '') and (? is null or bdct1_0.gia_thang>=?) and (? is null or bdct1_0.gia_thang<=?) and (? is null or bdct1_0.dien_tich_m2>=?) and (? is null or bdct1_0.dien_tich_m2<=?) and (? is null or bdct1_0.trang_thai=?) order by bdct1_0.ngay_dang desc
Hibernate: select count(bdct1_0.id) from bai_dang_cho_thue bdct1_0 where (? is null or bdct1_0.tinh_thanhpho like ? escape '') and (? is null or bdct1_0.phuong_xa like ? escape '') and (? is null or bdct1_0.gia_thang>=?) and (? is null or bdct1_0.gia_thang<=?) and (? is null or bdct1_0.dien_tich_m2>=?) and (? is null or bdct1_0.dien_tich_m2<=?) and (? is null or bdct1_0.trang_thai=?)
Hibernate: select u1_0.id,u1_0.avatar,u1_0.email,u1_0.fullname,u1_0.hash_password,u1_0.ngay_cap_nhat,u1_0.ngay_tao,u1_0.role,u1_0.so_dien_thoai from user u1_0 where u1_0.email=?
Hibernate: select bdct1_0.id,bdct1_0.dia_chi_day_du,bdct1_0.dien_tich_m2,bdct1_0.gia_thang,bdct1_0.kinh_do,bdct1_0.mo_ta,bdct1_0.ngay_cap_nhat,bdct1_0.ngay_co_the_vao_o,bdct1_0.ngay_dang,bdct1_0.id_nguoi_dang,bdct1_0.phuong_xa,bdct1_0.tieu_de,bdct1_0.tinh_thanhpho,bdct1_0.trang_thai,bdct1_0.vi_do from bai_dang_cho_thue bdct1_0 where (? is null or bdct1_0.tinh_thanhpho like ? escape '') and (? is null or bdct1_0.phuong_xa like ? escape '') and (? is null or bdct1_0.gia_thang>=?) and (? is null or bdct1_0.gia_thang<=?) and (? is null or bdct1_0.dien_tich_m2>=?) and (? is null or bdct1_0.dien_tich_m2<=?) and (? is null or bdct1_0.trang_thai=?) order by bdct1_0.ngay_dang desc
Hibernate: select count(bdct1_0.id) from bai_dang_cho_thue bdct1_0 where (? is null or bdct1_0.tinh_thanhpho like ? escape '') and (? is null or bdct1_0.phuong_xa like ? escape '') and (? is null or bdct1_0.gia_thang>=?) and (? is null or bdct1_0.gia_thang<=?) and (? is null or bdct1_0.dien_tich_m2>=?) and (? is null or bdct1_0.dien_tich_m2<=?) and (? is null or bdct1_0.trang_thai=?)
Hibernate: select u1_0.id,u1_0.avatar,u1_0.email,u1_0.fullname,u1_0.hash_password,u1_0.ngay_cap_nhat,u1_0.ngay_tao,u1_0.role,u1_0.so_dien_thoai from user u1_0 where u1_0.email=?
Hibernate: select bdct1_0.id,bdct1_0.dia_chi_day_du,bdct1_0.dien_tich_m2,bdct1_0.gia_thang,bdct1_0.kinh_do,bdct1_0.mo_ta,bdct1_0.ngay_cap_nhat,bdct1_0.ngay_co_the_vao_o,bdct1_0.ngay_dang,bdct1_0.id_nguoi_dang,bdct1_0.phuong_xa,bdct1_0.tieu_de,bdct1_0.tinh_thanhpho,bdct1_0.trang_thai,bdct1_0.vi_do from bai_dang_cho_thue bdct1_0 where (? is null or bdct1_0.tinh_thanhpho like ? escape '') and (? is null or bdct1_0.phuong_xa like ? escape '') and (? is null or bdct1_0.gia_thang>=?) and (? is null or bdct1_0.gia_thang<=?) and (? is null or bdct1_0.dien_tich_m2>=?) and (? is null or bdct1_0.dien_tich_m2<=?) and (? is null or bdct1_0.trang_thai=?) order by bdct1_0.ngay_dang desc
Hibernate: select count(bdct1_0.id) from bai_dang_cho_thue bdct1_0 where (? is null or bdct1_0.tinh_thanhpho like ? escape '') and (? is null or bdct1_0.phuong_xa like ? escape '') and (? is null or bdct1_0.gia_thang>=?) and (? is null or bdct1_0.gia_thang<=?) and (? is null or bdct1_0.dien_tich_m2>=?) and (? is null or bdct1_0.dien_tich_m2<=?) and (? is null or bdct1_0.trang_thai=?)
Hibernate: select u1_0.id,u1_0.avatar,u1_0.email,u1_0.fullname,u1_0.hash_password,u1_0.ngay_cap_nhat,u1_0.ngay_tao,u1_0.role,u1_0.so_dien_thoai from user u1_0 where u1_0.email=?
Hibernate: select bdct1_0.id,bdct1_0.dia_chi_day_du,bdct1_0.dien_tich_m2,bdct1_0.gia_thang,bdct1_0.kinh_do,bdct1_0.mo_ta,bdct1_0.ngay_cap_nhat,bdct1_0.ngay_co_the_vao_o,bdct1_0.ngay_dang,bdct1_0.id_nguoi_dang,bdct1_0.phuong_xa,bdct1_0.tieu_de,bdct1_0.tinh_thanhpho,bdct1_0.trang_thai,bdct1_0.vi_do from bai_dang_cho_thue bdct1_0 where (? is null or bdct1_0.tinh_thanhpho like ? escape '') and (? is null or bdct1_0.phuong_xa like ? escape '') and (? is null or bdct1_0.gia_thang>=?) and (? is null or bdct1_0.gia_thang<=?) and (? is null or bdct1_0.dien_tich_m2>=?) and (? is null or bdct1_0.dien_tich_m2<=?) and (? is null or bdct1_0.trang_thai=?) order by bdct1_0.ngay_dang desc
Hibernate: select count(bdct1_0.id) from bai_dang_cho_thue bdct1_0 where (? is null or bdct1_0.tinh_thanhpho like ? escape '') and (? is null or bdct1_0.phuong_xa like ? escape '') and (? is null or bdct1_0.gia_thang>=?) and (? is null or bdct1_0.gia_thang<=?) and (? is null or bdct1_0.dien_tich_m2>=?) and (? is null or bdct1_0.dien_tich_m2<=?) and (? is null or bdct1_0.trang_thai=?)
